customer_id,customer_name,email,country,signup_date,customer_segment,lifetime_value
1,Sydney Taylor,sydney.taylor@shopmail.com,France,2022-07-22,Premium,21794.03
2,Tammy Dalton,tammy.dalton@customer.net,Australia,2022-09-26,Standard,1062.93
3,Jennifer Whitney,jennifer.whitney@customer.net,USA,2020-02-04,Standard,3117.67
4,Tammy Ballard,tammy.ballard@ecommerce.io,USA,2022-10-25,Standard,4252.63
5,Michael Gibbs,michael.gibbs@shopmail.com,USA,2020-07-16,Standard,3097.54
6,Alexander Herrera,alexander.herrera@ecommerce.io,India,2021-12-26,Standard,2069.30
7,Shawn Chambers,shawn.chambers@ecommerce.io,Germany,2022-07-29,Standard,3260.01
8,Emily Richards,emily.richards@shopmail.com,Canada,2023-11-01,Basic,845.26
9,Lynn Bentley,lynn.bentley@example.com,USA,2022-04-10,Premium,22066.88
10,Daniel Hall,daniel.hall@example.com,Australia,2020-01-20,Standard,3811.38
11,Angel Henson,angel.henson@customer.net,Australia,2024-05-25,Premium,19907.18
12,Anna Herman,anna.herman@example.com,France,2020-03-28,Basic,306.79
13,Jeffrey Brown,jeffrey.brown@customer.net,Canada,2020-04-05,Basic,931.74
14,Madison Blankenship,madison.blankenship@ecommerce.io,France,2023-02-28,Standard,3632.44
15,Kevin Ortiz,kevin.ortiz@ecommerce.io,USA,2021-02-28,Premium,31416.62
16,Donald Shah,donald.shah@customer.net,USA,2021-09-04,Basic,246.21
17,Kevin Vasquez,kevin.vasquez@customer.net,Australia,2023-01-12,Standard,2326.92
18,Colton Clay,colton.clay@shopmail.com,India,2023-11-12,Basic,751.75
19,Derek Chavez,derek.chavez@ecommerce.io,USA,2020-07-19,Standard,2748.35
20,Ellen Paul,ellen.paul@ecommerce.io,France,2024-04-23,Basic,652.48
21,Sonya Barnes,sonya.barnes@ecommerce.io,USA,2023-07-22,Standard,2093.31
22,Julia Moore,julia.moore@customer.net,UK,2021-12-29,Basic,597.73
23,Robert Garcia,robert.garcia@shopmail.com,Australia,2023-04-14,Standard,3642.69
24,Tracy Russell,tracy.russell@ecommerce.io,India,2021-05-19,Premium,37089.88
25,Stephanie Johnson,stephanie.johnson@shopmail.com,Germany,2023-12-28,Premium,40275.06
26,Mitchell Ramos,mitchell.ramos@customer.net,Canada,2022-01-08,Premium,9794.79
27,Stephanie Foley,stephanie.foley@ecommerce.io,Germany,2022-01-07,Premium,39260.59
28,Cory Jennings,cory.jennings@example.com,UK,2022-06-01,Premium,25197.97
29,Amy Levine,amy.levine@customer.net,USA,2020-02-23,Standard,1358.48
30,Michael Sanders,michael.sanders@ecommerce.io,India,2022-02-27,Standard,1049.36
31,James Martinez,james.martinez@example.com,Australia,2023-02-19,Standard,4620.83
32,Melanie Gibson,melanie.gibson@shopmail.com,Australia,2022-02-18,Basic,252.55
33,Elizabeth May,elizabeth.may@ecommerce.io,Germany,2020-10-25,Standard,1253.07
34,Carla Smith,carla.smith@customer.net,Canada,2022-09-18,Standard,4130.67
35,Kristin Sanchez,kristin.sanchez@shopmail.com,Australia,2023-07-04,Standard,2983.21
36,David Cunningham,david.cunningham@customer.net,USA,2020-10-04,Standard,2218.63
37,Casey Hubbard,casey.hubbard@ecommerce.io,India,2023-06-24,Basic,441.90
38,Jamie Robinson,jamie.robinson@customer.net,Canada,2022-05-31,Basic,833.93
39,Molly Murphy,molly.murphy@shopmail.com,Canada,2021-10-18,Basic,642.89
40,Dylan Lester,dylan.lester@customer.net,Canada,2020-12-29,Standard,4858.30
41,Aaron Garrison,aaron.garrison@ecommerce.io,Australia,2023-11-24,Basic,669.61
42,Duane Anderson,duane.anderson@shopmail.com,Canada,2022-02-09,Basic,352.27
43,John Thompson,john.thompson@ecommerce.io,USA,2023-02-28,Basic,279.82
44,Donna Johnson,donna.johnson@shopmail.com,Australia,2024-04-21,Basic,595.09
45,Alexis Tyler,alexis.tyler@customer.net,Australia,2021-03-05,Basic,494.61
46,John Morris,john.morris@example.com,India,2024-10-02,Standard,4182.63
47,Grant Williams,grant.williams@customer.net,UK,2023-07-21,Standard,2211.33
48,Judy Fox,judy.fox@shopmail.com,Australia,2022-05-16,Standard,4156.31
49,Julie Alvarez,julie.alvarez@customer.net,France,2022-03-31,Premium,29046.53
50,Kimberly Palmer,kimberly.palmer@customer.net,France,2020-03-16,Basic,811.65
51,Daniel Gordon,daniel.gordon@example.com,USA,2024-04-23,Standard,1992.92
52,Sonia Williams,sonia.williams@shopmail.com,Australia,2023-06-08,Standard,1177.19
53,Krista Camacho,krista.camacho@customer.net,India,2021-11-10,Basic,969.15
54,Adrienne Ellis,adrienne.ellis@example.com,USA,2021-06-13,Standard,1888.00
55,Tamara Brown,tamara.brown@shopmail.com,Germany,2022-02-05,Basic,452.02
56,Timothy Morales,timothy.morales@shopmail.com,Canada,2020-02-20,Basic,534.49
57,Gina Henry,gina.henry@example.com,USA,2024-08-29,Standard,4762.70
58,Renee Jones,renee.jones@ecommerce.io,Canada,2022-07-21,Premium,40292.15
59,Christopher Franklin,christopher.franklin@ecommerce.io,Germany,2020-07-18,Standard,2752.66
60,Cameron Hill,cameron.hill@ecommerce.io,USA,2021-09-06,Standard,1178.73
61,Cynthia Kelley,cynthia.kelley@example.com,India,2021-12-03,Basic,683.17
62,Mark Vang,mark.vang@shopmail.com,Australia,2021-05-14,Standard,3063.98
63,Alyssa Chavez,alyssa.chavez@ecommerce.io,France,2022-05-23,Standard,4833.85
64,Catherine Garcia,catherine.garcia@customer.net,Australia,2021-01-12,Standard,1745.55
65,Jacqueline Farrell,jacqueline.farrell@customer.net,USA,2024-02-19,Standard,3456.43
66,Debra Mack,debra.mack@customer.net,Germany,2020-01-10,Premium,36713.10
67,Jennifer Lewis,jennifer.lewis@example.com,France,2020-07-27,Standard,4198.01
68,Shannon Perez,shannon.perez@ecommerce.io,Canada,2021-02-07,Standard,2830.20
69,Matthew Chavez,matthew.chavez@customer.net,France,2023-08-01,Standard,2253.62
70,Robert Davis,robert.davis@customer.net,France,2020-08-21,Standard,2391.70
71,Ronald Ortega,ronald.ortega@shopmail.com,India,2023-10-11,Basic,735.39
72,Nicholas Hernandez,nicholas.hernandez@example.com,Australia,2020-10-01,Standard,2252.74
73,Sandra Jones,sandra.jones@example.com,UK,2022-02-03,Standard,3773.75
74,Marie Davis,marie.davis@customer.net,France,2020-10-09,Standard,3299.22
75,Colin Rodgers,colin.rodgers@customer.net,Australia,2023-01-05,Standard,3773.73
76,Lisa Hawkins,lisa.hawkins@shopmail.com,France,2020-12-07,Standard,2958.57
77,Brenda Hoffman,brenda.hoffman@ecommerce.io,India,2022-07-12,Premium,32873.45
78,Mark Martinez,mark.martinez@example.com,Germany,2020-10-06,Basic,275.62
79,Michael Ortega,michael.ortega@customer.net,Germany,2023-11-03,Standard,2966.90
80,Karen Parrish,karen.parrish@customer.net,Germany,2020-12-08,Basic,174.40
81,Jennifer Schmitt,jennifer.schmitt@shopmail.com,Canada,2020-03-07,Premium,17368.38
82,Caroline Bell,caroline.bell@shopmail.com,India,2022-07-25,Standard,3262.60
83,Becky Lewis,becky.lewis@customer.net,France,2022-11-12,Basic,201.89
84,Diane Walker,diane.walker@ecommerce.io,France,2024-08-11,Premium,39055.38
85,Daniel Bruce,daniel.bruce@customer.net,France,2021-03-23,Basic,990.80
86,Michael Farmer,michael.farmer@shopmail.com,Canada,2024-11-26,Premium,49969.07
87,Audrey Aguirre,audrey.aguirre@ecommerce.io,India,2024-07-30,Standard,1347.93
88,Megan Villegas,megan.villegas@example.com,India,2024-07-20,Basic,313.25
89,Loretta Austin,loretta.austin@ecommerce.io,India,2023-12-26,Basic,649.24
90,Dawn Johnson,dawn.johnson@shopmail.com,India,2021-02-27,Standard,4254.12
91,Sarah Gallegos,sarah.gallegos@ecommerce.io,France,2021-07-29,Basic,637.17
92,Joseph White,joseph.white@ecommerce.io,Canada,2023-03-18,Premium,17030.44
93,Jacqueline Parker,jacqueline.parker@example.com,UK,2024-03-16,Basic,807.12
94,Matthew Smith,matthew.smith@ecommerce.io,India,2023-09-05,Basic,214.20
95,Molly Knight,molly.knight@shopmail.com,UK,2023-12-27,Basic,389.89
96,Richard Thomas,richard.thomas@customer.net,Germany,2020-10-18,Standard,3309.70
97,Cynthia Johnson,cynthia.johnson@customer.net,Germany,2022-07-14,Standard,1302.07
98,Julie Lewis,julie.lewis@example.com,Germany,2022-11-21,Basic,774.82
99,Robert Peterson,robert.peterson@ecommerce.io,Germany,2022-09-26,Standard,2309.16
100,Mitchell Griffith,mitchell.griffith@example.com,Australia,2022-07-27,Premium,33567.82
101,Kimberly Bradley,kimberly.bradley@example.com,India,2022-12-30,Standard,2590.86
102,Christopher Williams,christopher.williams@shopmail.com,Germany,2021-07-03,Basic,390.58
103,Eric Williamson,eric.williamson@shopmail.com,France,2024-10-11,Standard,2941.35
104,Emily Nelson,emily.nelson@example.com,USA,2020-07-22,Standard,3504.72
105,Ebony Tucker,ebony.tucker@example.com,USA,2024-10-22,Basic,242.19
106,Scott Nelson,scott.nelson@customer.net,UK,2023-11-11,Standard,4637.63
107,Kari Wilson,kari.wilson@ecommerce.io,UK,2024-11-25,Basic,939.45
108,Russell Campbell,russell.campbell@ecommerce.io,Canada,2020-06-17,Standard,2487.38
109,Erika Tucker,erika.tucker@shopmail.com,USA,2022-03-22,Basic,663.04
110,Elizabeth Williams,elizabeth.williams@shopmail.com,Germany,2023-09-04,Basic,182.08
111,Randall Greene,randall.greene@shopmail.com,Germany,2020-06-08,Premium,10971.49
112,Adrian Turner,adrian.turner@customer.net,USA,2020-01-17,Standard,3782.39
329,Jason Taylor,jason.taylor@customer.net,Australia,2020-09-27,Basic,529.93
114,Jonathan Murphy,jonathan.murphy@example.com,Australia,2024-07-08,Standard,1409.71
115,Adrian Burgess,adrian.burgess@ecommerce.io,UK,2022-02-22,Standard,4093.84
116,Gregory James,gregory.james@shopmail.com,Australia,2023-10-18,Basic,228.57
117,Jane Mason,jane.mason@example.com,France,2023-08-24,Standard,1656.47
118,Martha Drake,martha.drake@shopmail.com,Australia,2024-03-12,Standard,1605.50
119,Charles Hensley,charles.hensley@customer.net,India,2021-03-20,Standard,1346.75
120,Bobby Smith,bobby.smith@example.com,France,2024-02-04,Premium,22281.44
121,Samantha Atkins,samantha.atkins@ecommerce.io,India,2020-10-13,Basic,323.01
122,Barbara Berry,barbara.berry@shopmail.com,France,2023-05-15,Standard,3400.03
123,Jenna Butler,jenna.butler@example.com,India,2024-09-30,Standard,3633.62
124,Darius Smith,darius.smith@shopmail.com,Australia,2022-03-13,Standard,2182.17
125,Mark Solis,mark.solis@shopmail.com,Germany,2022-03-01,Premium,10073.46
126,Christine Collier,christine.collier@example.com,France,2024-12-25,Standard,4910.79
127,Samantha Davis,samantha.davis@ecommerce.io,UK,2022-03-03,Basic,874.73
128,Megan Sanchez,megan.sanchez@ecommerce.io,France,2023-10-30,Standard,1691.08
129,Brianna Warren,brianna.warren@example.com,USA,2023-04-17,Standard,1270.13
130,Randy Collins,randy.collins@example.com,USA,2024-06-04,Standard,2591.90
131,Matthew Cook,matthew.cook@customer.net,Germany,2023-12-08,Standard,2609.11
132,Gary Dixon,gary.dixon@shopmail.com,Canada,2020-06-20,Standard,2239.63
133,Daniel Hicks,daniel.hicks@shopmail.com,India,2020-11-14,Standard,3145.56
134,Rebecca Bailey,rebecca.bailey@example.com,Canada,2023-12-01,Standard,2749.94
135,Jessica Fuentes,jessica.fuentes@shopmail.com,USA,2021-05-15,Basic,177.59
136,Lisa Young,lisa.young@customer.net,France,2023-05-31,Standard,1220.11
137,Dwayne Gonzalez,dwayne.gonzalez@shopmail.com,USA,2020-01-26,Standard,3831.60
138,Carrie Wolf,carrie.wolf@shopmail.com,Germany,2021-12-11,Basic,570.70
139,Diana Thompson,diana.thompson@ecommerce.io,UK,2022-01-31,Basic,214.24
140,Kendra Snyder,kendra.snyder@ecommerce.io,Australia,2024-12-20,Basic,206.25
141,Karen Wolf,karen.wolf@ecommerce.io,India,2022-05-29,Basic,344.78
142,Shane Glass,shane.glass@example.com,Germany,2022-07-21,Premium,27985.18
143,Anne Reid,anne.reid@shopmail.com,Canada,2020-11-18,Premium,16480.22
144,Claudia Lin,claudia.lin@example.com,UK,2024-02-26,Premium,27897.12
145,Courtney Hernandez,courtney.hernandez@example.com,UK,2020-04-04,Premium,26229.41
146,Carlos Ramos,carlos.ramos@shopmail.com,UK,2024-10-22,Standard,1141.45
147,Kevin Hill,kevin.hill@customer.net,UK,2021-10-21,Basic,323.44
148,Brian Romero,brian.romero@ecommerce.io,Canada,2024-08-18,Basic,170.10
149,Lance Hayes,lance.hayes@example.com,UK,2021-04-02,Standard,4217.35
150,Brian Decker,brian.decker@customer.net,USA,2024-12-01,Basic,518.58
151,Chase Lin,chase.lin@ecommerce.io,Canada,2020-06-25,Standard,3212.37
152,Melissa Gilbert,melissa.gilbert@shopmail.com,Canada,2023-02-28,Premium,40302.82
153,William Ford,william.ford@shopmail.com,Germany,2022-01-24,Basic,632.52
154,Angela Conner,angela.conner@shopmail.com,Australia,2023-01-24,Standard,4041.93
155,Paula Cole,paula.cole@example.com,Germany,2020-02-18,Standard,1931.99
156,Lisa Pearson,lisa.pearson@example.com,Canada,2020-01-03,Standard,4035.72
157,Marc Alvarez,marc.alvarez@ecommerce.io,USA,2021-02-24,Standard,3119.26
158,Edward Brown,edward.brown@customer.net,USA,2020-10-18,Standard,3846.61
159,Dale Nolan,dale.nolan@shopmail.com,India,2022-11-30,Premium,23587.56
160,Matthew Klein,matthew.klein@customer.net,Australia,2020-06-22,Basic,622.69
161,William Thompson,william.thompson@customer.net,USA,2023-04-27,Standard,3271.28
162,John Kim,john.kim@shopmail.com,UK,2021-08-20,Standard,2043.96
163,Scott Mills,scott.mills@customer.net,Australia,2024-08-30,Standard,3941.41
164,Erik Watson,erik.watson@ecommerce.io,UK,2020-06-01,Standard,4774.22
165,Justin Ortiz,justin.ortiz@example.com,UK,2020-08-04,Premium,12396.87
166,Matthew Harper,matthew.harper@customer.net,USA,2023-01-02,Standard,2433.15
167,Kristina Holland,kristina.holland@customer.net,Canada,2022-08-06,Basic,338.51
168,Cameron Davis,cameron.davis@shopmail.com,India,2023-11-06,Premium,18689.67
169,Erika Mitchell,erika.mitchell@example.com,UK,2024-09-07,Basic,870.92
170,Jennifer Douglas,jennifer.douglas@shopmail.com,Canada,2022-03-22,Premium,28105.69
171,Rebecca Marks,,India,2020-12-22,Standard,1124.33
172,Mathew Aguilar,mathew.aguilar@customer.net,France,2024-03-12,Standard,3200.48
173,Donald Bailey,donald.bailey@example.com,India,2024-06-13,Premium,11290.69
174,Tammy Hale,tammy.hale@shopmail.com,UK,2021-02-09,Premium,42065.30
175,Philip Larson,philip.larson@example.com,France,2023-04-15,Standard,2035.28
176,Sharon Collins,sharon.collins@example.com,USA,2021-02-08,Basic,912.25
177,Nicholas Conner,nicholas.conner@shopmail.com,USA,2024-10-01,Standard,4317.42
178,Lisa Santiago,lisa.santiago@example.com,Germany,2020-04-13,Standard,1671.96
179,Maria Rodgers,maria.rodgers@customer.net,Germany,2020-03-01,Standard,2530.92
180,Gina Fox,gina.fox@ecommerce.io,UK,2021-01-18,Standard,2099.93
181,Debbie Henderson,debbie.henderson@shopmail.com,USA,2023-06-11,Standard,3476.71
182,Michael Cox,michael.cox@ecommerce.io,Germany,2022-04-23,Standard,4531.11
183,Henry Lewis,henry.lewis@example.com,Canada,2022-02-23,Standard,1548.94
184,Stacey Tucker,stacey.tucker@shopmail.com,Australia,2024-06-30,Premium,29464.55
185,Jeremy Taylor,jeremy.taylor@customer.net,India,2023-12-31,Premium,21160.04
186,Chris Richard,chris.richard@customer.net,Canada,2023-03-04,Standard,3009.57
187,Craig Wise,craig.wise@shopmail.com,USA,2021-10-15,Standard,3388.47
188,Mary Stephenson,mary.stephenson@ecommerce.io,USA,2024-07-14,Premium,49618.91
189,Benjamin Rogers,benjamin.rogers@shopmail.com,UK,2020-07-24,Standard,1991.43
190,Katie Anderson,katie.anderson@example.com,India,2021-03-25,Standard,3302.77
191,Nicholas Martin,nicholas.martin@customer.net,Canada,2024-09-14,Basic,992.39
192,Marie Wise,marie.wise@shopmail.com,France,2021-10-13,Premium,41279.46
193,Lisa Martin,lisa.martin@example.com,Australia,2023-12-05,Standard,2406.73
194,Samuel Jenkins,samuel.jenkins@shopmail.com,France,2021-01-20,Standard,4346.79
195,Erica Young,erica.young@customer.net,France,2021-09-24,Basic,258.00
196,Sean Mitchell,sean.mitchell@example.com,UK,2023-05-17,Premium,14846.40
197,Kaitlyn Cole,kaitlyn.cole@example.com,Canada,2023-06-11,Standard,1805.86
198,Amanda Collins,amanda.collins@shopmail.com,India,2024-09-25,Premium,44069.77
199,Lindsey Harrison,lindsey.harrison@shopmail.com,France,2023-12-14,Premium,46275.09
200,Mary Richardson,mary.richardson@ecommerce.io,USA,2022-02-04,Basic,734.08
201,Stacey Joyce,stacey.joyce@example.com,Canada,2021-09-10,Standard,2290.41
202,Steven Campbell,steven.campbell@customer.net,India,2023-08-02,Basic,964.60
203,Patrick Rose,patrick.rose@shopmail.com,Australia,2023-02-24,Standard,3774.24
204,Tammy Montoya,tammy.montoya@ecommerce.io,UK,2023-09-25,Basic,630.06
205,Laurie Taylor,laurie.taylor@ecommerce.io,Australia,2023-11-11,Premium,18253.28
206,John Davidson,john.davidson@example.com,Australia,2023-03-19,Premium,22622.06
207,Morgan Spencer,morgan.spencer@example.com,UK,2023-05-18,Basic,386.40
208,Curtis Singleton,curtis.singleton@shopmail.com,Australia,2023-03-04,Basic,193.70
209,Melissa Mitchell,melissa.mitchell@ecommerce.io,Australia,2020-06-08,Standard,1951.98
210,Kathryn Nelson,kathryn.nelson@shopmail.com,Australia,2024-12-18,Basic,966.77
211,Rebecca Hernandez,rebecca.hernandez@ecommerce.io,Germany,2020-01-24,Basic,338.69
212,Samuel Potts,samuel.potts@example.com,Canada,2021-06-09,Standard,4148.08
213,Jeffrey Hayes,jeffrey.hayes@example.com,Germany,2022-06-16,Basic,759.33
214,Michael Johnson,michael.johnson@customer.net,Germany,2024-12-10,Basic,440.84
215,Brian Shaw,brian.shaw@example.com,India,2022-09-08,Standard,4154.92
216,Joe Vang,joe.vang@shopmail.com,UK,2022-07-13,Standard,1294.84
217,Nicholas Johnson,nicholas.johnson@ecommerce.io,USA,2021-10-14,Basic,335.01
218,Sarah Combs,sarah.combs@ecommerce.io,UK,2024-12-23,Premium,21895.60
219,Debra Moody,debra.moody@example.com,Canada,2023-05-01,Basic,986.75
220,Devin Mitchell,devin.mitchell@example.com,Germany,2023-08-31,Basic,248.50
221,Maria Horton,maria.horton@shopmail.com,USA,2020-07-26,Basic,397.99
222,Dominic Thornton,dominic.thornton@customer.net,Australia,2023-02-08,Basic,749.83
223,Shane Smith,shane.smith@ecommerce.io,Australia,2021-07-30,Basic,367.66
224,Christian Scott,christian.scott@customer.net,France,2023-01-30,Premium,42793.45
225,Mary Dunn,mary.dunn@ecommerce.io,USA,2022-05-25,Premium,8943.28
226,Jessica Rose,jessica.rose@customer.net,UK,2020-07-17,Basic,123.16
227,Daniel Roberts,daniel.roberts@ecommerce.io,USA,2022-08-27,Premium,42969.61
228,Kevin Williams,kevin.williams@customer.net,Germany,2022-09-28,Standard,4579.51
229,Robert Bauer,robert.bauer@customer.net,UK,2022-01-29,Standard,4541.97
230,Stephen Rodriguez,stephen.rodriguez@customer.net,USA,2021-06-23,Standard,2758.96
231,Rebecca Carlson,rebecca.carlson@ecommerce.io,France,2020-05-06,Standard,1604.52
232,Allen Robertson,allen.robertson@example.com,USA,2023-09-30,Standard,2375.17
233,John Thomas,john.thomas@shopmail.com,France,2020-05-04,Standard,4363.19
234,Ruben Mendez,ruben.mendez@customer.net,France,2023-11-08,Basic,880.20
235,John Butler,john.butler@shopmail.com,Germany,2021-09-04,Standard,1315.82
236,Elizabeth Miller,elizabeth.miller@example.com,France,2023-03-15,Basic,910.41
237,Theresa Jones,theresa.jones@shopmail.com,USA,2024-03-30,Basic,504.14
238,Alicia Romero,alicia.romero@shopmail.com,UK,2024-07-13,Basic,273.45
239,Vanessa Spencer,vanessa.spencer@example.com,Australia,2022-06-10,Premium,14086.37
240,Peter Harrison,peter.harrison@shopmail.com,India,2023-05-03,Basic,332.10
241,Cynthia Zavala,cynthia.zavala@example.com,USA,2022-03-05,Basic,600.73
242,Jon Smith,jon.smith@ecommerce.io,France,2022-07-27,Standard,4668.65
243,Kristina Cooper,kristina.cooper@customer.net,USA,2022-04-28,Premium,11733.90
244,Jessica Fuller,jessica.fuller@example.com,USA,2023-02-26,Standard,4118.18
245,Kelsey Moss,kelsey.moss@ecommerce.io,Germany,2021-06-24,Basic,444.74
246,Marvin Williams,marvin.williams@customer.net,USA,2020-12-18,Standard,2101.66
247,Amy Li,amy.li@customer.net,USA,2022-03-21,Premium,45030.84
248,Gregory Maxwell,gregory.maxwell@shopmail.com,USA,2024-03-07,Standard,2900.87
249,Steven Dominguez,steven.dominguez@ecommerce.io,USA,2021-11-22,Standard,4269.54
250,Crystal Cain,crystal.cain@ecommerce.io,India,2022-10-03,Standard,4432.94
251,Bryan Parsons,bryan.parsons@shopmail.com,UK,2021-09-07,Standard,4896.88
252,Stephen Carter,stephen.carter@ecommerce.io,Canada,2024-02-01,Standard,2667.09
253,Bradley Gonzalez,bradley.gonzalez@shopmail.com,Germany,2021-03-08,Standard,4653.73
254,Bobby Mahoney,bobby.mahoney@customer.net,India,2022-11-23,Standard,4468.76
255,Zachary Hays,zachary.hays@shopmail.com,USA,2021-09-29,Basic,738.61
256,Amy King,amy.king@example.com,UK,2021-01-29,Standard,4500.72
257,Karen Lee,karen.lee@example.com,UK,2020-03-08,Standard,2825.79
258,Michael Norman,michael.norman@shopmail.com,Canada,2022-01-24,Basic,841.16
259,Michelle Rivera,michelle.rivera@example.com,Australia,2020-03-03,Standard,1967.75
260,David Richardson,david.richardson@customer.net,UK,2024-11-17,Standard,2898.33
261,Pamela Paul,pamela.paul@ecommerce.io,UK,2024-09-11,Standard,4577.97
262,Patricia Hughes,patricia.hughes@example.com,Canada,2020-02-26,Basic,447.91
263,Terri Crawford,terri.crawford@shopmail.com,India,2021-03-29,Premium,34132.10
264,Tyler Glass,tyler.glass@ecommerce.io,Australia,2022-04-18,Standard,3053.12
265,April Owen,april.owen@example.com,Germany,2020-09-27,Basic,682.63
266,Jessica Miller,jessica.miller@example.com,UK,2021-05-31,Standard,3433.38
267,Carrie Short,carrie.short@ecommerce.io,Germany,2022-02-10,Basic,866.43
268,Amy Morris,amy.morris@shopmail.com,Germany,2021-09-10,Standard,3708.78
269,Christopher Guerrero,christopher.guerrero@customer.net,France,2020-07-28,Basic,106.61
270,Kirk Morrison,kirk.morrison@ecommerce.io,France,2023-08-18,Basic,634.40
271,Ronald Norris,ronald.norris@example.com,Germany,2020-05-10,Standard,2345.13
272,Michael Williams,michael.williams@ecommerce.io,India,2021-07-21,Standard,2044.59
273,Molly Gomez,molly.gomez@ecommerce.io,UK,2020-11-03,Basic,565.56
274,Whitney Hill,whitney.hill@example.com,India,2024-10-21,Standard,4209.45
275,Tina Gould,tina.gould@ecommerce.io,Australia,2020-10-13,Standard,3885.13
276,Charles Walsh,charles.walsh@ecommerce.io,Canada,2022-05-07,Standard,2618.40
277,Michael Owen,michael.owen@shopmail.com,Canada,2024-01-27,Basic,742.03
278,Erin Cisneros,erin.cisneros@customer.net,Australia,2022-01-04,Standard,3029.26
279,Douglas Lawson,douglas.lawson@shopmail.com,Canada,2020-07-18,Basic,523.70
280,Kimberly Johnson,kimberly.johnson@shopmail.com,Australia,2021-11-18,Basic,688.99
281,Carlos Osborne,carlos.osborne@shopmail.com,Australia,2024-11-19,Standard,2228.34
282,Michael Reyes,michael.reyes@ecommerce.io,Canada,2021-06-17,Basic,627.01
283,Ashley Jacobs,ashley.jacobs@example.com,Germany,2020-04-19,Standard,4465.57
284,Erika Rush,erika.rush@example.com,Germany,2024-12-26,Standard,1778.18
285,Nathan Hines,nathan.hines@customer.net,France,2021-09-03,Premium,23589.83
286,Audrey Moreno,audrey.moreno@shopmail.com,UK,2021-02-14,Basic,408.40
287,Raymond Banks,raymond.banks@customer.net,UK,2021-10-09,Basic,876.15
288,John Wilson,john.wilson@example.com,Germany,2021-11-12,Premium,33396.47
289,Jill Porter,jill.porter@example.com,USA,2022-07-14,Premium,17308.75
290,Paul Hoffman,paul.hoffman@shopmail.com,France,2024-04-14,Basic,242.59
291,Jose Green,jose.green@example.com,UK,2023-06-12,Basic,490.34
292,Sean Davies,sean.davies@customer.net,Germany,2022-02-24,Standard,1018.68
293,Justin Hendricks,justin.hendricks@ecommerce.io,USA,2024-12-31,Standard,2288.85
294,Travis Martinez,travis.martinez@shopmail.com,USA,2023-10-17,Basic,103.71
295,Melissa Hayes,melissa.hayes@shopmail.com,Australia,2024-12-01,Basic,409.91
296,Rachel Wallace,rachel.wallace@customer.net,France,2023-04-20,Premium,18775.18
297,Christopher Fleming,christopher.fleming@example.com,Canada,2021-08-18,Premium,25516.68
298,Megan Flores,megan.flores@ecommerce.io,Germany,2024-12-23,Standard,3747.12
299,Michael Brown,michael.brown@customer.net,Canada,2024-03-16,Premium,13479.17
300,Amber Vance,amber.vance@customer.net,USA,2021-04-12,Basic,301.89
301,Melissa Joseph,melissa.joseph@shopmail.com,Australia,2020-02-14,Basic,630.72
302,Sara Little,sara.little@ecommerce.io,Australia,2023-08-25,Premium,40645.72
303,Laura Hicks,laura.hicks@ecommerce.io,India,2022-12-31,Standard,3492.54
304,David Harris,david.harris@example.com,Australia,2020-08-09,Standard,3614.27
305,Dominic Tyler,dominic.tyler@example.com,Germany,2022-06-28,Premium,22111.42
306,Anthony Spencer,anthony.spencer@customer.net,Australia,2020-11-09,Standard,1821.98
307,Miguel Lara,miguel.lara@example.com,Canada,2022-05-11,Standard,3646.66
308,Andrea Salazar,andrea.salazar@ecommerce.io,France,2023-05-25,Standard,3802.91
309,Christopher Parker,christopher.parker@example.com,France,2024-01-12,Standard,3470.79
310,Yvonne Higgins,yvonne.higgins@example.com,Germany,2021-02-10,Standard,3436.01
311,Alicia Hammond,alicia.hammond@shopmail.com,Canada,2023-12-11,Basic,468.78
312,Madeline Jones,madeline.jones@customer.net,UK,2023-11-10,Premium,46990.60
313,Teresa Day,teresa.day@example.com,USA,2023-10-07,Standard,1356.01
314,Shannon Frazier,shannon.frazier@customer.net,UK,2020-07-03,Premium,40078.68
315,Melvin Humphrey,melvin.humphrey@example.com,Canada,2023-08-12,Premium,15402.21
316,Kimberly Bowman,kimberly.bowman@ecommerce.io,Canada,2022-08-08,Basic,145.07
317,Hunter Burch,hunter.burch@example.com,India,2021-08-18,Basic,424.19
318,Ryan Bartlett,ryan.bartlett@customer.net,Australia,2020-08-25,Standard,1379.99
319,Brian Martinez,brian.martinez@example.com,USA,2024-10-10,Basic,224.55
320,Eric Martin,eric.martin@ecommerce.io,Canada,2022-06-15,Standard,4820.36
321,Marcus Fletcher,marcus.fletcher@example.com,Canada,2024-07-27,Standard,2370.89
322,Michael Everett,michael.everett@customer.net,Germany,2021-07-10,Premium,42606.88
323,Patty Singleton,patty.singleton@customer.net,India,2022-05-13,Standard,3595.39
324,John Reid,john.reid@example.com,UK,2023-11-26,Basic,753.77
325,Andrea Martinez,andrea.martinez@shopmail.com,USA,2022-05-02,Basic,920.10
326,Kevin Ferguson,kevin.ferguson@customer.net,UK,2023-06-05,Standard,2519.00
327,Wayne Jackson,wayne.jackson@example.com,India,2023-11-02,Standard,4519.80
328,Shelly Moore,shelly.moore@shopmail.com,Germany,2022-09-26,Basic,201.64
329,Donna Le,donna.le@example.com,USA,2021-06-19,Standard,3619.89
330,Cassie Kirby,cassie.kirby@shopmail.com,Australia,2024-11-23,Premium,20223.53
331,Anne Bryan,anne.bryan@example.com,Germany,2023-09-17,Standard,3906.61
332,Anthony Williams,anthony.williams@customer.net,UK,2024-09-14,Standard,4305.75
333,Darlene Ray,darlene.ray@example.com,USA,2023-08-10,Basic,940.93
334,Debra Wang,debra.wang@customer.net,India,2022-10-12,Standard,4477.66
335,Robert Fowler,robert.fowler@customer.net,Canada,2021-05-08,Premium,19890.27
336,Tyler Burton,tyler.burton@shopmail.com,France,2023-08-10,Standard,2514.55
337,Keith Frye,keith.frye@example.com,Germany,2022-06-28,Basic,821.14
338,Timothy Ballard,timothy.ballard@customer.net,Germany,2021-10-09,Standard,1474.83
339,Gail Evans,gail.evans@example.com,USA,2022-04-06,Standard,2649.35
340,Charles Brown,charles.brown@example.com,India,2020-07-05,Standard,4167.13
341,Scott Washington,scott.washington@ecommerce.io,France,2023-02-25,Basic,286.17
342,James Lawson,james.lawson@ecommerce.io,Canada,2024-08-17,Standard,1217.10
343,Larry Higgins,larry.higgins@customer.net,Canada,2023-02-21,Standard,4069.67
344,Jessica Valencia,jessica.valencia@ecommerce.io,Australia,2022-07-15,Standard,1456.09
345,Theresa Anderson,,USA,2021-11-30,Basic,419.63
346,Mitchell Hoffman,mitchell.hoffman@ecommerce.io,France,2022-12-05,Standard,2495.56
347,Luis Owens,luis.owens@shopmail.com,Germany,2020-10-14,Premium,41982.74
348,Joseph Wright,joseph.wright@customer.net,USA,2021-06-04,Basic,649.77
349,Colin Roberts,colin.roberts@customer.net,UK,2022-07-25,Premium,42104.94
350,Patrick Gilbert,patrick.gilbert@ecommerce.io,USA,2024-03-30,Premium,23651.17
351,John Grimes,john.grimes@example.com,India,2024-12-31,Basic,505.45
352,Erik Murphy,erik.murphy@shopmail.com,Germany,2020-01-09,Standard,3121.46
353,Becky Edwards,becky.edwards@customer.net,India,2023-04-13,Premium,26731.94
354,Kathryn Jimenez,kathryn.jimenez@shopmail.com,Australia,2023-03-30,Standard,1694.60
355,Xavier Jimenez,xavier.jimenez@example.com,Germany,2023-09-08,Basic,640.49
356,Kyle Johnson,kyle.johnson@customer.net,Germany,2023-06-01,Basic,924.32
357,Sierra Wagner,sierra.wagner@ecommerce.io,Germany,2021-12-03,Basic,973.44
358,Tammy Lewis,tammy.lewis@shopmail.com,UK,2022-04-25,Standard,3410.10
359,Michael Williams,michael.williams@ecommerce.io,India,2023-12-07,Basic,593.03
360,Troy Khan,troy.khan@shopmail.com,UK,2021-03-05,Standard,3496.67
361,Destiny Ruiz,destiny.ruiz@ecommerce.io,Australia,2020-09-28,Standard,4925.34
362,Amanda Boone,amanda.boone@shopmail.com,France,2023-01-16,Standard,3777.25
363,Ryan Khan,ryan.khan@example.com,India,2021-12-22,Standard,3249.12
364,Jessica Gallagher,jessica.gallagher@customer.net,Australia,2024-03-11,Standard,4575.46
365,Michael Morales,michael.morales@customer.net,India,2020-01-27,Standard,3090.92
366,Ashley Lee,ashley.lee@shopmail.com,USA,2023-10-04,Premium,7547.21
367,Angela Jones,angela.jones@shopmail.com,Canada,2023-10-31,Standard,2002.24
368,William Duran,william.duran@ecommerce.io,UK,2024-03-23,Basic,587.05
369,Joshua Hays,joshua.hays@customer.net,USA,2023-06-15,Standard,4472.14
370,Erin Wilson,erin.wilson@shopmail.com,Australia,2023-08-18,Basic,605.14
371,Theresa Long,theresa.long@ecommerce.io,Australia,2023-09-22,Standard,1187.92
372,Laura Morgan,laura.morgan@customer.net,India,2023-11-04,Standard,2250.62
373,Sheila Fischer,sheila.fischer@example.com,Australia,2021-05-29,Standard,1812.35
374,James Hicks,james.hicks@customer.net,India,2021-04-06,Basic,920.34
375,Vincent Williams,vincent.williams@ecommerce.io,India,2023-04-20,Basic,591.95
376,Derrick Cook,derrick.cook@shopmail.com,Canada,2022-07-08,Standard,1709.70
377,Thomas Bryant,thomas.bryant@shopmail.com,UK,2024-02-14,Standard,3055.39
378,Catherine Robertson,catherine.robertson@customer.net,Canada,2023-02-13,Standard,2056.96
379,Mark Austin,mark.austin@ecommerce.io,USA,2021-11-07,Premium,25984.91
380,Francisco Ewing,francisco.ewing@example.com,UK,2021-10-22,Basic,637.19
381,Jodi Evans,jodi.evans@ecommerce.io,Germany,2024-06-05,Basic,615.41
382,Matthew Clayton,matthew.clayton@ecommerce.io,France,2021-03-26,Standard,4827.95
383,Amanda Erickson,amanda.erickson@shopmail.com,Germany,2023-01-17,Standard,3148.14
384,Kevin Cabrera,kevin.cabrera@shopmail.com,UK,2023-09-20,Premium,19934.76
385,Micheal Nunez,micheal.nunez@shopmail.com,India,2023-06-20,Standard,3122.00
386,Tina Silva,tina.silva@example.com,USA,2023-10-01,Basic,411.41
387,Laura Swanson,laura.swanson@shopmail.com,USA,2023-10-29,Standard,4542.64
388,Hailey Johnson,hailey.johnson@example.com,Germany,2021-06-09,Standard,3160.95
389,Thomas Coffey,thomas.coffey@ecommerce.io,France,2024-07-02,Standard,3034.94
390,Krista Parsons,krista.parsons@ecommerce.io,Australia,2021-01-29,Standard,2281.25
391,Becky Griffith,becky.griffith@example.com,UK,2024-05-02,Premium,29208.87
392,Brandy Jackson,brandy.jackson@example.com,UK,2023-10-04,Premium,33328.15
393,Cristina Harvey,cristina.harvey@customer.net,India,2020-07-31,Standard,1822.32
394,Maureen Hernandez,maureen.hernandez@customer.net,Australia,2024-07-30,Basic,945.78
395,Erin Johnson,erin.johnson@shopmail.com,USA,2022-07-29,Basic,745.18
396,Stacy Rodriguez,stacy.rodriguez@example.com,USA,2020-12-30,Premium,40739.67
397,Andrew Edwards,andrew.edwards@shopmail.com,Canada,2022-04-14,Standard,2552.13
398,Edward Vaughn,edward.vaughn@customer.net,Canada,2020-02-04,Standard,2558.01
399,Robert Hampton,robert.hampton@example.com,Australia,2024-01-15,Premium,32825.72
400,Samantha Salas,samantha.salas@example.com,Australia,2024-10-03,Basic,165.33
401,Jill Brown,jill.brown@example.com,Canada,2024-05-30,Basic,717.29
402,Devin Clark,devin.clark@ecommerce.io,India,2022-06-15,Standard,2525.65
403,Mark Bates,mark.bates@example.com,Germany,2020-11-16,Basic,580.12
404,Alicia Edwards,alicia.edwards@customer.net,India,2024-06-21,Premium,43226.03
405,Glen Barr,glen.barr@shopmail.com,Canada,2023-10-19,Standard,4547.91
406,Matthew Gomez,matthew.gomez@ecommerce.io,USA,2023-02-07,Basic,887.29
407,Kelsey Le,kelsey.le@example.com,USA,2023-03-18,Premium,31849.47
408,Dawn Steele,dawn.steele@example.com,Canada,2021-03-06,Standard,3993.19
409,Chelsea Lee,chelsea.lee@ecommerce.io,UK,2022-04-25,Basic,915.07
410,John Grant,john.grant@shopmail.com,UK,2021-01-11,Basic,298.71
411,Jeffrey Dudley,jeffrey.dudley@shopmail.com,USA,2021-01-06,Basic,703.88
412,Kenneth Roberts,kenneth.roberts@example.com,India,2024-03-18,Standard,4729.48
413,Jared Bush,jared.bush@customer.net,Australia,2023-01-30,Basic,165.83
414,Logan Bailey,logan.bailey@ecommerce.io,USA,2021-02-08,Standard,3902.36
415,Sarah Pope,sarah.pope@ecommerce.io,Canada,2020-09-19,Standard,3685.18
416,Joshua Martinez,joshua.martinez@ecommerce.io,France,2020-05-22,Standard,4600.47
417,Erica James,erica.james@customer.net,Canada,2023-06-16,Standard,3637.69
418,Tina Cardenas,tina.cardenas@shopmail.com,France,2023-03-06,Standard,2457.97
419,Stephanie Ballard,stephanie.ballard@customer.net,UK,2020-01-10,Standard,2252.86
420,Kelly Roberts,kelly.roberts@customer.net,Canada,2024-09-16,Basic,423.54
421,Jennifer Reed,jennifer.reed@ecommerce.io,Germany,2022-08-05,Standard,2781.43
422,Scott Scott,scott.scott@customer.net,France,2020-08-10,Basic,258.19
423,Timothy Harris,timothy.harris@ecommerce.io,India,2024-08-19,Standard,1560.01
424,Amanda Fitzpatrick,amanda.fitzpatrick@ecommerce.io,Australia,2024-12-20,Standard,3506.48
425,Heather Taylor,heather.taylor@example.com,India,2022-11-04,Basic,668.46
426,Christina Matthews,christina.matthews@customer.net,India,2023-04-23,Basic,291.48
427,John Santiago,john.santiago@ecommerce.io,France,2023-01-10,Premium,26244.68
428,Amanda Little,amanda.little@ecommerce.io,Germany,2021-04-02,Basic,902.29
429,Brian Gutierrez,brian.gutierrez@ecommerce.io,UK,2022-08-09,Standard,3004.49
430,Jennifer Garcia,jennifer.garcia@ecommerce.io,France,2020-01-22,Premium,34820.53
431,Kelli Smith,kelli.smith@shopmail.com,India,2022-11-18,Basic,226.33
432,Andrea Hickman,andrea.hickman@shopmail.com,Australia,2024-02-08,Premium,26757.65
433,Richard Donovan,richard.donovan@shopmail.com,India,2022-09-25,Standard,1927.00
434,Natalie Woods,natalie.woods@shopmail.com,USA,2023-10-01,Standard,1827.10
435,James Maynard,james.maynard@ecommerce.io,Germany,2022-08-19,Basic,926.11
436,Manuel Brewer,manuel.brewer@example.com,Australia,2021-10-25,Basic,192.90
437,Rebecca Davis,rebecca.davis@ecommerce.io,India,2024-02-28,Basic,336.98
438,Audrey Nichols,audrey.nichols@shopmail.com,Germany,2023-08-31,Standard,2514.07
439,Jennifer Zuniga,jennifer.zuniga@example.com,France,2021-05-30,Standard,2505.32
440,Robin Thompson,robin.thompson@customer.net,Canada,2024-07-31,Basic,880.95
441,Nicole Thompson,nicole.thompson@customer.net,France,2020-01-14,Standard,3007.35
442,Samantha Osborn,samantha.osborn@shopmail.com,UK,2020-06-06,Premium,28154.36
443,Randy Simpson,randy.simpson@shopmail.com,UK,2020-11-18,Standard,2448.89
444,Sharon Hayden,sharon.hayden@example.com,Australia,2021-04-16,Basic,473.15
445,Sara Mcdowell,sara.mcdowell@example.com,Germany,2023-10-14,Standard,2915.26
446,Albert Bradley,albert.bradley@shopmail.com,Australia,2024-09-02,Standard,2643.60
447,Daniel Bird,daniel.bird@shopmail.com,France,2023-04-28,Standard,1644.52
448,Justin Hays,justin.hays@example.com,France,2020-10-27,Standard,1223.65
449,Amy Snyder,amy.snyder@shopmail.com,France,2022-04-10,Standard,3397.43
450,Sheena Rosales,sheena.rosales@example.com,Australia,2024-01-30,Standard,3646.98
451,Taylor Lee,taylor.lee@example.com,UK,2022-07-08,Standard,3426.10
452,Daniel Martin,daniel.martin@customer.net,UK,2021-03-25,Standard,4321.45
453,Stephen Scott,stephen.scott@shopmail.com,France,2023-09-12,Standard,3043.22
454,Jacob Doyle,jacob.doyle@ecommerce.io,Germany,2023-05-06,Premium,31576.82
455,Krystal Bradley,krystal.bradley@customer.net,UK,2020-08-10,Standard,1066.25
456,Katherine Thompson,katherine.thompson@customer.net,India,2020-11-02,Standard,3422.04
457,Melissa Prince,melissa.prince@example.com,India,2022-12-24,Premium,27649.81
458,Margaret Robertson,margaret.robertson@customer.net,Australia,2020-09-23,Premium,45589.31
459,Christopher Caldwell,christopher.caldwell@example.com,India,2023-10-21,Standard,3596.93
460,Jack Taylor,jack.taylor@ecommerce.io,India,2020-03-29,Standard,3790.57
461,Marcus Wright,marcus.wright@customer.net,India,2024-04-23,Standard,2524.95
462,Jose Young,jose.young@example.com,Germany,2020-10-01,Standard,2018.07
463,Karen Finley,karen.finley@example.com,Canada,2023-05-10,Basic,889.09
464,Kevin Sharp,kevin.sharp@shopmail.com,USA,2023-12-23,Standard,3974.58
465,Alexander Valdez,alexander.valdez@example.com,France,2020-01-15,Premium,21876.34
466,Heather Brown,heather.brown@ecommerce.io,Germany,2022-01-11,Standard,1426.33
467,David Parker,david.parker@ecommerce.io,Canada,2024-10-16,Standard,3144.42
468,Richard Shaw,richard.shaw@ecommerce.io,Australia,2022-03-24,Standard,4019.89
469,Paula Padilla,paula.padilla@customer.net,UK,2022-01-28,Standard,3236.38
470,Larry Wilson,larry.wilson@ecommerce.io,France,2021-12-06,Standard,4096.78
471,Sabrina Phillips,sabrina.phillips@shopmail.com,India,2024-11-04,Standard,3637.13
472,Christina Robinson,christina.robinson@customer.net,India,2023-12-03,Basic,954.32
473,Dennis Hernandez,dennis.hernandez@customer.net,India,2021-11-24,Premium,41038.42
474,Julie Obrien,julie.obrien@example.com,UK,2022-03-07,Standard,4858.28
475,Robert Dunn,robert.dunn@example.com,India,2020-10-24,Premium,26225.09
476,Thomas Medina,thomas.medina@example.com,USA,2021-06-22,Standard,1887.08
477,Elizabeth Robinson,elizabeth.robinson@example.com,Australia,2022-02-26,Premium,46880.82
478,John Fischer,john.fischer@ecommerce.io,Australia,2023-05-08,Standard,1229.85
479,Morgan Miller,morgan.miller@shopmail.com,Australia,2022-10-09,Basic,495.07
480,Sean Padilla,sean.padilla@ecommerce.io,UK,2020-03-09,Standard,4135.84
481,Christian Elliott,christian.elliott@shopmail.com,France,2020-12-13,Standard,3696.10
482,Bryan Kelley,bryan.kelley@example.com,UK,2020-06-26,Standard,4987.27
483,William Armstrong,william.armstrong@ecommerce.io,Australia,2022-03-20,Basic,464.91
484,Edward Murphy,edward.murphy@example.com,Australia,2023-12-12,Standard,1274.47
485,Abigail Wilson,abigail.wilson@ecommerce.io,Australia,2024-08-26,Premium,30160.12
486,Jamie Aguilar,jamie.aguilar@ecommerce.io,India,2021-07-20,Standard,1905.18
487,Christopher Dixon,christopher.dixon@customer.net,Germany,2023-03-23,Basic,104.19
488,Lindsey Chavez,lindsey.chavez@example.com,France,2020-05-28,Premium,27642.61
489,William Bryant,william.bryant@example.com,India,2022-11-17,Standard,4826.84
490,Brian Ford,brian.ford@ecommerce.io,Australia,2022-06-25,Basic,969.45
491,Lindsay Cummings,lindsay.cummings@shopmail.com,India,2021-11-26,Standard,4844.95
492,Randy Velasquez,randy.velasquez@customer.net,France,2024-10-31,Standard,1109.40
493,Julie Lane,julie.lane@example.com,Germany,2023-07-21,Premium,40489.52
494,Brandon Cooper,brandon.cooper@shopmail.com,India,2021-10-08,Standard,2649.70
495,Bryce Mcknight,bryce.mcknight@example.com,Australia,2024-08-31,Standard,2053.40
496,Sarah Jones,sarah.jones@customer.net,Australia,2024-03-13,Standard,4284.30
497,Sarah Johnson,sarah.johnson@shopmail.com,Germany,2021-10-04,Premium,20909.21
498,Robert Mack,robert.mack@ecommerce.io,UK,2024-03-08,Basic,714.80
499,Katie Good,katie.good@customer.net,Australia,2021-02-12,Basic,311.38
500,Debbie Fisher,debbie.fisher@ecommerce.io,UK,2021-04-14,Standard,1811.07
501,Victoria Reyes,victoria.reyes@ecommerce.io,UK,2024-05-14,Standard,1426.76
502,Molly Knox,molly.knox@customer.net,France,2020-01-14,Basic,787.82
503,Nicholas Vega,nicholas.vega@example.com,India,2022-09-14,Standard,2484.79
504,Dorothy Ryan,dorothy.ryan@ecommerce.io,Germany,2021-01-09,Standard,4937.58
505,Desiree Bailey,desiree.bailey@ecommerce.io,Germany,2021-03-30,Basic,775.15
506,Gregory Medina,gregory.medina@customer.net,Germany,2023-01-12,Premium,6465.32
507,Allison Luna,allison.luna@shopmail.com,Germany,2020-09-03,Standard,3792.98
508,Jeffrey Smith,jeffrey.smith@example.com,USA,2023-10-12,Standard,1843.01
509,Andrew Evans,andrew.evans@ecommerce.io,Canada,2023-06-08,Standard,4447.37
510,Emily Stephens,emily.stephens@ecommerce.io,UK,2021-07-05,Premium,26210.54
511,Amanda Morrow,amanda.morrow@ecommerce.io,UK,2022-10-18,Standard,2695.77
512,John Reed,john.reed@ecommerce.io,Canada,2024-10-15,Standard,2602.37
513,Joshua Pineda,joshua.pineda@shopmail.com,France,2023-11-05,Standard,1914.27
514,Jessica Rodriguez,jessica.rodriguez@ecommerce.io,India,2021-04-27,Premium,29990.30
515,Lisa Barnes,lisa.barnes@shopmail.com,UK,2024-06-26,Basic,963.23
516,Katie Stephenson,katie.stephenson@example.com,UK,2022-05-13,Premium,27481.90
517,Alexis Harris,alexis.harris@ecommerce.io,India,2022-09-23,Basic,370.03
518,Craig Johnson,craig.johnson@example.com,Germany,2020-07-21,Standard,3762.17
519,Carla Warner,carla.warner@ecommerce.io,Germany,2024-09-14,Premium,33343.80
520,Brandon Yang,brandon.yang@ecommerce.io,Canada,2022-01-09,Standard,2441.23
521,Richard Young,richard.young@ecommerce.io,Canada,2020-02-10,Standard,2647.04
522,Jeff Shields,jeff.shields@shopmail.com,France,2023-03-25,Standard,3599.46
523,Brian Gordon,brian.gordon@ecommerce.io,Canada,2021-10-27,Standard,3692.77
567,Keith Cabrera,keith.cabrera@customer.net,USA,2022-02-19,Standard,3454.66
525,Jessica Flores,jessica.flores@shopmail.com,India,2020-12-09,Standard,3562.32
526,Carla Chambers,carla.chambers@customer.net,Australia,2023-06-08,Basic,614.47
527,Malik Turner,malik.turner@example.com,USA,2020-11-27,Basic,409.26
528,Douglas Keller,douglas.keller@ecommerce.io,Australia,2021-07-01,Standard,3421.54
529,Jeffrey Turner,jeffrey.turner@customer.net,India,2024-11-02,Standard,4755.08
530,Bruce Fry,bruce.fry@customer.net,Germany,2020-12-08,Basic,265.50
531,Nichole Buck,nichole.buck@shopmail.com,Australia,2021-05-30,Premium,47319.68
532,Connie Simmons,connie.simmons@example.com,UK,2020-12-07,Basic,457.34
533,Tyler Compton,tyler.compton@customer.net,France,2020-04-20,Premium,6186.42
534,Shelly Powers,shelly.powers@example.com,USA,2021-06-21,Standard,3472.41
535,Kristi Flores,kristi.flores@customer.net,Canada,2021-04-14,Premium,16132.84
536,Robert Hernandez,robert.hernandez@shopmail.com,UK,2022-12-14,Standard,4354.07
537,Nicholas Webster,nicholas.webster@ecommerce.io,India,2021-10-28,Premium,43890.85
538,Thomas Atkinson,thomas.atkinson@ecommerce.io,France,2022-06-30,Standard,1540.46
539,Kevin Zimmerman,kevin.zimmerman@shopmail.com,France,2023-05-08,Basic,510.89
540,Linda Melendez,linda.melendez@customer.net,France,2023-08-03,Basic,675.58
541,Anna Faulkner,anna.faulkner@ecommerce.io,Germany,2023-01-10,Standard,1908.51
542,Angela Anderson,angela.anderson@ecommerce.io,Canada,2022-04-24,Premium,16691.32
543,John Harris,john.harris@example.com,France,2024-07-27,Standard,4033.17
544,Deborah Nielsen,deborah.nielsen@ecommerce.io,Germany,2022-12-31,Premium,5374.27
545,Melanie Davis,melanie.davis@customer.net,Canada,2020-01-19,Basic,789.28
546,Jenny Lee,jenny.lee@shopmail.com,India,2020-01-15,Basic,593.39
547,Joseph Nunez,joseph.nunez@customer.net,Germany,2021-05-26,Premium,12347.13
548,Carrie Russo,carrie.russo@customer.net,India,2022-02-13,Basic,298.53
549,Jacob Gill,jacob.gill@shopmail.com,France,2024-04-14,Premium,40998.16
550,Jennifer Hansen,jennifer.hansen@ecommerce.io,Canada,2023-08-21,Standard,3971.71
551,Timothy Booth,timothy.booth@customer.net,UK,2024-10-13,Basic,161.62
552,Mason Krueger,mason.krueger@example.com,Australia,2022-07-21,Premium,32797.82
553,Alexis Giles,alexis.giles@customer.net,UK,2021-10-18,Standard,1077.58
554,Suzanne Wilson,suzanne.wilson@example.com,UK,2020-07-28,Premium,17695.15
555,Yvonne Mendoza,yvonne.mendoza@customer.net,Australia,2020-01-17,Premium,15476.47
556,John Munoz,john.munoz@customer.net,UK,2021-12-01,Premium,23910.94
557,James Herman,james.herman@customer.net,Canada,2022-08-07,Basic,727.24
558,Andrea Rowe,andrea.rowe@example.com,India,2024-03-17,Premium,47823.98
559,Oscar Ferguson,oscar.ferguson@customer.net,USA,2023-01-17,Premium,26156.60
560,Michael Green,michael.green@ecommerce.io,India,2022-02-20,Premium,42271.34
561,William Crawford,william.crawford@shopmail.com,Germany,2024-04-28,Premium,48873.75
562,Corey Zavala,corey.zavala@example.com,UK,2022-08-01,Standard,3941.29
563,Terrance Franco,terrance.franco@shopmail.com,Germany,2022-03-07,Premium,35664.90
564,Robin Wood,robin.wood@ecommerce.io,UK,2023-07-12,Standard,3912.95
565,Robert Hart,robert.hart@example.com,Canada,2022-09-12,Basic,674.67
566,Jeffrey Thomas,jeffrey.thomas@example.com,India,2023-09-27,Premium,14800.47
567,Jose Donovan,jose.donovan@customer.net,Canada,2020-01-31,Premium,12531.22
568,Beth Butler,beth.butler@example.com,Germany,2024-06-04,Standard,1972.36
569,Elijah Rivera,elijah.rivera@customer.net,Australia,2023-05-06,Basic,239.49
570,Noah Whitaker,noah.whitaker@shopmail.com,UK,2022-10-20,Basic,182.26
571,Victor Pena,victor.pena@example.com,USA,2021-12-29,Standard,3578.30
572,Gail Scott,gail.scott@example.com,UK,2022-09-26,Basic,309.41
573,Lorraine Levy,lorraine.levy@ecommerce.io,India,2024-12-31,Basic,494.85
574,Darlene Henry,darlene.henry@customer.net,Canada,2024-01-23,Premium,11062.95
575,Gary Norton,gary.norton@customer.net,Australia,2022-06-15,Basic,603.12
576,Gary Cortez,gary.cortez@customer.net,UK,2023-03-06,Standard,1746.51
577,Tracy Stark,tracy.stark@customer.net,Canada,2024-11-11,Standard,4325.40
578,Amber May,amber.may@shopmail.com,USA,2022-12-23,Basic,239.52
579,Brian Johnson,brian.johnson@ecommerce.io,France,2022-01-21,Standard,2816.32
580,Melanie Landry,melanie.landry@customer.net,Australia,2021-01-14,Basic,894.64
581,Elizabeth Duran,elizabeth.duran@ecommerce.io,India,2023-06-24,Standard,1955.15
582,Robert Kirby,robert.kirby@customer.net,UK,2022-12-09,Basic,714.90
583,Jesse Mann,jesse.mann@shopmail.com,France,2021-08-02,Basic,390.34
584,Albert Wagner,albert.wagner@example.com,USA,2022-12-07,Standard,3635.56
585,Nathaniel Williamson,nathaniel.williamson@shopmail.com,UK,2024-11-23,Premium,6407.32
586,Elizabeth Jensen,,USA,2020-03-06,Premium,30695.55
587,Timothy Freeman,timothy.freeman@customer.net,France,2023-07-01,Basic,731.18
588,Adam Arnold,adam.arnold@ecommerce.io,UK,2023-05-25,Standard,3871.38
589,Alexander Moreno,alexander.moreno@shopmail.com,Australia,2022-10-03,Premium,46778.17
590,Joshua Madden,joshua.madden@customer.net,India,2023-08-01,Basic,154.63
591,Andre Li,,India,2022-01-25,Standard,4177.00
592,Emily Drake,emily.drake@ecommerce.io,France,2020-03-24,Premium,38043.52
593,Renee Rodriguez,renee.rodriguez@example.com,UK,2022-11-29,Basic,187.41
594,Cole Hernandez,cole.hernandez@customer.net,UK,2021-01-30,Basic,573.57
595,James Fox,james.fox@shopmail.com,France,2024-03-14,Standard,3232.57
596,Lisa Adams,lisa.adams@ecommerce.io,Australia,2022-07-28,Basic,732.30
597,Randy Watson,randy.watson@example.com,UK,2024-06-10,Standard,1721.59
598,Richard Cunningham,richard.cunningham@ecommerce.io,Australia,2020-11-19,Standard,3135.60
599,Veronica Perez,veronica.perez@ecommerce.io,Canada,2023-01-31,Standard,4965.85
600,Gabriella Abbott,gabriella.abbott@ecommerce.io,Germany,2024-04-14,Standard,3532.96
601,Desiree Garrison,desiree.garrison@ecommerce.io,France,2021-05-07,Basic,606.83
602,Katherine Davis,katherine.davis@ecommerce.io,Canada,2022-07-15,Standard,2790.00
603,Nicholas Tran,nicholas.tran@example.com,Canada,2023-05-05,Standard,1065.21
604,Brian Smith,brian.smith@ecommerce.io,USA,2021-09-07,Premium,49297.75
605,George Porter,george.porter@ecommerce.io,USA,2024-04-29,Standard,4287.76
606,Ryan Mueller,ryan.mueller@ecommerce.io,France,2022-11-13,Standard,3225.29
607,Ariel Hodge,ariel.hodge@shopmail.com,USA,2020-03-18,Basic,514.33
608,Cody Rice,cody.rice@ecommerce.io,Canada,2024-12-26,Premium,31197.01
609,Brad Lewis,brad.lewis@ecommerce.io,USA,2023-03-14,Standard,2599.19
610,Miranda Clay,miranda.clay@example.com,Australia,2021-10-26,Basic,813.61
611,Thomas Williams,thomas.williams@example.com,France,2023-08-08,Premium,18517.70
612,Charles Frost,charles.frost@customer.net,USA,2024-05-16,Basic,150.33
613,Rachel Elliott,rachel.elliott@ecommerce.io,India,2022-06-08,Basic,474.87
614,Antonio Mcfarland,antonio.mcfarland@shopmail.com,Australia,2023-08-29,Basic,864.53
615,Leonard Ali,leonard.ali@customer.net,USA,2021-09-16,Basic,571.95
616,Brenda Goodwin,brenda.goodwin@shopmail.com,Canada,2022-10-25,Standard,3791.07
617,Jennifer Sanders,jennifer.sanders@customer.net,Germany,2024-03-21,Premium,31780.95
618,Chase Martin,chase.martin@shopmail.com,Germany,2021-08-16,Standard,4145.47
619,John Davenport,john.davenport@ecommerce.io,USA,2022-09-01,Premium,30714.83
620,Paul Mosley,paul.mosley@customer.net,Canada,2020-06-23,Premium,22933.72
621,Martin Campos,martin.campos@shopmail.com,India,2020-10-03,Standard,2923.69
622,Donald Hinton,donald.hinton@customer.net,Australia,2023-03-16,Premium,13824.47
623,Jennifer Mason,jennifer.mason@shopmail.com,UK,2020-05-26,Standard,2065.03
624,Terri Brown,terri.brown@example.com,USA,2023-10-07,Standard,2654.33
625,Samuel Roberson,samuel.roberson@shopmail.com,Canada,2021-12-06,Standard,3375.51
626,Matthew Mack,matthew.mack@ecommerce.io,UK,2021-12-17,Premium,32729.94
627,Stephanie Sanders,stephanie.sanders@customer.net,France,2020-10-25,Basic,496.42
628,Kim Johnson,kim.johnson@shopmail.com,UK,2023-11-04,Basic,436.44
629,Joshua Riddle,joshua.riddle@example.com,USA,2024-02-23,Basic,149.08
630,Tracy Kelly,tracy.kelly@shopmail.com,India,2024-08-31,Basic,838.12
631,Shelley Reynolds,shelley.reynolds@example.com,Canada,2022-07-10,Premium,26203.56
632,Erin Guerrero,erin.guerrero@shopmail.com,UK,2023-01-24,Standard,3093.06
633,Christopher Montgomery,christopher.montgomery@customer.net,France,2024-02-03,Standard,4969.21
634,Lauren Marquez,lauren.marquez@example.com,Germany,2023-04-08,Standard,4624.16
635,Christopher Moore,christopher.moore@ecommerce.io,UK,2020-05-03,Standard,2136.05
636,Jennifer Walters,jennifer.walters@ecommerce.io,USA,2022-08-10,Basic,689.28
637,Jodi Stewart,jodi.stewart@customer.net,Australia,2021-07-09,Premium,34834.17
638,Daniel Smith,daniel.smith@ecommerce.io,India,2020-08-08,Basic,117.17
639,Kyle Ward,kyle.ward@customer.net,UK,2022-02-18,Basic,557.69
640,Joseph Anderson,joseph.anderson@ecommerce.io,Germany,2024-11-10,Basic,637.40
641,Jacob Cole,jacob.cole@shopmail.com,France,2022-07-26,Premium,30230.94
642,Angela Russell,angela.russell@example.com,UK,2022-12-20,Basic,374.43
643,Anthony Gomez,anthony.gomez@shopmail.com,USA,2021-12-11,Standard,3737.25
644,Christopher George,christopher.george@ecommerce.io,UK,2022-10-23,Standard,2103.51
645,Mark Cruz,mark.cruz@ecommerce.io,Germany,2024-12-28,Premium,49997.83
646,Kelly Hughes,kelly.hughes@ecommerce.io,UK,2020-11-06,Basic,407.61
647,Christopher Santana,christopher.santana@shopmail.com,USA,2024-02-03,Standard,2528.83
648,Rebecca Spence,rebecca.spence@shopmail.com,Germany,2021-05-07,Basic,615.61
649,Ashley Jackson,ashley.jackson@ecommerce.io,France,2021-11-05,Standard,2796.68
650,Oscar Taylor,oscar.taylor@shopmail.com,France,2023-01-13,Premium,35782.19
651,Kevin Snyder,kevin.snyder@shopmail.com,Canada,2023-11-11,Standard,3820.55
652,Bryan Hamilton,bryan.hamilton@shopmail.com,Germany,2024-04-26,Standard,1580.61
653,Robert Washington,robert.washington@shopmail.com,Canada,2020-05-18,Basic,601.61
654,Chase King,chase.king@example.com,UK,2021-10-12,Basic,855.57
655,John Weber,john.weber@example.com,India,2021-10-14,Premium,44605.94
656,Brittney Gonzalez,brittney.gonzalez@customer.net,Canada,2022-06-26,Standard,3982.44
657,Daniel Torres,daniel.torres@ecommerce.io,UK,2024-05-14,Basic,269.14
658,Stacy Cook,stacy.cook@example.com,India,2023-06-07,Premium,32762.59
659,Christine Brock,christine.brock@shopmail.com,France,2021-04-20,Standard,1923.65
660,Mark Cook,mark.cook@example.com,Australia,2024-05-16,Premium,26447.10
661,Lisa Villarreal,lisa.villarreal@customer.net,Australia,2023-08-23,Standard,2495.84
662,Terri Taylor,terri.taylor@customer.net,Germany,2020-10-08,Basic,247.41
663,Malik Valentine,malik.valentine@customer.net,India,2020-01-31,Standard,4701.74
664,James Edwards,james.edwards@shopmail.com,Australia,2023-10-06,Basic,989.42
665,Tamara Novak,tamara.novak@example.com,UK,2022-06-18,Basic,880.42
666,Kelly Neal,kelly.neal@ecommerce.io,India,2022-07-26,Standard,4550.35
667,Travis Johnston,travis.johnston@example.com,France,2024-02-14,Standard,4297.31
668,John Bennett,john.bennett@customer.net,France,2024-02-29,Basic,614.74
669,Lisa Long,lisa.long@example.com,France,2020-08-11,Standard,2806.44
670,Daniel Elliott,daniel.elliott@example.com,UK,2022-11-28,Basic,584.08
671,Brittany Gardner,brittany.gardner@example.com,France,2022-03-04,Basic,564.51
672,Erin Pierce,erin.pierce@example.com,UK,2021-08-19,Standard,2758.22
673,Stephanie Murray,stephanie.murray@ecommerce.io,Germany,2020-12-06,Basic,480.22
674,Jeanette Gonzales,jeanette.gonzales@example.com,Australia,2022-11-24,Standard,4614.70
675,Kelly Schwartz,kelly.schwartz@customer.net,USA,2024-01-19,Standard,3002.63
676,Lori Flynn,lori.flynn@shopmail.com,Germany,2022-04-26,Premium,19555.74
677,Robert Porter,robert.porter@customer.net,France,2023-12-30,Premium,45310.77
678,Cynthia Allen,cynthia.allen@example.com,Canada,2021-10-25,Basic,722.55
679,Donna Espinoza,donna.espinoza@shopmail.com,Australia,2024-02-10,Basic,211.19
680,Kristina Jones,kristina.jones@customer.net,Australia,2022-01-13,Premium,8838.79
681,Vicki Mendoza,vicki.mendoza@shopmail.com,Germany,2023-02-01,Basic,442.55
682,Richard Hunter,richard.hunter@ecommerce.io,France,2024-11-19,Basic,693.58
683,Samantha Holt,samantha.holt@shopmail.com,UK,2024-04-24,Premium,37042.14
684,Amy Gibbs,amy.gibbs@ecommerce.io,Australia,2024-04-23,Standard,4843.86
685,Michael Woodard,michael.woodard@shopmail.com,USA,2020-09-26,Standard,4841.74
686,Amanda Little,amanda.little@ecommerce.io,USA,2022-07-28,Premium,27393.24
687,Christopher Mack,christopher.mack@example.com,France,2024-12-12,Standard,2973.87
688,Diane Kelly,diane.kelly@customer.net,Germany,2022-04-19,Standard,2767.50
689,Deborah Williams,deborah.williams@example.com,UK,2024-12-11,Standard,3189.37
690,Tonya Byrd,tonya.byrd@shopmail.com,USA,2021-01-13,Standard,1593.02
691,Reginald Goodwin,reginald.goodwin@example.com,UK,2024-10-14,Standard,1129.73
692,Tammy Jordan,tammy.jordan@ecommerce.io,Canada,2020-06-28,Standard,1196.13
693,Alex Green,alex.green@shopmail.com,UK,2023-10-08,Standard,2137.52
694,William Stone,william.stone@shopmail.com,Germany,2024-03-14,Standard,3315.87
695,Beverly Johnston,beverly.johnston@example.com,India,2021-09-04,Basic,390.54
696,Sean Myers,sean.myers@example.com,India,2022-05-25,Basic,858.98
697,Kelsey Chapman,kelsey.chapman@customer.net,UK,2020-09-06,Premium,36257.87
698,Vincent Cooper,vincent.cooper@customer.net,France,2021-03-05,Standard,3783.32
699,Angel Garcia,angel.garcia@example.com,France,2024-02-03,Standard,4917.40
700,Robert Nixon,robert.nixon@example.com,Germany,2024-01-22,Standard,3754.62
701,Darren Shepard,darren.shepard@ecommerce.io,Germany,2023-05-31,Basic,863.02
702,Donald Collins,donald.collins@ecommerce.io,UK,2023-06-12,Standard,3250.54
703,Stanley Clark,stanley.clark@customer.net,Germany,2024-07-12,Standard,1719.63
704,Timothy Alvarez,timothy.alvarez@ecommerce.io,UK,2020-01-04,Standard,1472.83
705,Samuel Horton,samuel.horton@example.com,Australia,2024-10-02,Standard,1829.32
706,Luis Evans,luis.evans@customer.net,Germany,2020-04-03,Standard,2335.17
707,Lisa Wilson,lisa.wilson@shopmail.com,USA,2023-08-04,Standard,1804.75
708,Melinda Wong,melinda.wong@example.com,Canada,2021-09-06,Standard,3026.76
709,Erica Martin,erica.martin@example.com,USA,2023-11-05,Standard,2333.13
710,Tonya Sanchez,tonya.sanchez@example.com,India,2020-12-25,Standard,1776.06
711,Greg Moore,greg.moore@customer.net,Germany,2024-06-20,Basic,132.00
712,Anita Mullen,anita.mullen@shopmail.com,Australia,2022-08-01,Premium,45142.62
713,Jesse Sullivan,jesse.sullivan@ecommerce.io,Germany,2024-05-24,Standard,4256.67
714,Jack Davidson,jack.davidson@example.com,India,2022-12-03,Basic,369.41
715,Ryan Johnson,ryan.johnson@ecommerce.io,France,2023-01-02,Basic,116.85
716,Christina Gonzalez,christina.gonzalez@ecommerce.io,India,2024-12-23,Standard,4183.13
717,Brittany Price,brittany.price@shopmail.com,Canada,2024-09-17,Premium,6402.79
718,Janet Harris,janet.harris@shopmail.com,France,2023-05-25,Basic,450.61
719,Karen Stokes,karen.stokes@ecommerce.io,Australia,2024-10-22,Standard,2258.00
720,Bryan Garcia,bryan.garcia@customer.net,USA,2022-10-14,Premium,44467.19
721,Monica Lopez,monica.lopez@ecommerce.io,UK,2022-12-11,Standard,2209.27
722,Mark Ellis,mark.ellis@example.com,India,2021-02-17,Premium,46100.92
723,Jose Huffman,jose.huffman@example.com,India,2022-09-15,Standard,4619.82
724,Allison Fowler,allison.fowler@ecommerce.io,Germany,2024-02-09,Premium,44324.56
725,Candice Carr,candice.carr@ecommerce.io,UK,2024-04-24,Standard,4487.20
726,Brenda Bailey,brenda.bailey@shopmail.com,UK,2024-01-23,Basic,132.90
727,Megan Williamson,megan.williamson@example.com,USA,2021-09-28,Standard,4729.35
728,Lisa Mccarthy,lisa.mccarthy@example.com,Canada,2022-08-14,Standard,4556.74
729,Kenneth Mendez,kenneth.mendez@ecommerce.io,USA,2023-03-28,Premium,39132.22
730,Christopher Anderson,christopher.anderson@shopmail.com,Canada,2021-02-14,Standard,1770.18
731,David Torres,david.torres@ecommerce.io,India,2022-06-22,Standard,3684.50
732,Isaac Steele,isaac.steele@shopmail.com,Canada,2020-08-22,Standard,1061.03
733,William Barnes,william.barnes@example.com,UK,2023-01-16,Standard,2401.27
734,Devin Reyes,devin.reyes@shopmail.com,Australia,2024-07-04,Standard,2133.07
735,Jacob Reid,jacob.reid@example.com,Canada,2023-06-09,Standard,4568.97
736,Heather Brewer,heather.brewer@example.com,UK,2020-02-29,Standard,2882.94
737,Zoe Peters,zoe.peters@example.com,Germany,2020-04-20,Standard,1344.48
738,Tracy Taylor,tracy.taylor@customer.net,France,2021-12-29,Standard,2249.76
739,Leonard Hayes,leonard.hayes@example.com,India,2024-04-14,Basic,519.13
740,Brian Howard,brian.howard@customer.net,USA,2022-07-22,Premium,18967.63
741,Albert Taylor,albert.taylor@customer.net,Germany,2021-04-19,Standard,4789.79
742,Lisa Maynard,lisa.maynard@ecommerce.io,Canada,2022-03-13,Premium,13250.89
743,William Simpson,william.simpson@ecommerce.io,India,2024-10-28,Basic,894.16
744,Gail Perry,gail.perry@example.com,USA,2022-08-31,Standard,1451.55
745,Mary Burns,mary.burns@shopmail.com,Canada,2024-04-21,Standard,2394.46
746,Christopher Johnson,christopher.johnson@example.com,Germany,2024-08-01,Standard,3857.09
747,Kathleen Carter,kathleen.carter@example.com,India,2021-09-10,Premium,28973.55
748,Joshua Medina,joshua.medina@customer.net,UK,2023-06-25,Standard,1974.76
749,Gary Ellis,gary.ellis@customer.net,Germany,2020-05-15,Premium,20332.14
750,Julia Cannon,julia.cannon@customer.net,India,2022-06-10,Basic,610.49
751,Andrea Wilson,andrea.wilson@shopmail.com,UK,2023-09-19,Standard,3678.42
752,Danny Hampton,danny.hampton@customer.net,USA,2023-04-27,Basic,636.47
753,Madeline Richardson,madeline.richardson@example.com,India,2022-06-30,Standard,1704.70
754,Lynn Williams,lynn.williams@example.com,France,2020-08-10,Basic,716.96
755,Jennifer Payne,jennifer.payne@customer.net,Canada,2022-10-09,Standard,3579.96
756,Veronica Garcia,veronica.garcia@shopmail.com,India,2020-10-11,Premium,44926.77
757,Maria Potter,maria.potter@example.com,India,2020-10-27,Basic,694.79
758,Kenneth Kidd,kenneth.kidd@ecommerce.io,Germany,2023-06-14,Standard,3311.73
759,Shannon Bailey,shannon.bailey@ecommerce.io,Canada,2023-03-13,Premium,40745.60
760,Lisa Gonzales,lisa.gonzales@customer.net,Australia,2021-12-06,Standard,4961.16
761,Victoria Rowe,victoria.rowe@customer.net,India,2020-09-18,Standard,4410.02
762,Joel Cochran,joel.cochran@example.com,USA,2023-12-11,Premium,30201.36
763,Brianna Bell,brianna.bell@example.com,India,2021-07-31,Basic,879.11
764,Jennifer Chen,jennifer.chen@customer.net,Australia,2021-10-13,Standard,3847.09
765,Gabriel Taylor,gabriel.taylor@customer.net,France,2021-03-08,Standard,3649.95
766,Jamie Clark,jamie.clark@shopmail.com,France,2022-02-26,Standard,4373.31
767,Brian Bell,brian.bell@customer.net,UK,2021-08-13,Standard,4989.82
768,Juan Ryan,juan.ryan@shopmail.com,USA,2020-05-26,Standard,3593.56
769,Mario Padilla,mario.padilla@customer.net,Australia,2022-06-13,Premium,48873.88
770,Keith Adams,keith.adams@shopmail.com,Australia,2024-07-08,Premium,23713.50
771,Michele Duke,michele.duke@customer.net,France,2021-01-03,Standard,2817.58
772,Erin Davis,erin.davis@customer.net,Germany,2021-12-28,Standard,1902.96
773,Sydney Floyd,sydney.floyd@example.com,France,2022-10-17,Standard,4387.22
774,Samantha Riddle,samantha.riddle@ecommerce.io,Germany,2023-01-23,Standard,3305.41
775,Michelle Martinez,michelle.martinez@example.com,France,2022-09-16,Premium,36719.71
776,Michelle Wright,michelle.wright@customer.net,Australia,2020-06-12,Premium,11393.94
777,Jennifer Poole,jennifer.poole@ecommerce.io,Germany,2022-11-24,Basic,170.41
778,Kathleen Lowe,kathleen.lowe@example.com,UK,2022-08-25,Basic,667.60
779,Tracy Ray,tracy.ray@example.com,Australia,2023-07-21,Standard,3156.79
780,Joseph Perry,joseph.perry@example.com,Canada,2022-12-31,Standard,4114.11
781,Shannon Schultz,shannon.schultz@customer.net,France,2024-02-11,Standard,2326.06
782,Nicole Davis,nicole.davis@ecommerce.io,Canada,2020-12-09,Standard,1141.30
783,Zachary Ramirez,zachary.ramirez@ecommerce.io,Australia,2024-05-26,Basic,607.34
784,Sharon Wood,sharon.wood@customer.net,France,2020-12-12,Premium,30778.70
785,Stephanie Murphy,stephanie.murphy@ecommerce.io,India,2024-02-19,Standard,3497.27
786,Aaron Schroeder,aaron.schroeder@example.com,UK,2022-11-01,Standard,1307.45
787,Jessica Simon,jessica.simon@ecommerce.io,UK,2023-06-15,Basic,352.87
788,Stephen Beck,stephen.beck@example.com,Australia,2020-08-16,Basic,643.44
789,Michael Brown,michael.brown@shopmail.com,Australia,2022-07-03,Basic,432.79
790,Amanda Robinson,amanda.robinson@shopmail.com,Germany,2021-01-05,Premium,40971.74
791,Russell Lewis,russell.lewis@ecommerce.io,USA,2020-10-24,Basic,635.99
792,Joseph Clayton,joseph.clayton@customer.net,India,2022-04-25,Basic,793.33
793,Matthew Lane,matthew.lane@customer.net,Australia,2023-07-29,Standard,1669.13
794,Ashlee Washington,ashlee.washington@ecommerce.io,USA,2023-08-08,Standard,2057.58
795,Matthew Fleming,matthew.fleming@example.com,UK,2022-08-08,Basic,458.87
796,Brandon Garcia,brandon.garcia@shopmail.com,Germany,2023-10-31,Standard,3822.43
797,Kristen Stevens,kristen.stevens@shopmail.com,France,2024-11-17,Standard,2738.94
798,David Mathews,david.mathews@customer.net,Germany,2023-10-21,Standard,2262.75
799,Scott Smith,scott.smith@example.com,USA,2022-12-24,Standard,3549.70
800,Susan Harris,susan.harris@customer.net,France,2023-08-28,Basic,872.52
801,Haley Anderson,haley.anderson@ecommerce.io,India,2020-07-20,Standard,2021.38
802,Debra Moore,debra.moore@customer.net,India,2023-10-14,Standard,3996.36
803,Sarah Hill,sarah.hill@shopmail.com,France,2021-11-22,Basic,709.95
804,Diamond Wright,diamond.wright@ecommerce.io,France,2020-01-22,Basic,705.52
805,Nathan Mckee,nathan.mckee@example.com,Germany,2020-07-19,Basic,572.74
806,Gabriel Sanders,gabriel.sanders@ecommerce.io,UK,2024-01-25,Standard,2133.19
807,Kevin Lyons,kevin.lyons@example.com,France,2020-07-07,Premium,7559.69
808,Jim Rios,jim.rios@shopmail.com,France,2023-07-30,Standard,1487.16
809,Jane Smith,jane.smith@example.com,India,2023-05-23,Basic,216.92
810,Thomas Anderson,thomas.anderson@shopmail.com,USA,2023-11-25,Standard,1737.05
811,Jeremy Frazier,jeremy.frazier@example.com,Australia,2022-07-17,Standard,4690.78
812,Albert Dominguez,albert.dominguez@customer.net,Australia,2023-09-29,Standard,4079.52
813,Lisa Mcneil,lisa.mcneil@shopmail.com,India,2020-05-31,Standard,2109.15
814,Robert Anderson,robert.anderson@customer.net,Canada,2020-05-03,Premium,16620.74
815,Chad Reyes,chad.reyes@shopmail.com,Germany,2020-05-22,Basic,542.55
816,Jessica Garcia,jessica.garcia@customer.net,UK,2023-08-14,Basic,542.85
817,Lawrence Ibarra,lawrence.ibarra@customer.net,UK,2023-06-11,Premium,33950.22
818,Derrick Ayala,derrick.ayala@ecommerce.io,USA,2020-03-12,Basic,165.63
819,Karen Anderson,karen.anderson@ecommerce.io,India,2022-07-02,Standard,1075.06
820,Victoria Thomas,victoria.thomas@example.com,USA,2023-09-23,Standard,2561.94
821,Alyssa Smith,alyssa.smith@ecommerce.io,Germany,2023-03-22,Premium,5166.67
822,Debra Alexander,debra.alexander@customer.net,Germany,2022-06-12,Basic,463.52
823,Jennifer Fuller,jennifer.fuller@example.com,France,2021-04-07,Basic,102.98
824,Edward Jenkins,edward.jenkins@customer.net,USA,2023-03-07,Basic,581.77
825,Glenda Heath,glenda.heath@ecommerce.io,Australia,2021-09-12,Basic,460.55
826,Christopher Garcia,christopher.garcia@example.com,Canada,2022-12-30,Standard,4413.37
827,Karen Lawrence,karen.lawrence@customer.net,India,2024-04-18,Standard,2159.83
828,Patrick Richmond,patrick.richmond@example.com,Germany,2023-09-15,Standard,1764.01
829,Leonard Taylor,leonard.taylor@example.com,Australia,2023-11-11,Standard,2437.04
830,Joshua Miller,joshua.miller@customer.net,Australia,2021-01-23,Premium,11297.43
831,Angela Greene,angela.greene@shopmail.com,Germany,2022-03-07,Premium,7834.67
832,Cathy Maxwell,cathy.maxwell@ecommerce.io,Germany,2022-12-29,Standard,4859.82
833,Hannah Abbott,hannah.abbott@example.com,USA,2021-11-25,Basic,150.45
834,Dominique Turner,dominique.turner@example.com,Germany,2020-08-30,Basic,290.51
835,April Hicks,april.hicks@customer.net,Australia,2024-11-17,Standard,4497.02
836,Julie Phillips,julie.phillips@shopmail.com,USA,2020-03-16,Premium,38095.69
837,Brian Hurst,brian.hurst@example.com,Germany,2023-06-20,Standard,1183.21
838,Stephanie Simpson,stephanie.simpson@shopmail.com,USA,2020-12-18,Basic,669.40
839,Daniel Porter,daniel.porter@example.com,Germany,2023-06-05,Basic,253.62
840,Brittney Rice,brittney.rice@example.com,USA,2022-10-15,Standard,3379.91
841,Tiffany Hatfield,tiffany.hatfield@example.com,India,2021-02-19,Standard,2704.85
842,Sarah Anderson,sarah.anderson@customer.net,Canada,2020-09-04,Basic,978.27
843,Michelle Carroll,michelle.carroll@shopmail.com,Canada,2024-09-09,Standard,4858.77
844,Michael Vega,michael.vega@example.com,France,2020-12-21,Standard,2342.01
845,Kathryn Best,kathryn.best@shopmail.com,India,2022-04-30,Premium,12562.29
846,Kaylee Smith,kaylee.smith@shopmail.com,Germany,2021-05-13,Standard,4702.70
847,Carlos Baker,carlos.baker@example.com,India,2024-10-01,Premium,33448.76
848,Bill Brown,,USA,2024-12-06,Standard,2947.87
849,Kristina Hunter,kristina.hunter@shopmail.com,USA,2023-12-18,Premium,34329.01
850,Courtney Mason,courtney.mason@customer.net,Australia,2024-07-11,Basic,813.02
851,Robert Miles,robert.miles@shopmail.com,UK,2020-10-20,Standard,3559.30
852,Christopher Herrera,christopher.herrera@customer.net,UK,2020-12-23,Standard,3442.15
853,Christina Ramirez,christina.ramirez@shopmail.com,Australia,2022-10-20,Premium,32542.24
854,Kyle Dixon,kyle.dixon@ecommerce.io,Canada,2022-05-07,Premium,5205.65
855,James Morton,james.morton@example.com,France,2020-07-14,Standard,3475.68
856,Amanda Myers,amanda.myers@shopmail.com,Germany,2024-04-26,Basic,663.82
857,Cynthia Davenport,cynthia.davenport@example.com,UK,2020-08-18,Standard,4186.45
858,Erin Jones,erin.jones@customer.net,Germany,2020-12-27,Standard,1639.04
859,Holly Blair,holly.blair@example.com,Australia,2022-01-15,Basic,356.56
860,Meghan Brown,meghan.brown@ecommerce.io,France,2024-07-06,Standard,4560.32
861,Christopher Hamilton,christopher.hamilton@example.com,Australia,2020-04-17,Standard,4699.45
862,Shawn Lynch,shawn.lynch@example.com,Germany,2022-11-20,Premium,10222.93
863,Kyle Harmon,kyle.harmon@customer.net,France,2023-04-02,Basic,393.38
864,Joy Wilson,joy.wilson@ecommerce.io,UK,2024-05-14,Premium,9955.98
865,Jean Miles,jean.miles@shopmail.com,Australia,2022-04-24,Standard,4479.55
866,Frank Benton,frank.benton@shopmail.com,USA,2022-08-22,Standard,3340.37
867,Alexandra Logan,alexandra.logan@customer.net,UK,2021-03-18,Premium,46754.92
868,Jennifer Jackson,jennifer.jackson@customer.net,Canada,2020-10-06,Standard,2830.96
869,David Norman,david.norman@ecommerce.io,Canada,2021-02-18,Premium,20115.11
870,Joseph Tanner,joseph.tanner@example.com,Canada,2020-10-06,Premium,9999.92
871,Kelsey Johnson,kelsey.johnson@customer.net,UK,2024-04-06,Standard,2374.30
872,Lindsay Nelson,lindsay.nelson@shopmail.com,India,2024-06-15,Basic,674.20
873,Caleb Joseph,caleb.joseph@shopmail.com,France,2023-02-06,Standard,4420.02
874,Barbara Jones,barbara.jones@customer.net,India,2021-03-19,Premium,31621.14
875,Spencer Ward,spencer.ward@ecommerce.io,USA,2024-02-04,Basic,485.30
876,Victor Bradley,victor.bradley@shopmail.com,Canada,2022-06-08,Basic,621.52
877,Michael Scott,michael.scott@shopmail.com,France,2020-01-11,Basic,475.99
878,Dakota Berry,dakota.berry@customer.net,Australia,2024-04-23,Premium,27689.73
879,Jennifer Perez,jennifer.perez@customer.net,Germany,2024-07-16,Standard,4192.07
880,William Williams,william.williams@customer.net,Germany,2021-05-07,Basic,174.78
881,Michelle Sanchez,michelle.sanchez@customer.net,UK,2020-09-28,Basic,422.57
882,Thomas Reyes,thomas.reyes@example.com,USA,2022-09-09,Standard,3676.14
883,Edward Velazquez,edward.velazquez@customer.net,India,2023-03-14,Premium,38627.90
884,Meredith Tran,meredith.tran@customer.net,Germany,2024-04-29,Premium,11238.08
885,Robin Yang,robin.yang@shopmail.com,India,2024-11-19,Basic,433.38
886,Robert Morris,robert.morris@example.com,India,2023-07-08,Standard,1282.79
887,Robert Cortez,robert.cortez@ecommerce.io,France,2020-03-07,Basic,366.93
888,Joseph Miller,joseph.miller@shopmail.com,India,2023-11-03,Basic,172.86
889,Nathan Shaw,nathan.shaw@example.com,France,2023-10-13,Basic,427.59
890,Rachel White,rachel.white@customer.net,Canada,2022-08-11,Premium,32861.01
891,Linda Jarvis,linda.jarvis@shopmail.com,Australia,2023-02-18,Standard,3819.49
892,Stephanie Jones,stephanie.jones@shopmail.com,UK,2021-11-16,Standard,1954.53
893,Steven Campbell,steven.campbell@customer.net,Australia,2024-03-20,Premium,31105.37
894,Megan Murphy,megan.murphy@shopmail.com,India,2024-03-05,Basic,784.80
895,Angela Smith,angela.smith@ecommerce.io,France,2023-10-25,Standard,2691.72
896,James Elliott,james.elliott@ecommerce.io,Canada,2022-07-15,Premium,26880.21
897,Kevin Dean,kevin.dean@example.com,Germany,2023-12-24,Standard,3127.62
898,Steven Vargas,steven.vargas@ecommerce.io,Germany,2023-06-25,Basic,431.33
899,Trevor Barton,trevor.barton@example.com,UK,2024-12-31,Standard,4535.92
900,James Mccullough,james.mccullough@customer.net,UK,2021-08-13,Premium,48121.54
901,Kathleen Sanchez,kathleen.sanchez@shopmail.com,Canada,2020-08-17,Premium,36368.69
902,Adam Ortiz,adam.ortiz@shopmail.com,France,2023-07-08,Standard,1090.76
903,Jesse Reed,jesse.reed@shopmail.com,Germany,2021-12-11,Standard,2680.52
904,Mary Wiley,mary.wiley@example.com,Canada,2021-01-22,Basic,156.65
905,Stephanie Smith,stephanie.smith@shopmail.com,India,2022-11-30,Basic,680.20
906,Diane Sweeney,diane.sweeney@ecommerce.io,Australia,2023-08-16,Standard,4147.30
907,Jessica Garcia,jessica.garcia@customer.net,Germany,2021-09-14,Standard,3269.01
908,Alyssa Allen,alyssa.allen@ecommerce.io,UK,2024-06-04,Basic,334.01
909,Travis Brown,travis.brown@ecommerce.io,India,2024-09-27,Standard,1189.28
910,Wendy Dawson,wendy.dawson@customer.net,UK,2023-06-20,Standard,4696.53
911,Christopher Morse,christopher.morse@ecommerce.io,UK,2020-12-25,Basic,855.40
912,Phyllis Meyer,phyllis.meyer@shopmail.com,UK,2021-05-02,Standard,1467.67
913,Jaclyn Watson,jaclyn.watson@shopmail.com,Germany,2021-06-17,Basic,432.70
914,Terri Miller,terri.miller@example.com,Australia,2021-10-11,Standard,4912.09
915,Cody Anderson,cody.anderson@customer.net,France,2020-11-28,Premium,29013.93
916,Lori Jones,lori.jones@example.com,Germany,2022-10-19,Premium,39583.32
917,Ashley Graham,ashley.graham@ecommerce.io,UK,2020-01-09,Basic,973.14
918,Tamara Young,tamara.young@ecommerce.io,Australia,2023-12-15,Standard,2182.23
919,Jose Edwards,jose.edwards@shopmail.com,India,2023-03-03,Basic,755.69
920,Lauren Haynes,lauren.haynes@ecommerce.io,Australia,2020-08-18,Basic,758.48
921,Jill Stewart,jill.stewart@shopmail.com,Australia,2023-02-02,Basic,205.19
922,Joseph Jones,joseph.jones@shopmail.com,Germany,2022-01-01,Premium,9161.65
923,James Chan,james.chan@shopmail.com,France,2022-12-14,Premium,14996.47
924,Brenda Moore,brenda.moore@ecommerce.io,UK,2020-02-16,Basic,175.23
925,Frank Owens,frank.owens@example.com,France,2022-03-18,Basic,275.01
926,Richard Herrera,richard.herrera@example.com,Australia,2022-01-09,Standard,2590.23
927,Tami Clark,tami.clark@customer.net,Canada,2022-03-01,Basic,435.55
928,Kyle Baker,kyle.baker@ecommerce.io,Canada,2022-07-01,Standard,4497.21
929,David Moore,david.moore@customer.net,Australia,2022-05-01,Premium,41165.85
930,Gina Mckenzie,gina.mckenzie@customer.net,Australia,2022-04-28,Standard,1558.27
931,Heidi Williams,heidi.williams@example.com,UK,2021-03-01,Standard,2212.92
932,Mary Murphy,mary.murphy@ecommerce.io,USA,2023-04-24,Basic,780.50
933,Christopher Wright,christopher.wright@customer.net,Australia,2021-07-13,Premium,23653.13
934,Michael Palmer,michael.palmer@shopmail.com,UK,2021-01-15,Standard,4329.13
935,Erica Green,erica.green@customer.net,USA,2024-08-12,Standard,4304.99
936,Vicki Johnson,vicki.johnson@ecommerce.io,Germany,2023-02-19,Basic,765.87
937,Richard Chavez,richard.chavez@example.com,UK,2021-06-21,Standard,2200.68
938,Kaitlin Wright,kaitlin.wright@customer.net,USA,2023-09-01,Standard,3663.65
939,Steven Lara,steven.lara@shopmail.com,Germany,2023-11-09,Standard,3579.14
940,Donald Smith,donald.smith@ecommerce.io,Germany,2020-05-16,Premium,31950.11
941,Maria Haas,maria.haas@customer.net,France,2022-06-12,Standard,4473.38
942,David Colon,david.colon@customer.net,Australia,2024-08-02,Standard,1478.33
943,Nathan Mccoy,nathan.mccoy@example.com,India,2021-06-15,Standard,1651.39
944,Deanna Aguilar,deanna.aguilar@ecommerce.io,Germany,2024-12-03,Premium,36197.74
945,Jonathan Hess,jonathan.hess@example.com,Canada,2022-01-09,Standard,2678.06
946,Andrew Brown,andrew.brown@ecommerce.io,USA,2021-08-16,Basic,362.50
947,Rachel Ramos,rachel.ramos@example.com,France,2021-01-31,Standard,4065.77
948,David Stein,david.stein@example.com,France,2024-03-21,Premium,12521.12
949,Maria Rivera,maria.rivera@ecommerce.io,India,2024-09-26,Standard,3739.87
950,Brad Murray,brad.murray@ecommerce.io,USA,2022-12-30,Standard,3320.19
951,Gary Berry,gary.berry@example.com,UK,2022-11-27,Basic,353.28
952,Lorraine Foster,lorraine.foster@customer.net,Canada,2020-11-29,Basic,192.18
953,Anthony Vega,anthony.vega@shopmail.com,India,2021-01-20,Premium,40779.80
954,Gerald Lewis,gerald.lewis@example.com,Germany,2022-08-01,Standard,4664.12
955,Jacob Ramirez,jacob.ramirez@shopmail.com,USA,2022-09-09,Premium,20669.45
956,Nicole Johnson,nicole.johnson@shopmail.com,India,2022-06-24,Standard,4558.91
957,Christine Sanchez,christine.sanchez@ecommerce.io,UK,2023-12-24,Standard,2218.74
958,Kenneth Jenkins,kenneth.jenkins@example.com,UK,2020-09-20,Basic,871.13
959,Andrea Brown,andrea.brown@shopmail.com,Canada,2020-09-13,Premium,14442.85
960,Joshua Taylor,joshua.taylor@customer.net,Australia,2024-04-11,Basic,805.63
961,James Wilkerson,james.wilkerson@customer.net,India,2022-06-02,Premium,6913.26
962,Alicia Mccoy,alicia.mccoy@example.com,Germany,2020-08-31,Premium,45883.82
963,Leah Norton,leah.norton@ecommerce.io,Australia,2020-01-22,Premium,38954.76
964,Veronica Casey,veronica.casey@shopmail.com,France,2021-02-13,Basic,266.30
965,Michael Stephens,michael.stephens@example.com,UK,2024-09-28,Standard,3984.79
966,Todd Durham,todd.durham@ecommerce.io,Canada,2020-11-24,Standard,4420.55
967,Wayne Price,wayne.price@shopmail.com,France,2023-03-13,Basic,161.50
968,Hector Flores,hector.flores@example.com,France,2021-03-20,Basic,744.23
969,Jeffery Huang,jeffery.huang@shopmail.com,India,2023-01-05,Basic,103.90
970,Kimberly Brown,kimberly.brown@shopmail.com,France,2024-10-09,Basic,736.98
971,Victoria Moreno,victoria.moreno@shopmail.com,Germany,2023-10-11,Standard,4830.99
972,Katie Key,katie.key@ecommerce.io,Germany,2022-05-18,Premium,14642.33
973,Terri Garcia,terri.garcia@example.com,India,2021-10-05,Standard,1494.46
974,Diane Adams,diane.adams@shopmail.com,Germany,2024-04-10,Premium,21256.27
975,Lisa Stark,lisa.stark@example.com,USA,2021-11-02,Standard,2974.85
976,Brian Davies,brian.davies@customer.net,France,2024-02-16,Standard,2248.03
977,Jeffrey Bradford,jeffrey.bradford@customer.net,UK,2023-02-08,Basic,466.55
978,Laura Kelly,laura.kelly@customer.net,UK,2024-10-20,Basic,162.65
979,Mary Bruce,mary.bruce@customer.net,Australia,2022-01-22,Basic,261.37
980,Gregory Watkins,gregory.watkins@customer.net,Australia,2020-08-03,Basic,456.73
981,Linda Wolfe,linda.wolfe@example.com,USA,2020-10-20,Standard,2579.25
982,Robin Johnson,robin.johnson@example.com,Australia,2020-12-11,Standard,1258.84
983,Jackie Meza,jackie.meza@ecommerce.io,UK,2023-05-03,Basic,859.63
984,Anne Hart,anne.hart@shopmail.com,India,2022-05-19,Standard,3900.80
985,Jacob Travis,jacob.travis@ecommerce.io,India,2024-06-04,Standard,4203.94
986,Nicole Vasquez,nicole.vasquez@ecommerce.io,Germany,2023-09-27,Basic,642.85
987,Kyle Henry,kyle.henry@customer.net,France,2021-07-25,Standard,1589.50
988,Christopher Hall,christopher.hall@example.com,Canada,2022-09-29,Standard,2989.10
989,Jeffery Fox,jeffery.fox@shopmail.com,USA,2020-07-22,Standard,3951.19
990,Aaron Hardin,aaron.hardin@customer.net,Australia,2020-02-24,Basic,974.87
991,James Anderson,james.anderson@ecommerce.io,UK,2021-09-12,Standard,3487.87
992,Jennifer Sellers,jennifer.sellers@example.com,Australia,2024-03-19,Premium,28397.70
993,Megan Morris,megan.morris@customer.net,UK,2021-08-24,Standard,3648.37
994,Andrew Willis,andrew.willis@ecommerce.io,France,2021-12-04,Standard,4237.93
995,Samantha Schroeder,samantha.schroeder@example.com,India,2020-03-05,Standard,4962.85
996,Meghan Valencia,meghan.valencia@example.com,Germany,2022-07-10,Basic,383.10
997,Susan Brooks,susan.brooks@customer.net,USA,2020-03-08,Standard,1707.48
998,Sheri Foster,sheri.foster@ecommerce.io,Australia,2020-12-02,Standard,2965.92
999,Craig Turner,craig.turner@customer.net,Germany,2024-04-13,Premium,9922.19
1000,Derek Moore,derek.moore@customer.net,Germany,2023-02-25,Standard,4417.41
1001,Stacy Conner,stacy.conner@customer.net,Canada,2022-10-10,Standard,3364.18
1002,Susan Banks,susan.banks@ecommerce.io,India,2021-08-05,Standard,2281.93
1003,Grant Novak,grant.novak@example.com,UK,2024-09-10,Premium,21488.45
1004,Heather Mcfarland,heather.mcfarland@example.com,India,2024-12-30,Basic,662.64
1005,Kristin Walker,kristin.walker@customer.net,Canada,2022-01-01,Standard,2647.72
1006,Brianna Thompson,brianna.thompson@shopmail.com,UK,2021-04-25,Premium,34163.73
1007,Kurt Barker,kurt.barker@example.com,India,2021-09-16,Standard,1457.89
1008,David Daniel,david.daniel@ecommerce.io,USA,2022-08-01,Premium,34599.55
1009,Stacy Fry,stacy.fry@customer.net,Canada,2020-02-11,Standard,3783.83
1010,Peter Gamble,peter.gamble@ecommerce.io,Germany,2023-03-14,Standard,2561.20
1011,Tammy Johnson,tammy.johnson@customer.net,USA,2023-11-15,Standard,3700.45
1012,Carrie Mccall,carrie.mccall@ecommerce.io,UK,2023-06-13,Standard,2198.08
1013,Tammy Walker,tammy.walker@shopmail.com,Germany,2023-07-25,Basic,862.60
1014,Ariana Zuniga,ariana.zuniga@shopmail.com,Canada,2021-06-27,Basic,142.78
1015,Donald Mcgee,donald.mcgee@customer.net,India,2021-04-07,Basic,662.12
1016,John Haas,john.haas@example.com,France,2021-11-20,Basic,346.03
1017,Gary Mcclure,gary.mcclure@customer.net,Germany,2021-03-05,Standard,2389.27
1018,Christopher Fletcher,christopher.fletcher@ecommerce.io,France,2024-07-04,Premium,18495.91
1019,Danielle Tanner,danielle.tanner@ecommerce.io,UK,2022-04-28,Standard,2609.20
1020,Sean Baker,sean.baker@customer.net,Australia,2024-04-12,Standard,3190.25
1021,John Jones,john.jones@shopmail.com,France,2022-10-19,Basic,291.66
1022,Jonathan Rodriguez,jonathan.rodriguez@customer.net,Canada,2023-07-30,Basic,579.45
1023,Aaron Cruz,aaron.cruz@customer.net,France,2024-01-28,Standard,3507.03
1024,Jessica Costa,jessica.costa@ecommerce.io,Germany,2020-10-29,Standard,1961.50
1025,Nicole Snyder,nicole.snyder@ecommerce.io,India,2022-06-10,Basic,469.23
1026,Nicholas Payne,nicholas.payne@example.com,Australia,2021-02-20,Basic,861.37
1027,Craig Mendoza,craig.mendoza@ecommerce.io,Australia,2020-11-24,Standard,2025.79
1028,Michelle Curtis,michelle.curtis@customer.net,UK,2020-08-20,Standard,1599.85
1029,Gloria Martin,gloria.martin@ecommerce.io,Germany,2022-09-21,Premium,30192.13
1030,Charles Singleton,charles.singleton@example.com,UK,2020-11-22,Standard,2090.85
1031,Kenneth Flores,kenneth.flores@ecommerce.io,Australia,2023-02-01,Premium,12919.33
1032,Stephanie Jones,stephanie.jones@customer.net,India,2020-02-10,Basic,149.79
1033,George Bennett,george.bennett@ecommerce.io,France,2021-09-02,Basic,880.45
1034,Jessica Payne,jessica.payne@customer.net,Canada,2023-10-07,Basic,691.69
1035,Rachael Davis,rachael.davis@shopmail.com,UK,2020-08-17,Premium,30693.80
1036,Brooke Austin,brooke.austin@example.com,France,2023-09-22,Standard,4315.93
1037,Timothy Johnson,timothy.johnson@ecommerce.io,Germany,2024-12-16,Basic,181.22
1038,Sherri Martin,sherri.martin@ecommerce.io,Canada,2024-08-31,Standard,3337.30
1039,Pamela Moore,pamela.moore@shopmail.com,Germany,2021-03-22,Standard,1577.11
1040,Craig Harris,craig.harris@ecommerce.io,Germany,2022-04-16,Premium,16443.77
1041,James Terry,james.terry@customer.net,France,2022-02-06,Standard,3798.47
1042,Jennifer Blair,jennifer.blair@customer.net,Germany,2023-10-30,Premium,16085.60
1043,Joseph Campbell,joseph.campbell@shopmail.com,Canada,2022-08-31,Standard,3862.68
1044,John Williams,john.williams@example.com,Australia,2023-05-25,Basic,131.33
1045,Ashley Larsen,ashley.larsen@example.com,Australia,2024-06-03,Basic,704.44
1046,Eric Ward,eric.ward@customer.net,Canada,2023-08-01,Standard,4833.93
1047,Ronald Phillips,ronald.phillips@example.com,France,2024-11-10,Standard,1945.53
1048,Ebony Greene,ebony.greene@example.com,Germany,2021-06-07,Standard,2203.55
1049,James Johnson,james.johnson@shopmail.com,Canada,2021-03-06,Basic,873.48
1050,George Carter,george.carter@customer.net,Australia,2021-10-11,Premium,44576.03
1051,Christopher Anthony,christopher.anthony@customer.net,India,2020-03-10,Basic,346.63
1052,Kyle Sanders,kyle.sanders@customer.net,Germany,2024-02-18,Premium,23583.26
1053,Tracy Guerrero,tracy.guerrero@customer.net,India,2020-07-24,Basic,841.96
1054,Christopher Stephens,christopher.stephens@example.com,Canada,2022-05-11,Standard,3408.46
1055,Jackson Mcclure,jackson.mcclure@ecommerce.io,Germany,2023-11-24,Basic,124.62
1056,Mike Griffin,mike.griffin@shopmail.com,Australia,2022-06-27,Premium,40595.87
1057,Jose Marshall,jose.marshall@customer.net,UK,2023-07-10,Premium,18749.64
1058,Jeremy Adams,jeremy.adams@example.com,UK,2021-05-26,Standard,3065.46
1059,Bryan Goodwin,bryan.goodwin@shopmail.com,India,2023-05-01,Basic,717.18
1060,Elizabeth Miller,elizabeth.miller@ecommerce.io,Germany,2022-09-06,Basic,886.16
1061,Maurice Weaver,maurice.weaver@shopmail.com,Australia,2023-04-29,Premium,42204.59
1062,Tara Lawrence,tara.lawrence@shopmail.com,USA,2022-04-28,Basic,430.84
1063,Angela Randall,angela.randall@customer.net,India,2024-12-16,Standard,3281.56
1064,Loretta Barnes,loretta.barnes@example.com,France,2023-08-18,Premium,32540.14
1065,Amanda Camacho,amanda.camacho@example.com,Germany,2021-02-10,Standard,2047.13
1066,Thomas Keith,,Germany,2023-06-19,Basic,486.01
1067,Thomas Miller,thomas.miller@example.com,Canada,2020-12-14,Standard,4788.97
1068,Raven Klein,raven.klein@customer.net,India,2022-07-18,Premium,42226.59
1069,Wayne Lester,wayne.lester@shopmail.com,Australia,2021-02-20,Standard,1762.18
1070,Lauren Byrd,lauren.byrd@ecommerce.io,Canada,2024-03-08,Basic,544.75
1071,Christine Martinez,christine.martinez@shopmail.com,France,2021-03-17,Premium,49784.34
1072,Katherine Thompson,katherine.thompson@shopmail.com,Germany,2021-01-04,Standard,2634.10
1073,Tracey Stanton,tracey.stanton@ecommerce.io,Canada,2021-04-27,Premium,32795.61
1074,Lindsey Martinez,lindsey.martinez@ecommerce.io,France,2023-11-02,Basic,682.51
1075,Rodney Mcneil,rodney.mcneil@customer.net,UK,2024-11-19,Premium,19546.07
1076,Ryan Osborn,ryan.osborn@shopmail.com,Australia,2022-02-24,Standard,3833.81
1077,Courtney Flowers,courtney.flowers@ecommerce.io,USA,2020-07-14,Basic,601.30
1078,Jonathan Bartlett,jonathan.bartlett@shopmail.com,Germany,2021-12-26,Premium,49853.27
1079,Robin Jones,robin.jones@example.com,USA,2021-06-03,Basic,554.09
1080,Paul Sanders,paul.sanders@customer.net,Australia,2022-01-29,Standard,1528.95
1081,Mark Hill,mark.hill@example.com,France,2021-01-02,Basic,334.26
1082,Stephen Marks,stephen.marks@ecommerce.io,Germany,2020-09-27,Standard,1358.59
1083,Kristin Dean,kristin.dean@customer.net,UK,2021-06-17,Basic,205.16
1084,Alexandra Barnes,alexandra.barnes@shopmail.com,Germany,2024-11-20,Premium,48801.72
1085,Robert Hernandez,robert.hernandez@ecommerce.io,Germany,2021-08-02,Standard,4611.17
1086,Brianna Chang,brianna.chang@ecommerce.io,France,2021-10-03,Standard,2743.10
1087,Sheila Buckley,sheila.buckley@customer.net,India,2020-11-05,Premium,30005.36
1088,Anna Garcia,anna.garcia@customer.net,USA,2021-01-21,Basic,233.76
1089,Justin Nichols,justin.nichols@example.com,Germany,2021-06-16,Standard,1654.22
1090,Maurice Jenkins,maurice.jenkins@example.com,Germany,2020-03-24,Standard,2766.08
1091,Patrick Washington,patrick.washington@customer.net,Germany,2022-10-06,Basic,201.24
1092,Chelsea Johnson,chelsea.johnson@shopmail.com,USA,2021-12-16,Basic,184.22
1093,Joshua Thomas,joshua.thomas@shopmail.com,India,2020-12-10,Basic,774.94
1094,Charlotte Steele,charlotte.steele@shopmail.com,France,2020-01-09,Basic,573.41
1095,Benjamin Preston,benjamin.preston@customer.net,USA,2021-05-19,Standard,4073.01
1096,Martin Young,martin.young@ecommerce.io,USA,2021-08-05,Standard,3725.25
1097,Julie Mccall,julie.mccall@customer.net,Canada,2023-04-24,Standard,4716.59
1098,Penny Smith,penny.smith@ecommerce.io,UK,2020-02-29,Premium,8647.85
1099,Lisa Turner,lisa.turner@customer.net,Germany,2023-07-10,Basic,959.68
1100,Juan Vasquez,juan.vasquez@example.com,Canada,2020-03-30,Standard,3624.69
1101,Heather Garcia,heather.garcia@ecommerce.io,Australia,2024-02-12,Basic,916.19
1102,Misty Taylor,misty.taylor@shopmail.com,UK,2024-11-02,Basic,143.81
1103,Terri Ramos,terri.ramos@ecommerce.io,India,2020-04-23,Standard,3975.20
1104,Margaret Adams,margaret.adams@customer.net,USA,2022-03-27,Standard,2020.66
1105,Robert Brewer,robert.brewer@customer.net,USA,2020-02-12,Standard,4409.38
1106,Jacob Lewis,jacob.lewis@customer.net,Canada,2023-08-18,Premium,38865.14
1107,Madison Figueroa,madison.figueroa@example.com,Canada,2022-10-02,Standard,4204.40
1108,Katherine Camacho,katherine.camacho@ecommerce.io,Australia,2023-05-20,Basic,218.16
1109,Lori Robertson,lori.robertson@ecommerce.io,France,2021-02-13,Standard,2958.49
1110,Erik Collins,erik.collins@customer.net,Canada,2023-02-27,Basic,640.31
1111,William Taylor,william.taylor@customer.net,India,2022-01-24,Premium,32624.05
1112,Melissa Suarez,melissa.suarez@customer.net,USA,2020-03-23,Standard,3053.37
1113,Anthony Lee,anthony.lee@shopmail.com,Australia,2023-11-06,Basic,742.27
1114,Marissa Hood,marissa.hood@example.com,Canada,2022-08-16,Basic,493.62
1115,John Bryant,john.bryant@customer.net,Canada,2020-10-31,Basic,985.77
1116,Samantha Bush,samantha.bush@ecommerce.io,India,2021-05-24,Standard,3092.37
1117,Joshua Colon,joshua.colon@example.com,France,2020-06-05,Standard,4669.21
1118,William Reid,william.reid@customer.net,Germany,2020-07-12,Standard,2858.63
1119,David Johnson,david.johnson@ecommerce.io,Canada,2021-06-05,Basic,627.01
1120,Nathan Wheeler,nathan.wheeler@example.com,USA,2024-02-25,Basic,695.42
1121,Gregory Harrell,gregory.harrell@shopmail.com,India,2022-03-15,Premium,7036.64
1122,Brenda Bailey,brenda.bailey@ecommerce.io,Canada,2023-04-17,Standard,3896.38
1123,Frank Kline,frank.kline@customer.net,France,2024-07-12,Basic,338.57
1124,Kaitlyn Barker,kaitlyn.barker@shopmail.com,UK,2021-01-14,Basic,170.40
1125,Justin Hughes,justin.hughes@ecommerce.io,India,2023-10-11,Basic,195.70
1126,Frank Armstrong,frank.armstrong@example.com,Germany,2020-08-26,Standard,1053.22
1127,Tammie Vincent,tammie.vincent@customer.net,Australia,2022-04-09,Standard,4475.12
1128,Deborah Byrd,deborah.byrd@customer.net,Canada,2023-06-20,Basic,831.82
1129,Joseph Ortiz,joseph.ortiz@customer.net,India,2021-09-11,Standard,1350.54
1130,Andrew Deleon,andrew.deleon@shopmail.com,USA,2024-07-29,Premium,5714.84
1131,Katrina Smith,katrina.smith@example.com,UK,2022-09-12,Basic,683.76
1132,Rhonda Holland,rhonda.holland@customer.net,India,2023-07-06,Standard,4432.76
1133,Carolyn Smith,carolyn.smith@example.com,Canada,2024-04-25,Standard,2853.70
1134,Johnny Trujillo,johnny.trujillo@example.com,USA,2020-12-06,Standard,4609.66
1135,Kevin Rasmussen,kevin.rasmussen@customer.net,Germany,2022-08-23,Basic,117.67
1136,Dawn Coleman,dawn.coleman@shopmail.com,UK,2021-08-26,Standard,3277.72
1137,Nicholas Bailey,nicholas.bailey@example.com,Canada,2020-01-17,Basic,192.40
1138,Johnathan Owens,johnathan.owens@customer.net,Germany,2024-10-03,Basic,546.13
1139,Erica Holloway,erica.holloway@ecommerce.io,USA,2022-09-25,Standard,2598.72
1140,Randy Garcia,randy.garcia@customer.net,UK,2024-01-02,Standard,1242.82
1141,William Bates,william.bates@ecommerce.io,France,2020-05-10,Premium,17053.20
1142,Megan Brooks,megan.brooks@customer.net,USA,2022-10-10,Standard,3490.79
1143,Deborah Lynch,deborah.lynch@customer.net,Australia,2022-06-12,Standard,1083.23
1144,Kenneth Rodriguez,kenneth.rodriguez@shopmail.com,Germany,2021-12-05,Standard,2752.44
1145,Caleb Mcneil,caleb.mcneil@ecommerce.io,France,2024-10-13,Standard,4369.87
1146,Danielle Hensley,danielle.hensley@shopmail.com,Canada,2024-01-20,Standard,3845.54
1147,Jose Dawson,jose.dawson@ecommerce.io,India,2022-08-25,Basic,819.78
1148,Patricia Evans,patricia.evans@shopmail.com,Canada,2023-11-15,Basic,774.33
1149,Edward Cannon,edward.cannon@shopmail.com,UK,2021-02-12,Standard,1625.26
1150,Rachel Trujillo,rachel.trujillo@customer.net,Germany,2021-09-13,Standard,1938.88
1151,Leah Greene,leah.greene@example.com,Canada,2024-12-09,Standard,2043.23
1152,Donna Becker,donna.becker@shopmail.com,India,2024-10-26,Standard,4577.83
1153,Jennifer Rios,jennifer.rios@example.com,Canada,2022-05-31,Premium,10128.62
1154,Whitney Green,whitney.green@shopmail.com,Germany,2021-06-12,Standard,4974.65
1155,Robert Price,robert.price@example.com,India,2024-12-02,Basic,601.32
1156,Austin Erickson,austin.erickson@example.com,Australia,2020-04-13,Basic,933.97
1157,Ashley Lee,ashley.lee@customer.net,India,2024-03-27,Standard,1443.72
1158,Jessica Walker,jessica.walker@example.com,India,2023-02-25,Premium,6888.62
1159,Amanda Glover,amanda.glover@example.com,India,2021-02-24,Premium,45994.36
1160,Rebecca Powers,rebecca.powers@ecommerce.io,Australia,2022-06-23,Premium,39288.41
1161,William Bruce,william.bruce@example.com,UK,2023-08-18,Standard,2454.95
1162,Mary Walter,mary.walter@example.com,India,2021-02-17,Basic,495.20
1163,Howard Davis,howard.davis@example.com,UK,2024-09-05,Standard,4236.58
1164,David Green,david.green@shopmail.com,USA,2021-06-28,Standard,2489.75
1165,Lindsey Hines,lindsey.hines@ecommerce.io,Australia,2023-09-23,Basic,320.91
1166,Isaac Frazier,isaac.frazier@customer.net,India,2021-04-12,Basic,224.19
1167,Matthew Davis,matthew.davis@customer.net,Germany,2024-10-11,Standard,3064.62
1168,Michael Garner,michael.garner@example.com,Germany,2020-10-25,Standard,4080.61
1169,Kurt French,kurt.french@example.com,USA,2021-11-23,Basic,383.32
1170,Mark Green,mark.green@shopmail.com,Germany,2020-05-05,Basic,453.94
1171,Kelly York,kelly.york@shopmail.com,France,2020-04-28,Premium,48997.98
1172,Thomas Delacruz,thomas.delacruz@ecommerce.io,Germany,2022-04-03,Basic,897.20
1173,Brandy Blackburn,brandy.blackburn@ecommerce.io,Australia,2024-03-01,Basic,382.33
1174,Charles Preston,charles.preston@ecommerce.io,France,2023-06-04,Standard,4681.80
1175,Vincent Dillon,vincent.dillon@customer.net,Australia,2021-02-24,Basic,898.82
1176,Patrick Evans,patrick.evans@customer.net,Australia,2021-12-08,Standard,4550.70
1177,Brian Dickerson,brian.dickerson@customer.net,India,2021-02-08,Basic,892.88
1178,Derrick Gonzalez,derrick.gonzalez@ecommerce.io,Germany,2024-01-25,Premium,37349.62
1179,Robert Hudson,robert.hudson@ecommerce.io,UK,2020-07-09,Basic,560.50
1180,Rebecca Ellis,,India,2023-07-25,Standard,1640.11
1181,Leslie Baldwin,leslie.baldwin@ecommerce.io,UK,2024-08-31,Premium,39837.10
1182,Kimberly Freeman,kimberly.freeman@example.com,Australia,2020-05-02,Basic,857.43
1183,Crystal Thompson,crystal.thompson@ecommerce.io,USA,2020-04-07,Standard,4026.24
1184,Cynthia Smith,cynthia.smith@customer.net,Canada,2023-03-18,Basic,763.17
1185,Joshua Juarez,joshua.juarez@shopmail.com,India,2024-03-07,Standard,4956.00
1186,Gary Duran,gary.duran@shopmail.com,Canada,2021-09-04,Standard,2138.14
1187,Tracy Gallagher,tracy.gallagher@shopmail.com,Australia,2022-02-12,Basic,567.70
1188,Christopher Mendez,christopher.mendez@ecommerce.io,France,2023-04-07,Standard,1770.22
1189,Cynthia Powell,cynthia.powell@customer.net,USA,2020-10-27,Basic,740.48
1190,Tammy Reyes,tammy.reyes@example.com,USA,2020-05-07,Basic,482.40
1191,Benjamin Gonzalez,benjamin.gonzalez@shopmail.com,Germany,2020-06-08,Premium,21618.24
1192,Nathan Smith,nathan.smith@customer.net,India,2021-06-24,Standard,3337.22
1193,Marco Whitaker,marco.whitaker@customer.net,Australia,2022-09-29,Standard,3926.87
1194,James Rhodes,james.rhodes@shopmail.com,UK,2022-11-01,Standard,1508.50
1195,Courtney Wright,courtney.wright@shopmail.com,Australia,2022-11-17,Basic,876.94
1196,Heather Cooper,heather.cooper@shopmail.com,Germany,2022-08-27,Premium,6467.33
1197,David Reyes,david.reyes@ecommerce.io,USA,2023-05-17,Premium,43354.30
1198,Brianna Jackson,brianna.jackson@ecommerce.io,France,2021-08-16,Premium,6812.70
1199,Madison Evans,madison.evans@ecommerce.io,Canada,2022-02-05,Premium,18646.70
1200,Kelly Luna,kelly.luna@shopmail.com,UK,2024-05-24,Standard,3358.50
1201,Caitlyn Morgan,caitlyn.morgan@ecommerce.io,Canada,2021-03-17,Premium,13238.47
1202,Pamela Cowan,pamela.cowan@example.com,USA,2023-01-26,Basic,413.78
1203,Matthew Valenzuela,matthew.valenzuela@customer.net,Germany,2023-03-19,Basic,378.73
1204,Michael Lopez,michael.lopez@ecommerce.io,India,2022-02-11,Standard,2900.91
1205,Stacy Hull,stacy.hull@shopmail.com,India,2020-10-10,Basic,554.29
1206,Richard Perez,richard.perez@customer.net,Australia,2022-07-08,Standard,1595.93
1207,Jessica Anderson,jessica.anderson@example.com,India,2023-07-03,Basic,698.05
1208,Jessica Lawrence,jessica.lawrence@shopmail.com,Germany,2021-11-25,Standard,3163.98
1209,Gary Richardson,gary.richardson@customer.net,Australia,2021-07-22,Basic,681.32
1210,Debra Johnson,debra.johnson@example.com,France,2023-07-14,Basic,816.54
1211,Nancy Scott,nancy.scott@example.com,Australia,2023-02-19,Basic,176.64
1212,Amanda Williams,amanda.williams@example.com,France,2022-12-04,Basic,270.46
1213,Virginia Stanley,virginia.stanley@example.com,USA,2023-09-10,Standard,4744.73
1214,Desiree Smith,desiree.smith@example.com,Canada,2024-05-30,Premium,14261.22
1215,Hannah Butler,hannah.butler@customer.net,USA,2024-07-10,Basic,580.19
1216,Omar Kelley,omar.kelley@example.com,Germany,2024-10-31,Standard,4735.40
1217,Thomas Hernandez,thomas.hernandez@shopmail.com,Germany,2020-02-19,Standard,4438.59
1218,Heather Mccoy,heather.mccoy@ecommerce.io,USA,2020-08-22,Standard,4919.14
1219,Kevin Stanley,kevin.stanley@ecommerce.io,UK,2021-01-09,Standard,2022.22
1220,Elaine Nelson,elaine.nelson@ecommerce.io,Germany,2023-10-21,Premium,12613.60
1221,Catherine Taylor,catherine.taylor@ecommerce.io,UK,2020-02-25,Standard,3853.20
1222,Maria Garcia,maria.garcia@example.com,Canada,2020-10-18,Standard,2651.29
1223,Jennifer Wilson,jennifer.wilson@customer.net,India,2020-09-04,Standard,1207.51
1224,Daniel Rodriguez,daniel.rodriguez@shopmail.com,Germany,2022-11-07,Standard,4009.56
1225,James Gonzalez,james.gonzalez@example.com,Canada,2020-05-04,Standard,2273.35
5264,Jose Mills,jose.mills@example.com,Germany,2020-02-29,Standard,2629.98
1227,James Warner,james.warner@example.com,Canada,2023-02-08,Standard,4853.90
1228,Kenneth Williams,kenneth.williams@shopmail.com,India,2023-02-10,Standard,3606.20
1229,Tyler Clark,tyler.clark@customer.net,Germany,2020-06-20,Premium,43082.50
1230,Sarah Rivera,sarah.rivera@shopmail.com,Canada,2023-01-11,Standard,4941.23
1231,Aaron Powers,aaron.powers@customer.net,France,2022-07-14,Basic,137.61
1232,Rebecca Conley,rebecca.conley@ecommerce.io,Australia,2020-12-08,Basic,100.49
1233,Elizabeth Hernandez,elizabeth.hernandez@customer.net,Canada,2023-05-09,Basic,325.80
1234,Christopher Hunt,christopher.hunt@ecommerce.io,India,2023-07-18,Standard,1851.02
1235,Jennifer Garcia,jennifer.garcia@ecommerce.io,USA,2020-11-26,Basic,765.26
1236,Jonathan Hall,jonathan.hall@ecommerce.io,USA,2022-03-20,Standard,3793.72
1237,Vanessa Phillips,vanessa.phillips@ecommerce.io,Germany,2021-03-07,Basic,649.40
1238,Steven Garcia,steven.garcia@ecommerce.io,Australia,2021-12-02,Basic,671.65
1239,Gregg Williams,gregg.williams@customer.net,Canada,2021-05-18,Basic,696.05
1240,Kelly Solis,kelly.solis@shopmail.com,Germany,2023-05-12,Standard,2313.83
1241,Larry Rodgers,larry.rodgers@shopmail.com,Australia,2020-01-05,Basic,647.91
1242,Cody Chang,cody.chang@example.com,Australia,2020-12-21,Premium,23592.34
1243,Brandon Christian,brandon.christian@customer.net,India,2022-03-15,Basic,584.32
1244,Elizabeth Jackson,elizabeth.jackson@example.com,France,2020-03-04,Basic,903.31
1245,Michael Kim,michael.kim@customer.net,Australia,2020-09-09,Basic,417.70
1246,Christy Johns,christy.johns@ecommerce.io,Germany,2020-12-28,Basic,855.23
1247,Christopher Briggs,christopher.briggs@example.com,USA,2022-08-05,Basic,433.43
1248,Ian Morales,ian.morales@example.com,UK,2024-03-01,Premium,5890.18
1249,Suzanne Nelson,suzanne.nelson@ecommerce.io,UK,2020-07-03,Standard,4265.12
1250,Paul Jefferson,paul.jefferson@shopmail.com,UK,2022-10-08,Standard,4869.19
1251,Lauren Banks,lauren.banks@customer.net,Australia,2023-12-18,Premium,32271.21
1252,Laura Wilson,laura.wilson@customer.net,USA,2024-11-16,Premium,17480.64
1253,Heather Brown,heather.brown@shopmail.com,France,2021-01-31,Standard,3639.35
1254,Sherri Moore,sherri.moore@shopmail.com,USA,2023-04-19,Standard,1512.99
1255,Robert Garza,robert.garza@ecommerce.io,France,2024-10-18,Premium,15258.43
1256,Leah Gregory,leah.gregory@ecommerce.io,UK,2024-10-02,Standard,3711.91
1257,Howard James,howard.james@ecommerce.io,Australia,2023-02-21,Basic,894.79
1258,Michael Johnson,michael.johnson@customer.net,Australia,2023-10-10,Premium,47438.34
1259,Gabrielle Roberson,gabrielle.roberson@ecommerce.io,Germany,2024-09-25,Premium,49779.79
1260,Teresa Anderson,teresa.anderson@customer.net,Germany,2022-01-10,Standard,3069.03
1261,Samantha Rodriguez,samantha.rodriguez@shopmail.com,USA,2021-07-23,Premium,46327.62
1262,Robert Williams,robert.williams@ecommerce.io,USA,2022-03-13,Standard,1778.43
1263,Jose Edwards,jose.edwards@example.com,Australia,2021-04-07,Premium,49014.30
1264,Janet Gregory,janet.gregory@example.com,UK,2021-02-07,Standard,1657.93
1265,Katrina Ray,katrina.ray@example.com,USA,2022-09-09,Standard,2727.80
1266,Annette Levine,annette.levine@ecommerce.io,India,2021-05-27,Premium,16121.91
1267,Elizabeth Morgan,elizabeth.morgan@ecommerce.io,India,2020-04-21,Standard,4286.54
1268,Alexandra Haynes,alexandra.haynes@shopmail.com,USA,2024-05-07,Standard,3399.86
1269,Cody Stanley,cody.stanley@example.com,Australia,2022-07-03,Standard,3315.74
1270,John Reed,john.reed@example.com,USA,2022-02-11,Premium,19097.57
1271,Erica Cruz,erica.cruz@example.com,India,2020-09-18,Basic,155.80
1272,Mary Grant,mary.grant@example.com,Canada,2023-06-04,Basic,663.57
1273,Vanessa Brown,vanessa.brown@example.com,France,2020-04-16,Premium,18271.25
1274,Dawn Moore,dawn.moore@example.com,France,2024-03-20,Standard,2644.43
1275,Melinda Christian,melinda.christian@example.com,Germany,2022-02-25,Basic,517.79
1276,Molly Jones,molly.jones@example.com,Canada,2023-08-26,Standard,4750.34
1277,Travis Allen,travis.allen@customer.net,France,2021-11-03,Basic,629.03
1278,Tara Williams,tara.williams@example.com,France,2023-12-31,Premium,8039.50
1279,Jeffrey Schneider,jeffrey.schneider@shopmail.com,France,2020-09-15,Basic,673.63
1280,Richard Young,richard.young@customer.net,Germany,2024-01-24,Standard,3483.40
1281,Stephen Solis,stephen.solis@shopmail.com,India,2020-03-31,Premium,7722.10
1282,Shane Gates,shane.gates@customer.net,France,2023-08-27,Standard,4017.49
1283,Sergio Wilson,sergio.wilson@shopmail.com,UK,2022-08-19,Standard,2234.70
1284,Tyler Valdez,tyler.valdez@ecommerce.io,USA,2022-11-26,Standard,3345.76
1285,Curtis Gutierrez,curtis.gutierrez@example.com,UK,2022-11-04,Standard,4276.74
1286,Angela Smith,angela.smith@example.com,Germany,2021-12-05,Standard,1781.63
1287,Christopher Munoz,christopher.munoz@shopmail.com,India,2020-05-20,Standard,2366.21
1288,Christine Torres,christine.torres@customer.net,France,2023-11-19,Standard,2324.58
1289,William Clark,william.clark@ecommerce.io,France,2021-09-05,Standard,2674.78
1290,Emily Clements,emily.clements@customer.net,India,2020-03-27,Premium,27316.88
1291,Michael Brown,michael.brown@shopmail.com,Australia,2021-04-16,Basic,519.88
1292,Jeffrey Gibson,jeffrey.gibson@customer.net,Australia,2024-04-22,Standard,4810.35
1293,Ann Harvey,ann.harvey@customer.net,UK,2022-03-30,Standard,1736.98
1294,Thomas Sandoval,thomas.sandoval@ecommerce.io,USA,2020-05-31,Basic,422.10
1295,Jennifer Wilson,jennifer.wilson@shopmail.com,Canada,2022-06-20,Standard,1777.61
1296,Katherine Walker,katherine.walker@ecommerce.io,USA,2020-03-01,Standard,1796.49
1297,Matthew Gallegos,matthew.gallegos@shopmail.com,Canada,2024-01-12,Standard,1697.14
1298,Tamara Carter,tamara.carter@shopmail.com,UK,2021-02-05,Basic,119.34
1299,Alejandra Park,,USA,2024-08-29,Basic,709.71
1300,Brandon Martin,brandon.martin@example.com,Canada,2021-03-06,Standard,2220.29
1301,Donald Love,donald.love@ecommerce.io,Australia,2020-12-16,Standard,4764.65
1302,Jennifer Rodriguez,jennifer.rodriguez@customer.net,Australia,2020-05-13,Basic,206.64
1303,Cheryl Lopez,cheryl.lopez@shopmail.com,India,2021-01-23,Basic,272.51
1304,Sarah Long,sarah.long@ecommerce.io,Canada,2023-05-12,Standard,2718.16
1305,Stephen Harrington,stephen.harrington@example.com,India,2023-06-15,Standard,3349.30
1306,Jennifer Rodriguez,jennifer.rodriguez@ecommerce.io,India,2020-10-31,Basic,394.91
1307,Robert House,robert.house@ecommerce.io,India,2020-09-15,Premium,43317.62
1308,Mary Chapman,mary.chapman@customer.net,UK,2024-01-29,Basic,173.27
1309,Kelsey Hayes,kelsey.hayes@example.com,UK,2022-11-07,Standard,2552.46
1310,Dominique Blanchard,dominique.blanchard@ecommerce.io,Germany,2022-11-28,Basic,517.84
1311,Dennis Porter,dennis.porter@ecommerce.io,France,2023-11-23,Standard,2933.19
1312,Alyssa Williams,alyssa.williams@customer.net,Canada,2023-04-05,Basic,460.85
1313,Savannah Roberson,savannah.roberson@example.com,UK,2021-03-25,Basic,905.40
1314,Timothy Romero,timothy.romero@shopmail.com,Germany,2021-03-23,Standard,2224.00
1315,Samantha Thompson,samantha.thompson@shopmail.com,India,2022-02-05,Basic,329.08
1316,Beth Cross,beth.cross@example.com,Canada,2022-06-29,Premium,28346.93
1317,David Hughes,david.hughes@example.com,Germany,2022-11-15,Standard,3484.50
1318,Caroline Andrade,caroline.andrade@customer.net,Germany,2022-04-17,Standard,2470.05
1319,William Cruz,william.cruz@ecommerce.io,Germany,2020-02-20,Standard,1718.26
1320,Tiffany Moon,tiffany.moon@example.com,Canada,2020-06-17,Standard,2178.07
1321,Kathryn Hill,kathryn.hill@example.com,India,2021-07-20,Standard,4706.42
1322,Tamara Waller,tamara.waller@example.com,Canada,2020-03-19,Premium,29571.17
1323,Shawn Anderson,shawn.anderson@ecommerce.io,Canada,2021-09-11,Standard,3980.85
1324,Robert Graves,robert.graves@ecommerce.io,UK,2023-12-16,Basic,643.63
1325,Kaitlyn Evans,kaitlyn.evans@ecommerce.io,USA,2024-04-26,Premium,18476.34
1326,Jacqueline Valencia,jacqueline.valencia@customer.net,Germany,2024-08-10,Basic,621.96
1327,Jennifer Walls,jennifer.walls@customer.net,Australia,2022-11-15,Standard,4957.10
1328,Cynthia Harris,cynthia.harris@customer.net,UK,2021-04-09,Basic,751.00
1329,Claudia Roberts,claudia.roberts@shopmail.com,France,2023-04-17,Standard,4143.90
1330,Michael Chambers,michael.chambers@customer.net,Canada,2024-06-09,Basic,177.29
1331,Tina Santos,tina.santos@customer.net,India,2023-11-30,Basic,475.92
1332,Susan Gordon,susan.gordon@example.com,Canada,2020-10-11,Standard,3310.03
1333,Heather Morris,heather.morris@example.com,Germany,2024-07-17,Premium,34648.17
1334,Darrell Bell,darrell.bell@shopmail.com,Germany,2022-05-21,Standard,3743.05
1335,Timothy Duncan,timothy.duncan@ecommerce.io,Canada,2023-04-17,Standard,1092.96
1336,Elizabeth Butler,elizabeth.butler@shopmail.com,UK,2021-11-07,Basic,611.37
1337,Julie Skinner,julie.skinner@customer.net,Germany,2021-02-22,Basic,953.82
1338,Justin Boone,justin.boone@customer.net,UK,2022-08-30,Premium,9888.73
1339,Lindsey Mills,lindsey.mills@customer.net,Australia,2021-09-15,Standard,1372.97
1340,Anthony Thomas,anthony.thomas@shopmail.com,USA,2024-08-19,Premium,36006.10
1341,Ellen Gonzalez,ellen.gonzalez@shopmail.com,UK,2020-05-22,Standard,4645.38
1342,Karen Martin,karen.martin@shopmail.com,UK,2021-08-19,Standard,3638.28
1343,Justin King,justin.king@example.com,Canada,2022-11-27,Premium,5497.12
1344,Mary Vaughn,mary.vaughn@customer.net,Germany,2020-11-17,Standard,4958.38
1345,Kenneth Molina,kenneth.molina@customer.net,Germany,2024-03-01,Premium,8094.33
1346,Antonio Cervantes,antonio.cervantes@shopmail.com,UK,2024-11-17,Basic,285.11
1347,Curtis Parrish,curtis.parrish@customer.net,UK,2023-05-21,Standard,3300.37
1348,Jodi Hancock,jodi.hancock@shopmail.com,France,2024-01-07,Standard,3739.34
1349,Julia Hoffman,julia.hoffman@example.com,UK,2022-07-01,Standard,1255.88
1350,John Mueller,john.mueller@shopmail.com,France,2021-11-04,Standard,4641.21
1351,Lauren Roberts,lauren.roberts@customer.net,Germany,2023-03-25,Basic,135.18
1352,Elizabeth House,elizabeth.house@customer.net,Canada,2023-12-05,Premium,42918.78
1353,Paul Frye,paul.frye@customer.net,France,2024-08-13,Basic,828.99
1354,Theresa Edwards,theresa.edwards@shopmail.com,UK,2023-06-19,Premium,37995.98
1355,Andrea Smith,andrea.smith@shopmail.com,Australia,2023-03-10,Standard,1382.14
1356,John Oliver,john.oliver@example.com,UK,2024-12-18,Standard,4482.16
1357,Kimberly Berg,kimberly.berg@ecommerce.io,Australia,2020-05-16,Standard,3792.18
1358,Maria Pruitt,maria.pruitt@shopmail.com,Germany,2022-04-22,Basic,993.15
1359,Janet Holland,janet.holland@ecommerce.io,USA,2024-03-27,Standard,1420.90
1360,Kari Payne,kari.payne@ecommerce.io,Germany,2022-07-12,Basic,248.36
1361,Carrie Parsons,carrie.parsons@example.com,Germany,2020-02-24,Standard,1292.78
1362,Tamara Phillips,tamara.phillips@customer.net,Germany,2021-12-04,Standard,3983.83
1363,Gregory Fleming,gregory.fleming@customer.net,USA,2020-01-22,Basic,325.55
1364,Jacob Thompson,jacob.thompson@shopmail.com,Canada,2023-10-04,Basic,773.81
1365,Willie Bennett,willie.bennett@example.com,USA,2023-01-28,Standard,3628.09
1366,Roy Hawkins,roy.hawkins@customer.net,UK,2022-08-22,Basic,838.38
1367,David Silva,david.silva@shopmail.com,India,2020-02-06,Basic,646.29
1368,Jonathan Rivera,jonathan.rivera@example.com,France,2024-02-27,Premium,22588.23
1369,Jenna Moore,jenna.moore@example.com,Australia,2021-07-13,Premium,11907.34
1370,Eric Morris,eric.morris@shopmail.com,Australia,2020-03-11,Standard,4570.75
1371,Brent Randolph,brent.randolph@customer.net,Australia,2020-04-07,Standard,4346.00
1372,Christina Stanley,christina.stanley@example.com,Germany,2023-11-14,Basic,377.49
1373,Tracy Armstrong,tracy.armstrong@example.com,USA,2024-04-30,Premium,21982.80
1374,Michael Bowers,michael.bowers@shopmail.com,Canada,2021-05-03,Standard,1799.94
1375,Louis Robinson,louis.robinson@example.com,USA,2021-11-21,Premium,41923.69
1376,Ivan Jones,ivan.jones@example.com,UK,2024-12-11,Standard,1386.41
1377,William Perry,william.perry@shopmail.com,Australia,2020-12-08,Basic,139.61
1378,Amanda Davis,amanda.davis@ecommerce.io,Canada,2023-02-25,Standard,3507.15
1379,Jeffrey Lewis,jeffrey.lewis@customer.net,Germany,2020-09-04,Standard,1929.63
1380,Martin Ward,martin.ward@ecommerce.io,UK,2020-01-31,Premium,23096.28
1381,Jeffery Goodwin,jeffery.goodwin@customer.net,UK,2022-07-28,Standard,1880.38
1382,Alyssa Barajas,alyssa.barajas@ecommerce.io,Australia,2023-07-01,Standard,2475.92
1383,Madison Zavala,madison.zavala@shopmail.com,Germany,2021-09-09,Premium,39539.53
1384,Alan Caldwell,alan.caldwell@example.com,Australia,2023-01-03,Standard,4165.04
1385,Sean Conway,sean.conway@shopmail.com,Canada,2020-07-13,Basic,639.88
1386,Christina Oliver,christina.oliver@customer.net,Australia,2024-04-28,Basic,724.35
1387,Susan Fleming,susan.fleming@ecommerce.io,India,2023-09-26,Standard,2928.52
1388,Manuel Moon,manuel.moon@customer.net,Germany,2022-11-12,Standard,3562.37
1389,Sierra Cruz,sierra.cruz@example.com,UK,2020-02-13,Standard,3465.39
1390,Amber Campbell,amber.campbell@ecommerce.io,UK,2024-02-20,Basic,485.65
1391,Rhonda Short,rhonda.short@example.com,USA,2020-10-08,Standard,2498.09
1392,Nicholas Lang,nicholas.lang@shopmail.com,Germany,2021-02-22,Standard,3568.16
1393,Sean Williams,sean.williams@customer.net,Australia,2024-12-01,Standard,2314.76
1394,Rachel Lee,rachel.lee@example.com,France,2024-06-09,Standard,4910.27
1395,Willie Vaughan,willie.vaughan@ecommerce.io,India,2020-02-18,Standard,1916.04
1396,Gary Huber,gary.huber@ecommerce.io,UK,2021-02-25,Basic,585.38
1397,Amanda Smith,amanda.smith@shopmail.com,India,2023-11-08,Basic,726.65
1398,Cameron Santiago,cameron.santiago@customer.net,France,2021-10-20,Standard,1734.18
1399,Kim Hancock,kim.hancock@example.com,India,2022-10-03,Standard,1279.94
1400,Roger Garcia,roger.garcia@shopmail.com,UK,2020-09-14,Premium,9129.17
1401,Amanda Park,amanda.park@shopmail.com,UK,2022-11-05,Standard,1312.66
1402,Theresa Rowe,theresa.rowe@ecommerce.io,UK,2024-01-17,Basic,277.78
1403,Deborah Case,deborah.case@shopmail.com,Canada,2021-08-07,Standard,3305.69
1404,Julie Hernandez,julie.hernandez@shopmail.com,Canada,2024-11-01,Basic,803.16
1405,Stephen Rivera,stephen.rivera@ecommerce.io,Germany,2022-02-12,Premium,12549.47
1406,Christopher Brown,christopher.brown@customer.net,India,2020-11-15,Standard,4278.42
1407,Laura Grant,laura.grant@example.com,India,2022-02-20,Basic,484.66
1408,Bailey Perez,bailey.perez@ecommerce.io,France,2023-01-05,Premium,11875.94
1409,Jonathan Hughes,jonathan.hughes@ecommerce.io,Germany,2022-08-07,Basic,375.26
1410,Crystal Hamilton,crystal.hamilton@customer.net,USA,2021-11-13,Standard,1546.63
1411,Andre Nunez,andre.nunez@shopmail.com,UK,2020-01-09,Standard,1051.34
1412,Amanda May,amanda.may@ecommerce.io,Germany,2022-04-08,Standard,4702.76
1413,Christine Avila,christine.avila@ecommerce.io,Germany,2022-09-29,Basic,377.03
1414,Brenda Haynes,brenda.haynes@example.com,Germany,2024-12-17,Basic,134.94
1415,Charles Reilly,charles.reilly@customer.net,France,2020-11-28,Basic,274.81
1416,Daniel Buchanan,daniel.buchanan@ecommerce.io,India,2024-03-19,Standard,3888.98
1417,Kevin Miller,kevin.miller@customer.net,Australia,2023-11-11,Standard,2472.72
1418,Kathy Kim,kathy.kim@customer.net,Germany,2024-02-15,Premium,16105.63
1419,Randall Guerrero,randall.guerrero@ecommerce.io,Australia,2023-12-18,Standard,3705.70
1420,Thomas Ferguson,thomas.ferguson@shopmail.com,Canada,2023-05-24,Standard,2821.88
1421,Derek Myers,derek.myers@ecommerce.io,UK,2023-05-18,Standard,3313.37
1422,Lauren Gardner,lauren.gardner@shopmail.com,USA,2020-08-27,Standard,4083.89
1423,Susan Thomas,susan.thomas@customer.net,Germany,2023-12-17,Standard,3344.64
1424,Erica Sloan,erica.sloan@shopmail.com,Germany,2020-12-05,Basic,846.77
1425,Laura Daniel,laura.daniel@ecommerce.io,France,2022-12-27,Standard,3633.94
1426,Nathan Herring,nathan.herring@ecommerce.io,Australia,2022-04-22,Standard,4009.85
1427,Angela Peters,angela.peters@example.com,USA,2023-07-26,Basic,615.35
1428,David Smith,david.smith@shopmail.com,Canada,2024-03-13,Basic,288.57
1429,Candice Medina,candice.medina@ecommerce.io,USA,2020-12-10,Basic,834.75
1430,Stacey Torres,stacey.torres@example.com,India,2023-11-27,Premium,23802.78
1431,Kaitlin Berger,kaitlin.berger@ecommerce.io,Australia,2022-06-01,Standard,1682.54
1432,Maurice Gutierrez,maurice.gutierrez@shopmail.com,UK,2022-09-23,Standard,1727.94
1433,Debbie Hunt,debbie.hunt@customer.net,France,2024-07-25,Basic,291.32
1434,Eugene Walker,eugene.walker@shopmail.com,India,2024-04-03,Standard,1767.54
1435,Mary Lee,mary.lee@customer.net,Germany,2023-07-07,Basic,921.67
1436,Howard Marsh,howard.marsh@shopmail.com,USA,2021-08-23,Premium,8856.82
1437,Melissa York,melissa.york@example.com,Canada,2020-03-01,Premium,31354.09
1438,Sarah Gamble,sarah.gamble@example.com,USA,2020-05-05,Standard,2064.32
1439,Steven Dunn,steven.dunn@example.com,USA,2021-03-08,Basic,570.10
1440,Kelly Jones,kelly.jones@ecommerce.io,Germany,2022-08-27,Premium,39061.02
1441,Corey Swanson,corey.swanson@ecommerce.io,Canada,2023-10-28,Standard,4560.61
1442,Tony Rivera,tony.rivera@shopmail.com,Canada,2023-09-24,Basic,458.62
1443,David Rios,david.rios@ecommerce.io,India,2021-11-07,Standard,4225.08
1444,Craig Harvey,craig.harvey@customer.net,Australia,2024-09-06,Premium,44958.67
1445,Rachel Stewart,rachel.stewart@example.com,India,2022-12-22,Premium,17576.04
1446,Shannon Jensen,shannon.jensen@shopmail.com,Canada,2022-07-14,Standard,3473.41
1447,Kevin Silva,kevin.silva@customer.net,France,2022-04-26,Standard,3640.91
1448,Ariana Diaz,ariana.diaz@ecommerce.io,USA,2023-07-21,Premium,21209.25
1449,Leslie Patterson,leslie.patterson@ecommerce.io,Australia,2022-06-28,Premium,15510.14
1450,Adam Sanchez,adam.sanchez@example.com,Canada,2022-05-26,Standard,4756.34
1451,Jeffrey Singh,jeffrey.singh@customer.net,Australia,2024-10-21,Basic,729.55
1452,Ryan Larsen,ryan.larsen@customer.net,Canada,2023-05-28,Premium,13778.46
1453,Dennis Quinn,dennis.quinn@example.com,UK,2022-10-16,Premium,40856.93
1454,Natalie Ford,natalie.ford@customer.net,UK,2022-07-02,Standard,4820.20
1455,Michael Torres,michael.torres@shopmail.com,UK,2021-03-09,Standard,1681.73
1456,Andrea Thompson,andrea.thompson@example.com,USA,2022-06-09,Basic,994.03
1457,Catherine Wilkinson,catherine.wilkinson@ecommerce.io,Germany,2024-04-18,Premium,17616.10
1458,Michele Taylor,michele.taylor@customer.net,Australia,2020-09-09,Basic,698.93
1459,Amanda Baker,amanda.baker@customer.net,USA,2024-06-17,Basic,722.61
1460,Olivia Jones,olivia.jones@example.com,Australia,2021-12-03,Basic,439.31
1461,Charles Smith,charles.smith@customer.net,Australia,2023-08-08,Basic,806.57
1462,William Johnson,william.johnson@customer.net,India,2021-04-22,Basic,301.20
1463,Bonnie Sullivan,bonnie.sullivan@example.com,USA,2020-07-01,Premium,20310.70
1464,Brittany Escobar,brittany.escobar@shopmail.com,Australia,2020-08-25,Standard,3291.36
1465,Andrea Stephens,andrea.stephens@ecommerce.io,Germany,2023-03-27,Premium,38161.31
1466,Yolanda Kennedy,yolanda.kennedy@shopmail.com,India,2022-03-05,Standard,4919.40
1467,Kimberly Diaz,kimberly.diaz@ecommerce.io,India,2023-10-23,Standard,4735.70
1468,Jeffrey Barton,jeffrey.barton@shopmail.com,USA,2022-03-20,Premium,5413.48
1469,Jessica Carter,jessica.carter@ecommerce.io,UK,2024-07-29,Basic,948.60
1470,Steven Dixon,steven.dixon@customer.net,Australia,2022-07-22,Basic,232.68
1471,Randy Shaw,randy.shaw@example.com,France,2021-10-17,Standard,2235.57
1472,Elaine Charles,elaine.charles@example.com,Canada,2024-10-02,Basic,735.87
1473,Lindsay Mendez,lindsay.mendez@shopmail.com,Germany,2021-08-19,Standard,3816.56
1474,Gabriel Palmer,gabriel.palmer@ecommerce.io,UK,2024-08-22,Standard,3867.07
1475,Sean White,sean.white@shopmail.com,Australia,2024-02-15,Basic,147.31
1476,Stacy Hopkins,stacy.hopkins@shopmail.com,India,2022-09-25,Basic,754.66
1477,Tammy Fitzgerald,tammy.fitzgerald@shopmail.com,USA,2023-01-27,Standard,2569.14
1478,Timothy Howard,timothy.howard@customer.net,Canada,2024-03-31,Standard,2565.45
1479,Jeffery Freeman,jeffery.freeman@ecommerce.io,Canada,2023-11-27,Premium,46537.87
1480,Bryan Wood,bryan.wood@customer.net,USA,2020-09-25,Basic,391.08
1481,Brad Clark,brad.clark@example.com,India,2023-12-24,Basic,373.67
1482,Rebecca Ward,rebecca.ward@shopmail.com,Germany,2023-11-26,Standard,2929.77
1483,Terry Gibson,terry.gibson@shopmail.com,UK,2024-07-05,Basic,773.54
1484,Brandon Hooper,brandon.hooper@example.com,Canada,2024-01-26,Basic,870.53
1485,Mario Padilla,mario.padilla@shopmail.com,Germany,2022-05-24,Premium,35575.04
1486,Adrienne Gallegos,adrienne.gallegos@example.com,USA,2021-12-29,Premium,48837.14
1487,Mary Baker,mary.baker@example.com,USA,2022-11-21,Premium,34254.40
1488,Amy Thompson,amy.thompson@shopmail.com,Australia,2024-01-19,Standard,2615.98
1489,Desiree Diaz,desiree.diaz@shopmail.com,Germany,2022-09-27,Premium,18621.03
1490,Denise Houston,denise.houston@shopmail.com,Australia,2024-03-06,Standard,2501.49
1491,Zachary Bennett,zachary.bennett@example.com,India,2022-08-07,Standard,4459.58
1492,Rebecca Black,rebecca.black@ecommerce.io,Australia,2023-08-30,Standard,2780.47
1493,Michael Parrish,michael.parrish@example.com,USA,2020-09-06,Premium,27014.83
1494,Tommy Olson,tommy.olson@shopmail.com,USA,2023-04-16,Standard,3291.93
1495,Cassandra Shaw,cassandra.shaw@ecommerce.io,Australia,2024-03-06,Standard,1378.21
1496,Don Martin,don.martin@customer.net,Germany,2023-08-13,Standard,3810.95
1497,Chris Schneider,chris.schneider@shopmail.com,USA,2021-10-28,Standard,1253.99
1498,Jason Lopez,jason.lopez@shopmail.com,Germany,2024-07-22,Basic,730.67
1499,Michael Love,michael.love@customer.net,USA,2022-11-28,Standard,4348.58
1500,David Hall,david.hall@example.com,India,2024-03-22,Standard,1829.86
1501,Lisa Cortez,lisa.cortez@example.com,UK,2024-10-31,Standard,3396.41
1502,Timothy Mendoza,timothy.mendoza@customer.net,India,2021-10-05,Premium,10537.04
1503,Jason Martin,jason.martin@shopmail.com,Australia,2020-11-26,Premium,8951.94
1504,Martha Johnson,martha.johnson@example.com,USA,2020-09-12,Standard,3024.59
1505,Bradley Berry,bradley.berry@shopmail.com,Germany,2023-09-09,Standard,1000.34
1506,Evan Soto,evan.soto@ecommerce.io,Australia,2022-12-29,Standard,2779.68
1507,Benjamin Armstrong,benjamin.armstrong@ecommerce.io,France,2021-12-22,Standard,3424.69
1508,Brian Scott,brian.scott@example.com,Australia,2024-08-05,Standard,1178.94
1509,Hector Mullen,hector.mullen@shopmail.com,Canada,2024-10-19,Premium,42468.25
1510,Carol Elliott,carol.elliott@shopmail.com,France,2022-01-05,Basic,349.66
1511,Andrew Ball,andrew.ball@customer.net,USA,2023-01-31,Basic,329.47
1512,Dorothy Campbell,dorothy.campbell@shopmail.com,Germany,2022-07-23,Standard,1333.02
1513,Christopher Cole,christopher.cole@customer.net,Australia,2020-10-20,Standard,3143.62
1514,Victoria Dillon,victoria.dillon@ecommerce.io,Australia,2023-11-28,Premium,34050.71
1515,George Greer,george.greer@shopmail.com,Germany,2024-08-09,Basic,238.14
1516,Carolyn Norton,carolyn.norton@customer.net,Germany,2020-02-23,Basic,967.62
1517,Lori White,lori.white@ecommerce.io,USA,2022-12-24,Standard,1439.96
1518,Donna Baker,donna.baker@example.com,Canada,2023-08-04,Standard,1355.90
1519,Jennifer Cooper,jennifer.cooper@ecommerce.io,UK,2024-11-14,Basic,818.29
1520,Shawn Garza,shawn.garza@example.com,Germany,2021-03-31,Standard,2514.53
1521,Jerry Cruz,jerry.cruz@example.com,UK,2022-12-14,Premium,37774.73
1522,Daniel Harris,daniel.harris@customer.net,USA,2022-12-19,Standard,2395.60
1523,Michele Gordon,michele.gordon@ecommerce.io,France,2021-07-09,Standard,3429.87
1524,Robert Hernandez,robert.hernandez@shopmail.com,Canada,2024-03-19,Basic,450.61
1525,Cole Alvarez,cole.alvarez@customer.net,Germany,2023-04-28,Standard,1510.29
1526,Christina Williams,christina.williams@shopmail.com,Australia,2020-09-15,Premium,11420.16
1527,Kristen Gordon,kristen.gordon@ecommerce.io,USA,2024-01-25,Standard,3556.77
1528,David Olson,david.olson@shopmail.com,Australia,2023-05-31,Standard,2672.97
1529,David Munoz,david.munoz@customer.net,Canada,2024-06-23,Standard,2874.66
1530,Maria Prince,maria.prince@customer.net,France,2024-01-11,Standard,4525.55
1531,Kimberly Banks,kimberly.banks@ecommerce.io,Australia,2024-10-23,Basic,178.25
1532,Alexa Wood,alexa.wood@ecommerce.io,India,2020-07-03,Standard,3538.71
1533,Bradley Moreno,bradley.moreno@shopmail.com,USA,2020-12-04,Premium,30889.25
1534,Jerome Lang,jerome.lang@ecommerce.io,France,2022-10-06,Premium,41375.61
1535,Kristine James,kristine.james@customer.net,Australia,2022-11-07,Premium,46959.86
1536,Brianna Figueroa,brianna.figueroa@customer.net,France,2023-11-04,Premium,49907.95
1537,Kathleen Horton,kathleen.horton@example.com,Germany,2020-01-29,Basic,654.66
1538,Connor Anderson,connor.anderson@example.com,Australia,2022-05-20,Basic,732.33
1539,Thomas Hall,thomas.hall@shopmail.com,Australia,2023-09-16,Basic,955.78
1540,Michele Campbell,michele.campbell@example.com,France,2022-07-07,Basic,968.18
1541,Nancy Ortiz,nancy.ortiz@shopmail.com,UK,2020-06-02,Standard,2468.20
1542,Jacob Fletcher,jacob.fletcher@ecommerce.io,USA,2022-05-15,Premium,27297.85
1543,Kristine Lane,kristine.lane@example.com,Canada,2023-10-22,Premium,16239.44
1544,David Smith,david.smith@example.com,Canada,2021-09-04,Standard,2932.50
1545,Diamond Watts,diamond.watts@example.com,Australia,2023-07-16,Standard,3275.37
1546,Leslie Cox,leslie.cox@ecommerce.io,Australia,2022-11-21,Standard,4302.91
1547,Eric Pearson,eric.pearson@customer.net,France,2024-10-03,Premium,26971.99
1548,Jon Wyatt,jon.wyatt@customer.net,Canada,2021-09-03,Standard,2415.57
1549,Rodney Diaz,rodney.diaz@shopmail.com,Germany,2021-12-27,Premium,5398.87
1550,Joshua Becker,joshua.becker@shopmail.com,USA,2022-12-19,Standard,3057.27
1551,Kari Gutierrez,kari.gutierrez@example.com,Germany,2020-01-15,Premium,12003.37
1552,Kristen Olson,kristen.olson@shopmail.com,Germany,2022-03-20,Standard,2497.24
1553,Mitchell Peters,mitchell.peters@shopmail.com,France,2024-07-20,Standard,2077.93
1554,Jon Parker,jon.parker@customer.net,UK,2020-10-13,Basic,418.36
1555,Maxwell Thornton,maxwell.thornton@ecommerce.io,India,2023-12-23,Standard,1793.86
1556,Jill Wyatt,jill.wyatt@example.com,UK,2022-03-19,Premium,23947.51
1557,Donna Adkins,donna.adkins@example.com,UK,2023-09-26,Standard,1795.97
1558,Sean Lyons,sean.lyons@ecommerce.io,USA,2022-05-12,Standard,2956.27
1559,Evan Lewis,evan.lewis@shopmail.com,Canada,2024-03-18,Standard,4057.57
1560,Richard Morgan,richard.morgan@customer.net,UK,2020-08-12,Basic,961.91
1561,Andrea Terry,andrea.terry@shopmail.com,UK,2021-12-05,Basic,550.00
1562,Jasmine Martin,jasmine.martin@shopmail.com,USA,2023-10-21,Basic,846.85
1563,Tamara Smith,tamara.smith@example.com,Germany,2022-09-10,Standard,2157.87
1564,Christopher Thomas,christopher.thomas@customer.net,UK,2023-06-18,Standard,1609.98
1565,Sara Graham,sara.graham@shopmail.com,Canada,2024-04-19,Standard,1460.08
1566,Caleb Walker,caleb.walker@shopmail.com,Australia,2024-08-07,Standard,2716.64
1567,Christopher Johnson,christopher.johnson@example.com,Australia,2024-02-04,Standard,3009.34
1568,Patrick Joyce,patrick.joyce@shopmail.com,UK,2020-09-03,Premium,10953.31
1569,Christina Meyer,christina.meyer@shopmail.com,UK,2022-05-23,Premium,5794.76
1570,Jennifer Harper,jennifer.harper@example.com,Germany,2022-04-14,Premium,28623.70
1571,Sonya Wilkins,sonya.wilkins@shopmail.com,UK,2021-11-19,Basic,483.47
1572,Danielle Gonzales,danielle.gonzales@customer.net,Australia,2020-04-15,Premium,18693.05
1573,James Sandoval,james.sandoval@ecommerce.io,Canada,2023-12-28,Standard,2672.30
1574,Linda Mitchell,linda.mitchell@example.com,UK,2020-03-24,Standard,1002.14
1575,Arthur Greene,arthur.greene@ecommerce.io,UK,2021-08-07,Standard,2888.23
1576,Zachary Hall,zachary.hall@example.com,Germany,2021-01-13,Basic,327.04
1577,Gavin Johnson,,Canada,2020-08-16,Standard,1387.55
1578,John Smith,john.smith@shopmail.com,Canada,2022-01-08,Premium,38358.14
1579,Eric Shea,eric.shea@ecommerce.io,UK,2023-08-24,Standard,2103.79
1580,Kimberly Gomez,kimberly.gomez@example.com,USA,2020-09-24,Standard,3518.23
1581,Randall Willis,randall.willis@example.com,France,2024-12-15,Standard,3617.42
1582,April Mclaughlin,april.mclaughlin@customer.net,USA,2020-06-02,Premium,47381.81
1583,Casey Davis,casey.davis@ecommerce.io,Australia,2022-08-29,Standard,4958.58
1584,Justin Gallegos,justin.gallegos@shopmail.com,USA,2020-09-18,Standard,1766.83
1585,Robyn Bailey,robyn.bailey@ecommerce.io,India,2024-10-13,Standard,4384.35
1586,Sylvia Hill,sylvia.hill@ecommerce.io,Canada,2022-07-07,Standard,3519.46
1587,Catherine Lee,catherine.lee@customer.net,USA,2022-09-15,Premium,23855.19
1588,Sarah Andrews,sarah.andrews@example.com,UK,2023-05-12,Basic,346.73
1589,Jose Russell,jose.russell@ecommerce.io,USA,2023-03-05,Basic,154.71
1590,Daniel Jones,daniel.jones@shopmail.com,Australia,2024-07-26,Basic,457.74
1591,Kelly Arroyo,kelly.arroyo@example.com,UK,2022-06-15,Standard,4002.91
1592,Leah Frye,leah.frye@customer.net,Germany,2023-05-28,Standard,2085.98
1593,Nancy Li,nancy.li@shopmail.com,France,2021-03-22,Premium,31645.07
1594,Bailey Benson,bailey.benson@customer.net,France,2023-12-20,Premium,37426.06
1595,Tammy Hart,tammy.hart@shopmail.com,Canada,2023-12-21,Standard,2074.06
1596,Kayla Todd,kayla.todd@shopmail.com,USA,2022-12-28,Premium,15719.75
1597,Susan Ellis,susan.ellis@shopmail.com,Canada,2020-09-29,Premium,17169.57
1598,Steven Matthews,steven.matthews@shopmail.com,India,2021-03-06,Basic,581.14
1599,Anthony Wilson,anthony.wilson@ecommerce.io,Australia,2023-05-24,Premium,48749.84
1600,Carlos Schultz,carlos.schultz@ecommerce.io,Australia,2020-09-30,Standard,2633.37
1601,Virginia Rhodes,virginia.rhodes@ecommerce.io,USA,2023-07-05,Standard,4263.69
1602,Jerry Stewart,jerry.stewart@shopmail.com,Australia,2021-07-26,Basic,259.06
1603,Stephanie Black,stephanie.black@example.com,Australia,2024-03-07,Basic,719.30
1604,Alec Collier,alec.collier@ecommerce.io,India,2023-07-06,Basic,670.87
1605,John Davis,john.davis@customer.net,UK,2021-10-26,Standard,2075.17
1606,Emily Nicholson,emily.nicholson@customer.net,UK,2022-07-02,Standard,1926.89
1607,Charles Velazquez,charles.velazquez@ecommerce.io,UK,2022-09-08,Basic,184.32
1608,Thomas Gomez,thomas.gomez@shopmail.com,India,2024-11-01,Premium,12924.97
1609,Patricia Adams,patricia.adams@shopmail.com,Australia,2021-07-31,Standard,1084.19
1610,Stacey Vega,stacey.vega@shopmail.com,India,2022-03-18,Premium,35931.51
1611,Renee Porter,renee.porter@shopmail.com,USA,2022-05-23,Premium,16036.42
1612,James Moss,james.moss@customer.net,USA,2024-01-23,Basic,574.10
1613,Monique Clark,monique.clark@example.com,France,2020-07-23,Basic,440.09
1614,James Wright,james.wright@example.com,India,2024-08-27,Premium,34001.70
1615,Christine Moore,christine.moore@shopmail.com,India,2020-06-20,Premium,17044.54
1616,Daniel Mora,daniel.mora@example.com,India,2020-01-20,Basic,961.86
1617,Emma Alvarado,emma.alvarado@ecommerce.io,India,2023-12-19,Premium,8823.43
1618,Christina Duran,christina.duran@customer.net,India,2020-11-30,Premium,18832.32
1619,Amber Williams,amber.williams@shopmail.com,USA,2023-01-18,Standard,3768.16
1620,Timothy Oliver,timothy.oliver@example.com,USA,2024-08-16,Standard,1178.10
1621,Travis Galloway,travis.galloway@example.com,France,2024-12-20,Standard,4345.93
1622,Penny Melton,penny.melton@shopmail.com,USA,2021-04-09,Premium,24221.09
1623,Travis Joyce,travis.joyce@ecommerce.io,UK,2024-12-05,Premium,35798.79
1624,Sabrina Ramirez,sabrina.ramirez@example.com,Germany,2020-12-13,Standard,4963.07
1625,Jeffrey Ray,jeffrey.ray@ecommerce.io,Canada,2020-06-05,Standard,3462.79
1626,Brian Lloyd,brian.lloyd@example.com,USA,2023-05-23,Premium,11799.63
1627,Timothy Fernandez,timothy.fernandez@ecommerce.io,France,2021-01-06,Standard,3717.73
1628,Wayne Long,wayne.long@ecommerce.io,France,2024-08-01,Premium,17915.25
1629,Gina Thompson,gina.thompson@ecommerce.io,Germany,2023-09-17,Basic,432.20
1630,Tiffany Wolfe,tiffany.wolfe@example.com,India,2020-01-05,Standard,4446.86
1631,Steve Norris,steve.norris@shopmail.com,Canada,2020-10-29,Basic,451.54
1632,Alexander Clark,alexander.clark@customer.net,India,2020-05-17,Basic,201.85
1633,Bianca Nguyen,bianca.nguyen@ecommerce.io,UK,2020-07-04,Standard,2292.21
1634,Chloe Green,chloe.green@customer.net,Canada,2021-10-15,Premium,27239.29
1635,Amy Young,amy.young@customer.net,France,2024-06-13,Standard,3546.42
1636,Thomas Austin,thomas.austin@shopmail.com,Germany,2022-05-07,Premium,29720.27
1637,Michael Jimenez,michael.jimenez@customer.net,France,2023-01-03,Standard,4285.62
1638,Jason Haynes,jason.haynes@customer.net,France,2023-03-29,Standard,4106.37
1639,Nathan Dickerson,nathan.dickerson@shopmail.com,Australia,2020-06-27,Basic,311.67
1640,Joshua White,joshua.white@example.com,Canada,2023-02-17,Premium,26326.69
1641,David Johnston,david.johnston@example.com,USA,2021-12-16,Premium,21238.63
1642,Jeremy Garcia,jeremy.garcia@shopmail.com,Canada,2022-07-31,Basic,229.73
1643,Joseph Young,joseph.young@customer.net,UK,2021-03-07,Basic,845.04
1644,Ryan James,ryan.james@shopmail.com,USA,2023-11-25,Premium,36678.33
1645,Dustin Haley,dustin.haley@example.com,Australia,2022-05-19,Standard,2486.74
1646,Edward Shaffer,edward.shaffer@example.com,Germany,2024-09-11,Basic,634.53
1647,Gregory Porter,gregory.porter@shopmail.com,Canada,2020-10-16,Premium,8554.70
1648,Wendy Atkinson,wendy.atkinson@customer.net,UK,2024-04-16,Premium,13209.10
1649,Zachary Le,zachary.le@ecommerce.io,Germany,2022-04-22,Basic,750.30
1650,Kristen Evans,kristen.evans@example.com,Canada,2020-08-15,Standard,1623.55
1651,Anna Bradley,anna.bradley@example.com,France,2024-03-18,Basic,256.22
1652,Raymond Vaughn,raymond.vaughn@customer.net,India,2022-05-17,Premium,35595.66
1653,Brian Cervantes,brian.cervantes@ecommerce.io,France,2022-10-24,Basic,375.43
1654,Thomas Soto,thomas.soto@shopmail.com,Canada,2020-07-07,Standard,3086.00
1655,Shannon Cook,shannon.cook@shopmail.com,Australia,2021-03-09,Basic,460.36
1656,Michael Castro,michael.castro@customer.net,UK,2024-08-11,Premium,38569.81
1657,Sarah Scott,sarah.scott@example.com,India,2023-11-19,Standard,2873.74
1658,Andrew Martinez,andrew.martinez@customer.net,India,2022-02-18,Standard,1659.30
1659,Michelle Mccarty,michelle.mccarty@customer.net,UK,2021-07-06,Basic,197.56
1660,James Johnston,james.johnston@ecommerce.io,USA,2021-05-05,Premium,17699.31
1661,Debra Thompson,debra.thompson@example.com,UK,2023-05-07,Standard,1043.91
1662,Kimberly Kelly,kimberly.kelly@shopmail.com,France,2021-02-17,Basic,674.55
1663,Emily Freeman,emily.freeman@ecommerce.io,USA,2023-03-13,Premium,30415.86
1664,Jill Preston,jill.preston@customer.net,USA,2020-04-08,Standard,2258.32
1665,Patrick Mitchell,patrick.mitchell@example.com,Canada,2024-03-19,Basic,354.16
1666,Crystal Thomas,crystal.thomas@shopmail.com,Canada,2024-03-19,Standard,2562.57
1667,Gary Morton,gary.morton@shopmail.com,Australia,2023-10-13,Standard,1389.52
1668,Matthew Welch,matthew.welch@example.com,France,2024-07-11,Standard,4100.24
1669,Ashley Sweeney,ashley.sweeney@customer.net,Germany,2023-04-15,Premium,44096.56
1670,Charles Martin,charles.martin@shopmail.com,UK,2023-10-29,Premium,25839.78
1671,Jeremy Stewart,jeremy.stewart@example.com,Australia,2021-04-19,Basic,895.96
1672,Kelly Adams,kelly.adams@shopmail.com,India,2024-01-11,Basic,244.94
1673,Deanna Nelson,deanna.nelson@ecommerce.io,Germany,2024-05-27,Basic,218.08
1674,Sean Roy,sean.roy@customer.net,USA,2024-12-29,Standard,3851.05
1675,Michael Matthews,michael.matthews@shopmail.com,UK,2023-06-04,Standard,3427.51
1676,Tammy Gutierrez,tammy.gutierrez@customer.net,USA,2024-07-06,Basic,113.45
1677,Ivan Johnson,ivan.johnson@ecommerce.io,France,2024-11-11,Basic,972.05
1678,Jessica Stanley,jessica.stanley@example.com,Germany,2020-07-11,Basic,509.33
1679,Shelby Haynes,shelby.haynes@ecommerce.io,UK,2020-05-19,Premium,17605.28
1680,Christopher Jackson,christopher.jackson@example.com,USA,2021-01-01,Standard,3842.62
1681,Dakota Brown,dakota.brown@customer.net,Canada,2024-04-11,Standard,4506.63
1682,Natasha Kelley,natasha.kelley@shopmail.com,USA,2023-03-10,Standard,2953.04
1683,Anthony Sanders,anthony.sanders@ecommerce.io,Germany,2022-04-17,Standard,4428.00
1684,Kathy Miller,kathy.miller@shopmail.com,Germany,2022-01-21,Basic,561.23
1685,Jose Moore,jose.moore@ecommerce.io,Canada,2020-06-19,Standard,3728.80
1686,Diana Mcclure,diana.mcclure@ecommerce.io,Australia,2020-03-28,Standard,3482.45
1687,Kyle Wright,kyle.wright@shopmail.com,Australia,2024-08-08,Standard,3243.20
1688,Justin Sims,justin.sims@example.com,Canada,2022-02-08,Premium,12119.26
1689,David Roberson,david.roberson@example.com,UK,2022-03-06,Standard,4496.64
1690,Anthony Alvarado,anthony.alvarado@ecommerce.io,Germany,2022-08-17,Standard,3569.94
1691,Michelle Nguyen,michelle.nguyen@customer.net,USA,2020-06-24,Basic,262.25
1692,Thomas Proctor,thomas.proctor@customer.net,India,2022-06-06,Premium,13976.19
1693,Amber Nelson,amber.nelson@ecommerce.io,Canada,2023-05-22,Standard,2945.18
1694,Sean Montes,sean.montes@customer.net,USA,2021-07-24,Basic,509.12
1695,Heidi Thompson,heidi.thompson@customer.net,UK,2023-08-04,Standard,1853.88
1696,Carla Welch,carla.welch@customer.net,USA,2024-07-13,Standard,2445.97
1697,Cynthia Elliott,cynthia.elliott@customer.net,UK,2020-04-20,Standard,1845.97
1698,Alexandra Fowler,alexandra.fowler@customer.net,Canada,2021-05-31,Premium,33605.93
1699,Kyle Reed,kyle.reed@example.com,Canada,2022-04-09,Premium,8676.91
1700,Amber Ballard,amber.ballard@customer.net,India,2022-05-09,Basic,572.30
1701,Scott Diaz,scott.diaz@ecommerce.io,UK,2024-08-27,Standard,1214.97
1702,Jordan Torres,jordan.torres@customer.net,Canada,2024-03-22,Basic,367.21
1703,Aaron Ochoa,aaron.ochoa@customer.net,Germany,2022-08-31,Premium,29097.78
1704,Melanie Cooper,melanie.cooper@customer.net,Canada,2023-11-20,Basic,613.29
1705,Taylor Smith,taylor.smith@shopmail.com,USA,2024-01-20,Basic,701.17
1706,Sandra Arroyo,sandra.arroyo@ecommerce.io,Australia,2024-08-13,Standard,4755.88
1707,Thomas Smith,thomas.smith@ecommerce.io,USA,2020-11-04,Basic,906.85
1708,Russell Carter,russell.carter@customer.net,India,2021-10-10,Basic,202.25
1709,Jerry Smith,jerry.smith@customer.net,Canada,2022-12-02,Basic,750.06
1710,Nathaniel Jenkins,nathaniel.jenkins@shopmail.com,Australia,2022-07-09,Basic,675.02
1711,Ann Foster,ann.foster@example.com,UK,2024-03-07,Standard,4916.13
1712,Frank Mclaughlin,frank.mclaughlin@shopmail.com,France,2022-02-12,Standard,1864.55
1713,Peter Gray,peter.gray@shopmail.com,Australia,2023-03-27,Standard,4820.42
1714,Jose Henderson,jose.henderson@ecommerce.io,USA,2021-09-10,Standard,4586.62
1715,John Duran,john.duran@example.com,Australia,2022-10-19,Standard,3595.65
1716,Renee Aguirre,,Canada,2021-12-22,Standard,4312.74
1717,Gail Mitchell,gail.mitchell@ecommerce.io,USA,2020-12-26,Standard,2835.29
1718,Julia Lamb,julia.lamb@shopmail.com,France,2022-06-11,Standard,2526.25
1719,Robert Castaneda,robert.castaneda@customer.net,Australia,2021-08-03,Basic,731.88
1720,Ian Roberts,ian.roberts@example.com,USA,2024-07-08,Basic,853.51
1721,Dana Williamson,,France,2022-04-22,Premium,9665.39
1722,Joseph Dean,joseph.dean@example.com,Australia,2022-06-28,Basic,553.03
1723,Jacob Smith,jacob.smith@ecommerce.io,India,2022-05-11,Basic,290.68
1724,Brandon Nichols,brandon.nichols@customer.net,USA,2021-02-04,Basic,870.71
1725,Jacob Garcia,jacob.garcia@ecommerce.io,India,2022-08-08,Basic,471.64
1726,Joseph Espinoza,joseph.espinoza@customer.net,USA,2022-02-06,Basic,803.98
1727,Jessica Hall,jessica.hall@ecommerce.io,Australia,2021-06-25,Standard,2229.59
1728,Edward Snyder,edward.snyder@customer.net,Australia,2021-05-09,Basic,103.74
1729,Matthew Collins,matthew.collins@example.com,USA,2020-02-23,Basic,238.04
1730,Lauren Bolton,lauren.bolton@ecommerce.io,Canada,2020-12-15,Standard,4836.64
1731,Steven Moody,steven.moody@shopmail.com,France,2022-03-12,Basic,273.39
1732,Mark Bridges,mark.bridges@example.com,India,2023-03-29,Standard,2716.41
1733,Stephanie Brown,stephanie.brown@customer.net,Australia,2020-12-21,Basic,462.81
1734,Kimberly Jones,kimberly.jones@shopmail.com,Germany,2021-04-18,Standard,1398.31
1735,Theodore Lee,theodore.lee@example.com,Australia,2023-03-27,Basic,805.85
1736,Mckenzie Roth,mckenzie.roth@ecommerce.io,India,2023-02-06,Basic,243.15
1737,Maria Martinez,maria.martinez@example.com,USA,2020-02-22,Standard,2749.68
1738,Kayla Wright,kayla.wright@shopmail.com,USA,2023-06-19,Standard,3830.30
1739,Kelsey Ramos,kelsey.ramos@example.com,France,2022-02-22,Basic,122.76
1740,Joan Johnson,joan.johnson@customer.net,Australia,2023-07-17,Basic,799.83
1741,Steven Wise,steven.wise@shopmail.com,Canada,2021-01-31,Premium,29093.77
1742,Adriana Hendrix,adriana.hendrix@customer.net,India,2021-06-17,Standard,3637.03
1743,Thomas Maldonado,thomas.maldonado@shopmail.com,Australia,2020-02-17,Standard,3553.55
1744,Larry Morris,larry.morris@example.com,USA,2022-07-29,Standard,4708.80
1745,Crystal Williams,crystal.williams@shopmail.com,Canada,2021-06-20,Premium,45257.22
1746,Sharon Meyer,sharon.meyer@customer.net,India,2022-01-10,Premium,46072.36
1747,Jon Little,jon.little@example.com,Germany,2024-06-17,Standard,1087.83
1748,James Clay,james.clay@example.com,UK,2023-11-08,Premium,23895.82
1749,Michelle Robinson,michelle.robinson@customer.net,India,2020-11-25,Basic,261.83
1750,Daniel Chen,daniel.chen@shopmail.com,Australia,2023-03-07,Premium,33404.60
1751,Mark Jackson,mark.jackson@example.com,Canada,2021-12-11,Basic,535.52
1752,Joshua Wilson,joshua.wilson@example.com,UK,2022-12-04,Standard,3966.79
1753,Kristina Smith,kristina.smith@shopmail.com,France,2020-03-01,Basic,582.36
1754,Bobby Logan,bobby.logan@shopmail.com,UK,2024-11-10,Standard,2459.56
1755,Thomas Carlson,thomas.carlson@example.com,Canada,2020-10-10,Basic,297.79
1756,Nathan Davis,nathan.davis@shopmail.com,Canada,2021-07-14,Basic,533.42
1757,Eric Davis,eric.davis@ecommerce.io,Australia,2023-02-03,Basic,686.73
1758,Christine Galvan,christine.galvan@customer.net,Germany,2022-11-15,Standard,4785.38
1759,Wendy Garrett,wendy.garrett@ecommerce.io,UK,2021-02-09,Basic,718.35
1760,Brian Newman,brian.newman@ecommerce.io,Germany,2020-07-29,Basic,625.28
1761,Jacqueline Moody,jacqueline.moody@ecommerce.io,UK,2024-06-14,Basic,285.25
1762,David Hall,david.hall@customer.net,Germany,2022-05-17,Basic,636.70
1763,Tina Kramer,tina.kramer@ecommerce.io,France,2020-08-08,Standard,3429.18
1764,Katherine Trujillo,katherine.trujillo@ecommerce.io,Canada,2023-07-19,Standard,4277.37
1765,Samuel Lee,samuel.lee@example.com,France,2021-06-02,Standard,3347.48
1766,Hannah Howard,hannah.howard@ecommerce.io,Germany,2020-03-02,Standard,1458.60
1767,Dennis Roach,dennis.roach@customer.net,India,2021-01-15,Basic,421.97
1768,Todd Kim,todd.kim@ecommerce.io,Canada,2020-10-24,Premium,40078.15
1769,Kenneth Terry,kenneth.terry@ecommerce.io,Australia,2020-01-23,Premium,37256.12
1770,James Lopez,james.lopez@ecommerce.io,UK,2023-02-24,Standard,1264.94
1771,Michael Oconnor,michael.oconnor@shopmail.com,France,2021-03-21,Standard,1411.68
1772,Joshua Guerra,joshua.guerra@example.com,France,2023-08-16,Standard,2687.00
1773,Robin Spencer,robin.spencer@ecommerce.io,India,2021-10-17,Basic,278.34
1774,Casey Moore,casey.moore@customer.net,Germany,2020-04-05,Premium,49561.69
1775,Kenneth Baker,kenneth.baker@example.com,Germany,2020-12-16,Standard,3405.72
1776,Michael Smith,michael.smith@shopmail.com,France,2020-02-13,Standard,2140.15
1777,Dana Gray,dana.gray@example.com,Germany,2021-08-05,Standard,1524.23
1778,Jacob Smith,jacob.smith@example.com,France,2022-12-16,Basic,135.21
1779,Melissa Parsons,melissa.parsons@example.com,Germany,2020-07-13,Standard,4319.40
1780,John Le,john.le@ecommerce.io,Canada,2021-10-11,Standard,4014.77
1781,Dominique Ryan,dominique.ryan@ecommerce.io,Germany,2023-06-08,Standard,1188.29
1782,Paul Warren,paul.warren@customer.net,Germany,2024-10-04,Standard,3564.39
1783,Tyler Arnold,tyler.arnold@ecommerce.io,France,2020-07-29,Basic,126.36
1784,Chloe Morris,chloe.morris@example.com,UK,2020-08-03,Premium,49709.32
1785,Danielle Rodriguez,danielle.rodriguez@customer.net,UK,2020-12-14,Basic,179.22
1786,Alexandra Jones,alexandra.jones@ecommerce.io,India,2023-01-05,Basic,990.61
1787,Mary Anderson,mary.anderson@example.com,Canada,2024-12-14,Basic,806.45
1788,Morgan Harris,morgan.harris@ecommerce.io,USA,2021-06-24,Premium,19819.80
1789,Todd Garcia,todd.garcia@customer.net,Canada,2023-12-01,Standard,1681.35
1790,Ashley Huff,ashley.huff@customer.net,USA,2020-09-15,Premium,19369.97
1791,Diane Fox,diane.fox@customer.net,Australia,2022-07-04,Premium,35070.59
1792,Jacqueline Scott,jacqueline.scott@shopmail.com,France,2022-09-05,Standard,3645.08
1793,Michael Obrien,michael.obrien@ecommerce.io,India,2024-02-05,Basic,534.44
1794,Chad Conrad,chad.conrad@ecommerce.io,Australia,2020-06-18,Premium,20885.44
1795,Jason Henry,jason.henry@shopmail.com,Australia,2023-08-18,Basic,761.74
1796,Pamela Miller,pamela.miller@example.com,USA,2022-10-09,Standard,1241.07
1797,Laurie Brown,laurie.brown@shopmail.com,Germany,2024-08-03,Premium,22327.71
1798,Angela Hurley,angela.hurley@ecommerce.io,UK,2024-07-25,Standard,3362.09
1799,Robert Wood,robert.wood@ecommerce.io,India,2021-09-30,Standard,3834.05
1800,Jeanette Colon,jeanette.colon@example.com,UK,2021-03-24,Standard,4666.79
1801,Joseph Williams,joseph.williams@customer.net,India,2023-06-24,Standard,3053.86
1802,Chad Torres,chad.torres@shopmail.com,USA,2021-07-23,Basic,480.78
1803,Shirley Yu,shirley.yu@example.com,UK,2022-08-02,Standard,4504.78
1804,Colton Hardy,colton.hardy@shopmail.com,USA,2022-08-01,Basic,268.33
1805,Amanda Lopez,amanda.lopez@customer.net,Canada,2021-06-27,Premium,10324.68
1806,Alicia Wright,alicia.wright@ecommerce.io,Germany,2021-03-10,Standard,1602.48
1807,Colleen White,colleen.white@ecommerce.io,USA,2022-06-22,Standard,2090.36
1808,Kara Perry,kara.perry@customer.net,Australia,2022-05-15,Premium,13726.92
1809,Daniel Fowler,daniel.fowler@shopmail.com,France,2021-07-19,Premium,28830.32
1810,Michael Ellis,michael.ellis@customer.net,USA,2023-10-27,Standard,1199.49
1811,Elizabeth Andrade,elizabeth.andrade@example.com,UK,2020-08-23,Standard,1212.55
1812,Garrett White,garrett.white@ecommerce.io,UK,2020-05-14,Premium,28945.93
1813,Richard Morgan,richard.morgan@customer.net,Germany,2022-03-15,Standard,1405.22
1814,Eric Murillo,eric.murillo@ecommerce.io,Germany,2021-02-25,Basic,253.93
1815,Scott Gomez,scott.gomez@ecommerce.io,Australia,2023-05-06,Standard,2151.91
1816,Leslie Frey,leslie.frey@shopmail.com,France,2023-12-05,Premium,32995.33
1817,Mark Watson,mark.watson@shopmail.com,UK,2021-10-07,Basic,713.30
1818,Kathryn Jordan,kathryn.jordan@ecommerce.io,Germany,2020-10-17,Premium,48300.94
1819,Jessica Franklin,jessica.franklin@customer.net,Canada,2020-02-12,Standard,1710.06
1820,Anna Lewis,anna.lewis@example.com,UK,2023-10-23,Standard,4041.04
1821,Katie Howe,katie.howe@ecommerce.io,Germany,2023-04-09,Premium,5045.29
1822,Jonathan Nixon,jonathan.nixon@customer.net,USA,2020-04-02,Basic,837.03
1823,Seth Sanders,seth.sanders@ecommerce.io,India,2021-04-12,Standard,3101.08
1824,Jessica Bird,jessica.bird@shopmail.com,India,2020-07-11,Premium,9499.66
1825,Caitlin Holmes,caitlin.holmes@ecommerce.io,Germany,2022-10-01,Basic,761.33
1826,Victoria Turner,victoria.turner@ecommerce.io,Australia,2022-09-23,Basic,328.18
1827,Kevin Walker,kevin.walker@ecommerce.io,Canada,2023-12-25,Standard,2334.96
1828,Melissa Smith,melissa.smith@customer.net,USA,2021-07-06,Standard,3743.14
1829,Lynn Norris,lynn.norris@example.com,UK,2022-04-20,Basic,870.64
1830,Joshua Spencer,joshua.spencer@shopmail.com,Canada,2022-10-16,Standard,1123.62
1831,Angela Howe,angela.howe@customer.net,Canada,2021-02-26,Standard,3977.46
1832,Eric Johnson,eric.johnson@customer.net,Australia,2020-08-09,Premium,48445.39
1833,Michael Taylor,,France,2020-12-24,Basic,338.78
1834,Michael Perkins,michael.perkins@ecommerce.io,Germany,2023-04-21,Standard,2669.18
1835,Jesse Shepherd,jesse.shepherd@ecommerce.io,UK,2020-03-25,Basic,621.57
1836,Christopher Ross,christopher.ross@example.com,Germany,2024-06-16,Basic,509.52
1837,Samantha Navarro,samantha.navarro@ecommerce.io,Canada,2020-08-13,Basic,972.52
1838,Jennifer Mcguire,jennifer.mcguire@shopmail.com,Germany,2023-10-26,Standard,1600.91
1839,Gerald Petersen,gerald.petersen@shopmail.com,Canada,2022-09-24,Basic,359.43
1840,Hannah Johnston,hannah.johnston@example.com,Germany,2020-03-24,Basic,295.59
1841,Rebecca Larson,rebecca.larson@example.com,USA,2022-09-27,Basic,375.24
1842,Kevin Cross,kevin.cross@example.com,USA,2021-05-29,Standard,1550.88
1843,Barbara Miller,barbara.miller@shopmail.com,USA,2023-12-31,Basic,343.60
1844,Brian Wise,brian.wise@shopmail.com,Germany,2023-04-13,Basic,926.43
1845,Michael Montoya,michael.montoya@example.com,Germany,2021-12-27,Standard,1994.91
1846,Robert Parrish,robert.parrish@customer.net,Germany,2022-03-28,Standard,4867.63
1847,Molly Perez,molly.perez@ecommerce.io,Canada,2023-05-07,Premium,18983.11
1848,Denise Guzman,denise.guzman@ecommerce.io,India,2023-03-30,Standard,1556.71
1849,Alexander Waters,alexander.waters@ecommerce.io,UK,2022-05-02,Basic,598.86
1850,Patrick Torres,patrick.torres@example.com,Canada,2023-03-06,Standard,4708.47
1851,Blake Fernandez,blake.fernandez@shopmail.com,Germany,2024-05-21,Standard,4503.69
1852,Edward Shaw,edward.shaw@shopmail.com,France,2022-06-24,Standard,3776.53
1853,Jeffrey Williams,jeffrey.williams@ecommerce.io,Germany,2021-12-26,Standard,2710.68
1854,Jessica Long,jessica.long@customer.net,Germany,2020-02-26,Standard,4650.23
1855,Sean Larson,sean.larson@customer.net,USA,2024-03-27,Premium,11326.35
1856,William Walker,william.walker@shopmail.com,France,2022-11-14,Basic,435.80
1857,Keith Foster,keith.foster@ecommerce.io,USA,2024-03-26,Standard,4380.43
1858,David Miller,david.miller@example.com,Germany,2024-07-11,Premium,39334.80
1859,Ashley Williams,ashley.williams@example.com,USA,2020-04-22,Standard,2080.70
1860,Raymond Miller,raymond.miller@example.com,Canada,2023-05-02,Basic,187.66
1861,Warren Ayala,warren.ayala@customer.net,Australia,2021-11-09,Standard,4457.26
1862,David Taylor,david.taylor@example.com,Australia,2021-02-23,Premium,28231.88
1863,Anita Freeman,anita.freeman@customer.net,UK,2021-04-02,Standard,4580.21
1864,Denise Gonzalez,denise.gonzalez@shopmail.com,Canada,2023-07-10,Standard,2243.56
1865,Christina Fitzgerald,christina.fitzgerald@example.com,India,2022-09-20,Basic,661.30
1866,John Jones,john.jones@example.com,USA,2020-11-09,Standard,3415.16
1867,Kimberly Morris,kimberly.morris@example.com,UK,2021-02-22,Premium,9662.32
1868,Sandra Davis,sandra.davis@customer.net,Germany,2020-04-23,Premium,46672.00
1869,Emily Henderson,emily.henderson@customer.net,UK,2024-08-06,Standard,1939.71
1870,Michael Flores,michael.flores@ecommerce.io,India,2023-06-08,Basic,713.19
1871,Brittney Johnson,brittney.johnson@example.com,Germany,2020-10-26,Basic,672.58
1872,Kevin Huerta,kevin.huerta@shopmail.com,UK,2022-11-13,Premium,38374.91
1873,Christina Branch,christina.branch@customer.net,Germany,2021-08-16,Standard,2157.80
1874,Scott Thomas,scott.thomas@customer.net,Canada,2023-09-29,Premium,17383.16
1875,Brady Meyers,brady.meyers@example.com,Germany,2022-05-03,Standard,4253.97
1876,James Brooks,james.brooks@ecommerce.io,Germany,2020-09-03,Premium,30389.41
1877,Katherine Farrell,katherine.farrell@ecommerce.io,USA,2023-08-14,Premium,34269.00
1878,Daniel Brown,daniel.brown@customer.net,USA,2021-12-27,Standard,4851.19
1879,Stacy Mcintosh,stacy.mcintosh@customer.net,Canada,2020-01-19,Standard,4927.01
1880,Misty Wilkins,misty.wilkins@shopmail.com,Canada,2023-12-17,Standard,3100.22
1881,Alexander Benson,alexander.benson@shopmail.com,Australia,2020-11-06,Standard,2407.47
1882,Daniel Cole,,Germany,2024-01-04,Basic,872.80
1883,Andrew Clark,andrew.clark@ecommerce.io,Germany,2020-05-19,Premium,46227.20
1884,Amanda Harris,amanda.harris@customer.net,Germany,2023-05-25,Standard,3635.89
1885,Alexandra Green,alexandra.green@ecommerce.io,UK,2023-11-30,Standard,2296.31
1886,Timothy Blair,timothy.blair@ecommerce.io,France,2023-06-18,Basic,846.90
1887,Donald Hale,donald.hale@example.com,India,2024-02-09,Premium,12163.09
1888,Andrew Aguilar,andrew.aguilar@example.com,Germany,2023-10-23,Premium,26438.59
1889,Elizabeth Williams,elizabeth.williams@shopmail.com,USA,2024-12-08,Basic,256.60
1890,George Campbell,george.campbell@customer.net,USA,2020-05-06,Basic,650.71
1891,Kristina Williamson,kristina.williamson@example.com,Germany,2024-04-12,Premium,21844.50
1892,Brian Pena,brian.pena@example.com,UK,2021-10-19,Standard,1430.64
1893,Alan Price,alan.price@shopmail.com,Australia,2023-03-21,Standard,3225.87
1894,Joseph Christian,joseph.christian@customer.net,Germany,2023-10-22,Premium,17874.02
1895,Donna Lin,donna.lin@shopmail.com,Germany,2024-07-24,Standard,3114.12
1896,Andrew Dillon,andrew.dillon@example.com,France,2020-02-19,Basic,666.20
1897,Debra Hall,debra.hall@shopmail.com,USA,2024-07-16,Standard,1562.25
1898,Oscar Bray,oscar.bray@customer.net,France,2023-01-24,Premium,43902.10
1899,Cory Stewart,cory.stewart@customer.net,UK,2024-08-31,Standard,1829.90
1900,Michelle Schmidt,michelle.schmidt@ecommerce.io,Canada,2023-06-20,Basic,909.78
1901,Jacob Mason,jacob.mason@example.com,Germany,2022-05-25,Basic,662.92
1902,Stephen House,stephen.house@example.com,UK,2024-05-21,Basic,565.52
1903,Andrew Wright,andrew.wright@customer.net,UK,2020-04-15,Premium,32067.03
1904,Alyssa Cook,alyssa.cook@shopmail.com,India,2021-08-16,Standard,4689.09
1905,Phillip Moore,phillip.moore@ecommerce.io,USA,2024-11-21,Standard,4485.89
1906,Michael Bell,michael.bell@example.com,France,2023-03-24,Basic,317.26
1907,Colleen Young,colleen.young@ecommerce.io,Germany,2023-06-20,Standard,1226.59
1908,Tiffany Mason,tiffany.mason@example.com,France,2022-08-22,Standard,4747.71
1909,Lisa Garrett,lisa.garrett@example.com,USA,2021-11-23,Basic,479.27
1910,Natasha Zamora,natasha.zamora@example.com,UK,2021-02-22,Standard,3188.35
1911,Lisa Johnson,lisa.johnson@example.com,UK,2022-10-07,Basic,165.62
1912,Angela Ramirez,angela.ramirez@example.com,Canada,2020-05-24,Basic,954.92
1913,Edward Prince,edward.prince@example.com,France,2022-09-07,Standard,4786.40
1914,Diane Miller,diane.miller@example.com,USA,2020-03-13,Standard,2986.39
1915,Patrick Yu,patrick.yu@ecommerce.io,Germany,2022-09-05,Standard,2213.67
1916,Cheyenne Garrett,cheyenne.garrett@shopmail.com,USA,2020-04-23,Basic,123.72
1917,Jeremy Allen,jeremy.allen@shopmail.com,France,2023-05-30,Basic,874.27
1918,Eric Waller,eric.waller@example.com,France,2022-09-14,Standard,1208.56
1919,Renee Murphy,renee.murphy@shopmail.com,Germany,2023-12-07,Basic,484.15
1920,Amy Clark,amy.clark@customer.net,USA,2023-06-14,Premium,49214.06
1921,Dillon Weaver,dillon.weaver@shopmail.com,Canada,2022-06-13,Standard,4672.27
1922,Lauren Huffman,lauren.huffman@example.com,France,2020-01-21,Standard,1908.50
1923,Kyle Thornton,kyle.thornton@example.com,India,2020-01-31,Basic,885.93
1924,Alexandria Taylor,alexandria.taylor@example.com,USA,2020-04-26,Standard,1506.86
1925,Wendy Daugherty,,Canada,2021-12-17,Premium,32108.72
1926,Dustin Fitzpatrick,dustin.fitzpatrick@ecommerce.io,UK,2023-05-26,Basic,458.04
1927,Sally Stewart,sally.stewart@example.com,USA,2021-05-27,Standard,4753.48
1928,Angela Fry,angela.fry@ecommerce.io,India,2021-03-27,Standard,2774.17
1929,David Stewart,david.stewart@ecommerce.io,India,2023-02-03,Standard,2170.73
1930,Nichole Acosta,nichole.acosta@ecommerce.io,Canada,2023-11-30,Standard,3165.68
1931,Kathy Beard,kathy.beard@ecommerce.io,Germany,2023-12-15,Premium,47775.36
1932,Robert Jenkins,robert.jenkins@example.com,UK,2020-10-07,Standard,4365.70
1933,Scott Peck,scott.peck@ecommerce.io,Australia,2023-02-06,Standard,1843.08
1934,Patricia Mahoney,patricia.mahoney@shopmail.com,USA,2021-04-26,Standard,3793.37
1935,Joshua Maxwell,joshua.maxwell@customer.net,USA,2020-02-13,Standard,2995.63
1936,Daniel Lopez,daniel.lopez@ecommerce.io,France,2022-02-25,Premium,18518.58
1937,Kathryn Salazar,kathryn.salazar@example.com,Canada,2024-10-16,Basic,648.77
1938,Joseph Bradley,joseph.bradley@customer.net,Germany,2022-06-28,Standard,1177.66
1939,Jerry Hall,jerry.hall@shopmail.com,Australia,2022-06-01,Standard,3129.97
1940,Grace Howard,grace.howard@example.com,France,2024-04-11,Standard,2391.22
1941,Hailey Woods,hailey.woods@ecommerce.io,India,2021-06-21,Premium,41460.97
1942,Wayne Jacobs,wayne.jacobs@example.com,Canada,2024-01-26,Standard,4316.96
1943,Jennifer Brooks,jennifer.brooks@customer.net,India,2024-02-02,Standard,4714.27
1944,Melissa Henry,melissa.henry@example.com,France,2022-03-05,Basic,957.23
1945,Devin Lee,devin.lee@ecommerce.io,India,2022-12-31,Basic,517.15
1946,Antonio Duran,antonio.duran@ecommerce.io,UK,2022-02-19,Standard,2869.33
1947,Alexis Nelson,alexis.nelson@shopmail.com,UK,2020-02-01,Basic,352.63
1948,Robert Newton,robert.newton@ecommerce.io,USA,2021-05-26,Standard,4085.36
1949,Vanessa Todd,vanessa.todd@customer.net,USA,2023-06-14,Standard,2097.08
1950,Carl Ho,carl.ho@ecommerce.io,India,2023-08-30,Standard,4241.04
1951,Valerie Camacho,valerie.camacho@example.com,Canada,2023-03-10,Standard,3643.11
1952,Tracy Nguyen,tracy.nguyen@shopmail.com,Germany,2022-08-05,Basic,115.54
1953,Stephen Wright,stephen.wright@example.com,Canada,2022-09-10,Premium,33698.44
1954,Richard Williams,richard.williams@customer.net,USA,2023-04-01,Standard,4755.34
1955,Jill James,jill.james@ecommerce.io,USA,2022-06-21,Standard,1719.22
1956,Lawrence Carr,lawrence.carr@ecommerce.io,Canada,2024-11-14,Basic,545.44
1957,Julia Wheeler,julia.wheeler@shopmail.com,UK,2024-11-19,Standard,3471.80
1958,Alicia Liu,alicia.liu@example.com,Australia,2020-03-19,Premium,13291.50
1959,Kristin Meyer,kristin.meyer@customer.net,France,2021-10-11,Standard,1167.82
1960,Shannon Wilcox,shannon.wilcox@example.com,Australia,2021-06-14,Basic,977.75
1961,Bobby Forbes,bobby.forbes@ecommerce.io,France,2024-01-11,Premium,7012.99
1962,April Foster,april.foster@example.com,USA,2022-11-04,Standard,2775.25
1963,Jill Grant,jill.grant@shopmail.com,UK,2021-10-29,Standard,3281.46
1964,Zachary Mccoy,zachary.mccoy@customer.net,USA,2023-08-07,Basic,483.83
1965,Brandon Carter,brandon.carter@example.com,Canada,2023-05-28,Standard,4152.66
1966,Raymond Torres,raymond.torres@customer.net,Australia,2022-02-06,Standard,2882.74
1967,Maria Murray,maria.murray@example.com,UK,2022-01-24,Basic,140.15
1968,Roberto Austin,roberto.austin@example.com,USA,2023-06-01,Basic,290.33
1969,Brian Black,brian.black@ecommerce.io,UK,2022-02-14,Standard,4322.91
1970,Douglas Gallegos,douglas.gallegos@shopmail.com,Germany,2024-04-10,Premium,49901.94
1971,Shannon Sharp,shannon.sharp@example.com,UK,2023-03-03,Premium,27657.31
1972,Daniel Osborne,daniel.osborne@customer.net,France,2024-02-10,Standard,1484.97
1973,Sharon Horton,sharon.horton@example.com,France,2022-08-25,Basic,693.28
1974,Derek Gutierrez,,Canada,2021-02-03,Standard,4344.04
1975,Shannon White,shannon.white@shopmail.com,Canada,2021-05-12,Standard,4196.02
1976,Brittany Marquez,brittany.marquez@shopmail.com,Germany,2021-10-06,Basic,773.37
1977,James Gibson,james.gibson@shopmail.com,Germany,2024-02-09,Premium,48092.38
1978,John Holt,john.holt@example.com,Canada,2023-02-21,Standard,3022.57
1979,Rebecca Hogan,rebecca.hogan@customer.net,France,2021-04-16,Basic,504.07
1980,Jennifer Martinez,jennifer.martinez@shopmail.com,France,2021-05-16,Standard,4105.79
1981,Danny Cole,danny.cole@shopmail.com,France,2021-06-17,Standard,4183.42
1982,Michael Mills,michael.mills@example.com,USA,2022-04-16,Standard,2684.09
1983,Patrick Moody,patrick.moody@customer.net,Australia,2024-12-10,Basic,795.38
1984,William Herring,william.herring@customer.net,USA,2020-12-07,Basic,208.71
1985,Nicholas James,nicholas.james@customer.net,Australia,2020-07-25,Standard,1505.59
1986,Kayla Barr,kayla.barr@customer.net,USA,2023-11-14,Premium,12512.10
1987,Ariana Keller,ariana.keller@customer.net,Germany,2021-12-26,Premium,10735.38
1988,Edward Melton,edward.melton@shopmail.com,Australia,2021-08-23,Standard,1476.12
1989,Harold Joseph,harold.joseph@ecommerce.io,France,2023-05-31,Basic,654.97
1990,Robert Collins,robert.collins@example.com,USA,2024-02-21,Basic,928.65
1991,Kayla Griffin,,Australia,2022-07-10,Basic,766.63
1992,Courtney Wilson,courtney.wilson@customer.net,Australia,2020-10-02,Standard,3933.77
1993,David Harris,david.harris@example.com,UK,2020-01-16,Basic,634.20
1994,Cindy King,cindy.king@customer.net,Germany,2021-10-18,Standard,2754.35
1995,Stephen Foley,stephen.foley@ecommerce.io,India,2020-07-17,Standard,1929.05
1996,Amy Smith,amy.smith@example.com,France,2022-11-26,Standard,4589.21
1997,Nicole Young,nicole.young@customer.net,Canada,2021-10-23,Standard,2536.27
1998,Brianna Alvarez,brianna.alvarez@shopmail.com,USA,2024-07-25,Basic,950.55
1999,Robert Miller,robert.miller@shopmail.com,Germany,2022-11-29,Basic,350.43
2000,Carol Sanchez,carol.sanchez@ecommerce.io,USA,2021-12-12,Basic,356.31
2001,Amy Harvey,amy.harvey@ecommerce.io,Germany,2022-06-17,Premium,15063.50
2002,Angela Bryan,,France,2024-03-23,Premium,9775.38
2003,Brandon Hernandez,brandon.hernandez@ecommerce.io,UK,2020-07-15,Standard,1827.37
2004,Denise Johnson,denise.johnson@shopmail.com,USA,2023-05-10,Basic,912.29
2005,Melissa Estrada,melissa.estrada@shopmail.com,USA,2022-09-27,Basic,849.25
2006,Mary Evans,mary.evans@shopmail.com,Canada,2023-03-15,Premium,24192.62
2007,Samantha Williams,samantha.williams@shopmail.com,India,2022-07-18,Standard,2179.77
2008,Robert Thompson,robert.thompson@example.com,Germany,2024-12-25,Premium,24451.97
2009,Emily Carr,emily.carr@shopmail.com,Canada,2024-02-07,Standard,3674.86
2010,Heather Larson,heather.larson@example.com,Australia,2024-06-12,Basic,300.20
2011,Kristin Thompson,kristin.thompson@shopmail.com,France,2021-11-17,Premium,17424.86
2012,Stanley Riley,stanley.riley@example.com,Australia,2023-11-09,Standard,2259.24
2013,Sarah Davis,sarah.davis@customer.net,USA,2023-12-15,Basic,814.78
2014,Kevin Richardson,kevin.richardson@example.com,Australia,2023-07-08,Standard,1031.88
2015,Nicholas Jones,nicholas.jones@customer.net,India,2021-03-26,Premium,35300.64
2016,Ronald Pierce,ronald.pierce@shopmail.com,Germany,2024-07-24,Standard,1748.42
2017,Kelly Taylor,kelly.taylor@shopmail.com,UK,2023-07-24,Standard,4503.46
2018,Heather Hill,heather.hill@shopmail.com,USA,2022-06-08,Basic,160.54
2019,Alison Warren,alison.warren@shopmail.com,Australia,2020-12-30,Standard,1155.25
2020,Heather Salazar,heather.salazar@customer.net,Australia,2023-04-10,Standard,1938.86
2021,Daniel Blair,daniel.blair@shopmail.com,Canada,2024-09-17,Standard,1927.57
2022,Cristina Benitez,cristina.benitez@customer.net,Germany,2024-06-19,Standard,3520.11
2023,Timothy Barker,timothy.barker@customer.net,Canada,2020-07-16,Standard,1875.72
2024,Sarah Andersen,sarah.andersen@ecommerce.io,Germany,2022-07-04,Basic,392.86
2025,Justin Lynch,justin.lynch@example.com,UK,2022-08-09,Standard,4825.26
2026,Leslie Fox,leslie.fox@ecommerce.io,Australia,2022-03-26,Standard,3819.28
2027,Wanda Gomez,wanda.gomez@customer.net,India,2024-07-06,Basic,877.61
2028,David Hart,david.hart@shopmail.com,USA,2021-08-18,Standard,2071.70
2029,April Welch,april.welch@customer.net,USA,2023-02-25,Standard,4087.19
2030,Travis White,travis.white@ecommerce.io,Germany,2022-03-12,Standard,4236.12
2031,Chelsea Erickson,chelsea.erickson@ecommerce.io,USA,2021-07-03,Standard,2942.02
2032,Tiffany Smith,tiffany.smith@example.com,Canada,2022-07-05,Standard,2639.25
2033,Andrew Garrett,andrew.garrett@shopmail.com,France,2021-02-26,Standard,4118.21
2034,David Charles,david.charles@ecommerce.io,UK,2023-05-23,Premium,29289.53
2035,Lauren Duarte,lauren.duarte@example.com,India,2022-02-15,Basic,181.23
2036,Robert Cook,robert.cook@ecommerce.io,India,2024-04-17,Basic,597.60
2037,Ann Walsh,ann.walsh@shopmail.com,Canada,2023-01-01,Standard,1793.76
2038,Alex Harris,alex.harris@customer.net,India,2024-01-10,Premium,15320.05
2039,Juan Tyler,juan.tyler@ecommerce.io,Canada,2022-04-26,Basic,294.05
2040,Kyle Hunter,kyle.hunter@example.com,USA,2024-09-27,Basic,118.03
2041,Mario Smith,mario.smith@example.com,France,2022-03-25,Basic,812.21
2042,Gina Peterson,gina.peterson@ecommerce.io,Canada,2020-02-19,Premium,15350.24
2043,Jennifer Gilbert,jennifer.gilbert@shopmail.com,USA,2021-07-11,Basic,774.92
2044,Anthony Thompson,anthony.thompson@customer.net,Australia,2022-03-31,Basic,218.07
2045,Mark Morgan,mark.morgan@ecommerce.io,India,2020-06-22,Basic,168.87
2046,Emily Hendricks,emily.hendricks@customer.net,USA,2020-01-31,Standard,3970.61
2047,Laura Brewer,laura.brewer@shopmail.com,USA,2024-02-16,Standard,3352.78
2048,Timothy Burton,timothy.burton@ecommerce.io,India,2021-10-24,Standard,2700.61
2049,Patricia Herrera,patricia.herrera@ecommerce.io,Canada,2022-07-28,Basic,282.40
2050,Matthew Bowers,matthew.bowers@customer.net,Germany,2021-08-19,Standard,2718.14
2051,Robert Newton,robert.newton@customer.net,France,2021-07-24,Standard,2933.40
2052,Mary Evans,mary.evans@shopmail.com,Germany,2020-02-05,Basic,993.84
2053,Jessica Stewart,jessica.stewart@ecommerce.io,India,2023-01-24,Basic,743.12
2054,Amanda Clark,amanda.clark@example.com,Germany,2024-04-28,Standard,1928.46
2055,Gina Marsh,gina.marsh@example.com,Australia,2021-09-28,Standard,2329.74
2056,Pamela Gomez,pamela.gomez@example.com,USA,2023-02-22,Basic,252.33
2057,Tara Ramirez,tara.ramirez@customer.net,France,2021-05-26,Basic,175.50
2058,Anthony Terrell,anthony.terrell@customer.net,France,2024-01-20,Standard,4358.60
2059,Courtney Kirby,courtney.kirby@example.com,India,2022-10-07,Basic,326.82
2060,Ashley Price,ashley.price@ecommerce.io,India,2020-11-04,Standard,1146.04
2061,Brooke Hancock,brooke.hancock@customer.net,India,2020-01-12,Standard,2072.58
2062,Karen Thornton,karen.thornton@customer.net,France,2022-10-20,Standard,2252.06
2063,Leonard Johnson,leonard.johnson@ecommerce.io,Germany,2023-12-22,Standard,2931.99
2064,Robert Crawford,robert.crawford@example.com,USA,2022-05-21,Standard,3797.02
2065,John Hayes,john.hayes@example.com,UK,2022-11-30,Standard,3992.60
2066,Stephanie Robinson,stephanie.robinson@customer.net,India,2020-08-20,Premium,6757.79
2067,Kevin Rodriguez,kevin.rodriguez@shopmail.com,Australia,2024-07-02,Standard,3098.36
2068,Kristen Strickland,kristen.strickland@customer.net,Germany,2020-01-19,Premium,18353.80
2069,Robin Wallace,robin.wallace@ecommerce.io,Australia,2024-12-07,Standard,3706.73
2070,Angel Webb,angel.webb@ecommerce.io,France,2023-08-24,Standard,1663.78
2071,Vincent Lee,vincent.lee@shopmail.com,India,2023-06-11,Standard,4807.98
2072,Sandra Oconnor,sandra.oconnor@ecommerce.io,Germany,2022-08-05,Standard,1842.47
2073,Alexandra Rowe,alexandra.rowe@shopmail.com,UK,2022-12-09,Standard,3860.33
2074,Douglas Wiggins,douglas.wiggins@ecommerce.io,Germany,2021-01-02,Standard,1601.40
2075,Lynn Hurley,lynn.hurley@example.com,Canada,2023-12-07,Premium,13445.35
2076,Erica Anderson,erica.anderson@customer.net,Canada,2020-07-12,Standard,1244.43
2077,Jenny Stevens,jenny.stevens@shopmail.com,USA,2021-12-18,Standard,3545.37
2078,Jennifer Boyd,jennifer.boyd@ecommerce.io,Australia,2020-01-29,Basic,935.09
2079,Adam Randolph,adam.randolph@customer.net,France,2024-02-02,Standard,2223.00
2080,Gloria Wheeler,gloria.wheeler@customer.net,Canada,2023-02-23,Standard,3164.07
2081,Christopher Owens,christopher.owens@example.com,France,2020-11-08,Standard,1411.91
2082,Brandon Meyer,brandon.meyer@shopmail.com,Canada,2023-02-28,Standard,1409.29
2083,Donna Edwards,donna.edwards@customer.net,Canada,2023-03-24,Basic,794.78
2084,Becky Collins,becky.collins@ecommerce.io,India,2024-02-18,Standard,4485.35
2085,Patricia Flores,patricia.flores@customer.net,UK,2020-12-10,Standard,1010.68
2086,James Hill,james.hill@shopmail.com,USA,2024-07-03,Standard,3459.69
2087,Luis Alexander,luis.alexander@customer.net,India,2020-01-01,Premium,19550.20
2088,David Hernandez,david.hernandez@example.com,UK,2022-11-13,Basic,826.51
2089,Joshua Smith,joshua.smith@customer.net,Canada,2021-09-11,Standard,3001.50
2090,Cindy Palmer,cindy.palmer@customer.net,Germany,2024-05-03,Premium,22348.84
2091,Jamie Bell,jamie.bell@ecommerce.io,India,2022-12-05,Standard,2267.89
2092,Lucas Thomas,lucas.thomas@shopmail.com,UK,2023-07-21,Premium,42512.22
2093,Janet Campbell,janet.campbell@customer.net,France,2022-06-23,Basic,541.08
2094,John Jones,john.jones@example.com,France,2022-06-10,Basic,686.88
2095,Christina Morgan,christina.morgan@ecommerce.io,India,2022-08-12,Premium,39683.52
2096,Scott Anderson,scott.anderson@customer.net,UK,2023-06-17,Standard,3239.18
2097,Thomas Lowe,thomas.lowe@shopmail.com,Germany,2022-02-05,Basic,261.11
2098,Daniel Brown,daniel.brown@example.com,UK,2022-06-24,Basic,424.89
2099,Ronald White,ronald.white@ecommerce.io,Canada,2020-07-11,Premium,45996.83
2100,Caitlin Watkins,caitlin.watkins@example.com,France,2021-07-13,Basic,130.18
2101,Mary Lyons,mary.lyons@customer.net,Germany,2020-03-30,Standard,4982.95
2102,Christina Edwards,christina.edwards@ecommerce.io,Australia,2020-04-27,Basic,974.03
2103,Lisa Marquez,lisa.marquez@customer.net,France,2023-07-18,Basic,509.03
2104,Emily Ferguson,emily.ferguson@example.com,USA,2022-01-26,Premium,6297.66
2105,Terri Campos,terri.campos@shopmail.com,Australia,2024-02-16,Basic,259.22
2106,Steven Anderson,steven.anderson@example.com,Germany,2024-09-04,Basic,861.22
2107,Lisa Gillespie,lisa.gillespie@example.com,Canada,2020-07-18,Premium,43605.06
2108,Taylor Bryant,taylor.bryant@shopmail.com,Australia,2023-06-11,Standard,3949.81
2109,Gabrielle Mckinney,gabrielle.mckinney@ecommerce.io,Australia,2020-12-12,Standard,4622.90
2110,Steven Hall,steven.hall@ecommerce.io,France,2020-01-30,Standard,4762.18
2111,Jeffrey Callahan,jeffrey.callahan@example.com,USA,2021-01-30,Standard,4300.19
2112,Christina Durham,christina.durham@ecommerce.io,USA,2020-12-19,Standard,2773.60
2113,Philip Lyons,philip.lyons@shopmail.com,Australia,2022-11-01,Standard,2637.01
2114,Elizabeth Mccormick,elizabeth.mccormick@example.com,Canada,2021-07-14,Standard,3242.24
2115,Nicole Chavez,nicole.chavez@customer.net,France,2024-09-08,Premium,36333.15
2116,Anthony Alvarez,anthony.alvarez@customer.net,USA,2020-08-26,Standard,4672.04
2117,Michael Murray,michael.murray@example.com,UK,2021-10-12,Premium,31601.68
2118,George Tate,george.tate@shopmail.com,India,2020-01-22,Basic,295.77
2119,Cassandra Anderson,cassandra.anderson@example.com,Australia,2021-05-20,Standard,2231.13
2120,Dakota Roth,dakota.roth@shopmail.com,Australia,2024-03-27,Standard,3952.44
2121,Laura Nguyen,laura.nguyen@customer.net,Australia,2021-08-10,Standard,1712.02
2122,Debra Sparks,debra.sparks@ecommerce.io,Germany,2021-04-07,Premium,42587.39
2123,Amanda Morales,amanda.morales@shopmail.com,UK,2021-08-27,Standard,2037.42
2124,Robert Oliver,robert.oliver@example.com,Germany,2021-12-28,Standard,3314.78
2125,Amy Dickson,amy.dickson@customer.net,India,2023-07-16,Standard,3748.16
2126,Patrick Peterson,patrick.peterson@customer.net,UK,2023-01-06,Premium,30592.01
2127,Lisa Garza,lisa.garza@customer.net,Canada,2023-08-16,Basic,829.82
2128,Kristen Graham,kristen.graham@shopmail.com,Canada,2023-12-03,Basic,971.64
2129,Kristin Stephens,kristin.stephens@ecommerce.io,USA,2022-11-17,Standard,4093.64
2130,Joel Bates,joel.bates@customer.net,Canada,2020-03-05,Standard,4687.68
2131,Christian Galvan,christian.galvan@shopmail.com,Germany,2020-10-13,Standard,2868.99
2132,Audrey Tucker,audrey.tucker@customer.net,Australia,2023-04-20,Standard,4605.10
2133,Brittany Ford,brittany.ford@example.com,Australia,2022-01-04,Standard,4477.32
2134,Angela Short,angela.short@customer.net,Germany,2021-11-16,Premium,20150.23
2135,Gregory Blanchard,gregory.blanchard@shopmail.com,Canada,2021-09-19,Basic,246.47
2136,Chad Rodriguez,chad.rodriguez@example.com,Germany,2024-07-15,Standard,3466.45
2137,Lisa Wise,lisa.wise@customer.net,Australia,2022-03-28,Standard,2894.29
2138,Nicholas Snyder,nicholas.snyder@ecommerce.io,France,2021-11-22,Standard,2930.23
2139,Donna Davis,donna.davis@example.com,UK,2024-04-11,Standard,4739.02
2140,Lisa Clay,lisa.clay@example.com,Germany,2022-05-22,Basic,796.67
2141,Rebecca Fields,rebecca.fields@customer.net,France,2020-02-28,Basic,247.62
2142,Aaron Thomas,aaron.thomas@ecommerce.io,France,2023-11-29,Premium,47428.08
2143,Edward Schmidt,edward.schmidt@shopmail.com,UK,2023-09-20,Premium,19991.62
2144,Peter Lane,peter.lane@example.com,Canada,2024-06-11,Basic,789.24
2145,James Maldonado,james.maldonado@customer.net,Germany,2020-12-04,Basic,514.53
2146,Leslie Hudson,leslie.hudson@shopmail.com,UK,2021-09-09,Standard,2230.11
2147,Robin Torres,robin.torres@shopmail.com,Germany,2020-07-03,Premium,37586.05
2148,Sherry Graham,sherry.graham@ecommerce.io,USA,2022-09-04,Premium,12169.84
2149,Toni Cooper,toni.cooper@customer.net,Australia,2021-03-11,Premium,46077.49
2150,Christopher Smith,christopher.smith@customer.net,Australia,2021-05-12,Standard,4052.22
2151,Valerie Powell,valerie.powell@shopmail.com,Canada,2024-04-11,Premium,47086.81
2152,David Phillips,david.phillips@ecommerce.io,Canada,2024-08-05,Standard,3699.00
2153,Mike Dunn,mike.dunn@customer.net,France,2020-05-26,Basic,412.18
2154,Brian Warner,brian.warner@example.com,UK,2024-12-18,Standard,3434.09
2155,Lori Howard,lori.howard@ecommerce.io,Canada,2021-11-27,Basic,551.31
2156,Michelle Glenn,,USA,2023-08-15,Premium,15353.31
2157,Joe Park,joe.park@example.com,UK,2021-09-10,Standard,2741.60
2158,Phillip Flores,phillip.flores@shopmail.com,Germany,2020-11-04,Standard,2139.86
2159,Patrick James,patrick.james@customer.net,USA,2021-06-18,Standard,4834.05
2160,Amy Bates,amy.bates@shopmail.com,Germany,2023-10-29,Standard,3069.39
2161,Thomas Lopez,thomas.lopez@example.com,Canada,2023-11-06,Premium,37970.18
2162,Patrick Middleton,patrick.middleton@customer.net,India,2024-07-10,Standard,1048.90
2163,Mary Moore,mary.moore@customer.net,Australia,2022-07-20,Standard,1046.35
2164,Whitney Santiago,whitney.santiago@customer.net,Germany,2024-04-28,Standard,1218.05
2165,Dennis Jones,dennis.jones@example.com,France,2024-07-10,Standard,4209.67
2166,Alfred Griffith,alfred.griffith@ecommerce.io,India,2022-08-27,Standard,3848.09
2167,Tommy Kim,tommy.kim@ecommerce.io,USA,2024-05-27,Basic,260.96
2168,Veronica Miller,veronica.miller@customer.net,India,2023-10-13,Standard,1320.04
2169,Dawn Perry,dawn.perry@ecommerce.io,UK,2022-11-20,Premium,41577.58
2170,Stephen Mccormick,stephen.mccormick@customer.net,Germany,2020-04-09,Basic,518.29
2171,Cassandra Simmons,cassandra.simmons@customer.net,Germany,2022-01-21,Premium,7253.31
2172,Hector Hicks,hector.hicks@ecommerce.io,Canada,2022-05-21,Standard,2349.85
2173,Andrea Cole,andrea.cole@example.com,France,2021-07-01,Standard,1714.91
2174,Michael Lopez,michael.lopez@example.com,Germany,2021-10-26,Standard,2190.73
2175,Cassandra Lane,cassandra.lane@example.com,Canada,2024-02-07,Premium,6647.56
2176,Melanie Young,melanie.young@shopmail.com,UK,2020-06-21,Basic,581.49
2177,Walter Jenkins,walter.jenkins@shopmail.com,Australia,2022-10-07,Premium,24399.52
2178,Amy Richardson,amy.richardson@customer.net,Australia,2023-06-18,Standard,1976.40
2179,Tiffany Carroll,tiffany.carroll@customer.net,USA,2020-06-05,Basic,393.93
2180,Janet Wilson,janet.wilson@example.com,Germany,2022-11-15,Premium,49111.99
2181,Timothy Vaughn,timothy.vaughn@ecommerce.io,Germany,2022-03-31,Premium,6007.26
2182,Douglas Simon,douglas.simon@ecommerce.io,Australia,2023-08-30,Basic,768.42
2183,Tonya Terrell,tonya.terrell@customer.net,USA,2024-06-13,Premium,13623.96
2184,Kimberly Marshall,kimberly.marshall@ecommerce.io,France,2022-11-18,Standard,3156.63
2185,Christian Wu,christian.wu@example.com,Canada,2023-03-20,Basic,525.63
2186,Christopher Kennedy,christopher.kennedy@customer.net,Canada,2024-03-09,Basic,719.98
2187,Judith Horne,judith.horne@example.com,France,2022-03-27,Premium,45938.59
2188,Christian Schultz,christian.schultz@ecommerce.io,USA,2022-04-13,Standard,1828.55
2189,Lauren Edwards,lauren.edwards@shopmail.com,Canada,2021-06-30,Basic,516.20
2190,Brian Cooper,brian.cooper@ecommerce.io,USA,2021-03-29,Basic,302.34
2191,Kimberly Harrison,kimberly.harrison@shopmail.com,USA,2023-06-06,Basic,359.05
2192,William Harrison,william.harrison@customer.net,France,2022-05-11,Basic,671.30
2193,Jessica Fisher,jessica.fisher@customer.net,Germany,2023-02-16,Standard,1050.27
2194,Susan Yates,susan.yates@ecommerce.io,India,2022-06-29,Standard,1607.11
2195,Keith Johnson,keith.johnson@customer.net,UK,2022-12-26,Basic,727.95
2196,Sandra Curry,sandra.curry@ecommerce.io,Germany,2020-03-07,Standard,3642.79
2197,Jessica Elliott,jessica.elliott@example.com,Australia,2022-09-23,Standard,3245.30
2198,Bryan Kennedy,bryan.kennedy@shopmail.com,Australia,2022-12-20,Standard,2476.77
2199,Gary Williams,gary.williams@ecommerce.io,Germany,2023-10-13,Standard,2869.52
2200,Veronica Lamb,veronica.lamb@shopmail.com,France,2021-12-21,Premium,30420.16
2201,Claudia Mitchell,claudia.mitchell@example.com,India,2021-08-04,Standard,3225.76
2202,Christopher Wagner,christopher.wagner@shopmail.com,Germany,2023-01-05,Standard,1526.79
2203,Melissa Ramirez,melissa.ramirez@example.com,USA,2022-03-21,Standard,1873.22
2204,David Campbell,david.campbell@ecommerce.io,UK,2024-11-06,Basic,243.21
2205,Michaela Smith,michaela.smith@customer.net,France,2022-04-16,Basic,416.82
2206,Daniel Thompson,daniel.thompson@ecommerce.io,Canada,2024-04-26,Standard,2452.70
2207,Brittany Hernandez,brittany.hernandez@ecommerce.io,France,2023-01-01,Premium,28962.88
2208,Sean Morton,sean.morton@customer.net,Germany,2024-03-29,Standard,2855.66
2209,Jose Haynes,jose.haynes@customer.net,UK,2024-11-23,Basic,259.86
2210,Todd Lloyd,todd.lloyd@ecommerce.io,India,2022-08-08,Standard,3624.76
2211,Michelle Cooper,michelle.cooper@example.com,Germany,2023-04-03,Standard,3612.42
2212,Christopher Thomas,christopher.thomas@customer.net,UK,2023-07-27,Basic,126.14
2213,Sarah Moore,sarah.moore@example.com,France,2023-03-14,Standard,3928.59
2214,Tyler Chaney,tyler.chaney@ecommerce.io,France,2021-05-26,Basic,249.81
2215,Kaylee Young,kaylee.young@example.com,Canada,2020-02-16,Standard,3971.86
2216,Scott Walsh,scott.walsh@customer.net,France,2022-11-13,Basic,877.09
2217,Jason Navarro,jason.navarro@shopmail.com,Germany,2022-01-25,Basic,750.75
2218,Michael May,michael.may@customer.net,Australia,2021-02-13,Standard,2290.90
2219,Karla Wilson,karla.wilson@example.com,UK,2023-03-28,Standard,2844.72
2220,Gary Ross,gary.ross@customer.net,UK,2024-06-19,Standard,1707.51
2221,Kevin Reese,kevin.reese@example.com,India,2023-05-22,Standard,4351.50
2222,Karen Patel,karen.patel@shopmail.com,UK,2022-08-04,Basic,749.84
2223,Noah Thornton,noah.thornton@example.com,Australia,2023-10-18,Premium,23285.60
2224,Thomas Thomas,thomas.thomas@customer.net,India,2022-02-28,Standard,1281.46
2225,Monica Smith,monica.smith@ecommerce.io,Australia,2023-01-05,Standard,1483.93
2226,Sara Cole,sara.cole@example.com,Germany,2022-09-11,Basic,844.98
2227,Erika Nixon,erika.nixon@customer.net,India,2024-08-11,Premium,37631.77
2228,Felicia Williams,felicia.williams@customer.net,Australia,2022-11-13,Premium,33317.07
2229,Samantha Walsh,samantha.walsh@example.com,USA,2020-10-25,Standard,4388.28
2230,Stephanie Reynolds,stephanie.reynolds@example.com,Australia,2020-12-12,Basic,429.82
2231,Samantha Garrison,samantha.garrison@shopmail.com,UK,2024-06-17,Standard,2930.36
2232,Matthew Adams,matthew.adams@ecommerce.io,Australia,2023-11-21,Standard,1296.28
2233,Corey Pena,corey.pena@customer.net,India,2021-05-16,Basic,781.28
2234,Peter Mejia,peter.mejia@customer.net,Canada,2024-05-31,Standard,2801.50
2235,Kaitlyn Navarro,kaitlyn.navarro@ecommerce.io,France,2020-03-14,Standard,4045.29
2236,Brianna Lee,brianna.lee@ecommerce.io,USA,2021-03-28,Premium,44607.68
2237,Matthew Vaughn,matthew.vaughn@ecommerce.io,Canada,2024-01-06,Standard,1633.21
2238,Hector Kelley,hector.kelley@customer.net,Australia,2022-06-19,Standard,3693.11
2239,Emily Decker,emily.decker@shopmail.com,UK,2023-05-29,Premium,18154.98
2240,Alexander Davis,alexander.davis@shopmail.com,USA,2024-10-08,Standard,1846.65
2241,Dalton Griffin,dalton.griffin@example.com,Canada,2022-01-15,Standard,3884.56
2242,Jeffrey Campbell,jeffrey.campbell@customer.net,Germany,2023-06-20,Basic,910.00
2243,James Johnson,james.johnson@shopmail.com,France,2024-10-12,Basic,550.99
2244,Christopher Mays,christopher.mays@customer.net,India,2022-09-20,Standard,3593.51
2245,Diane Houston,diane.houston@customer.net,UK,2022-09-18,Basic,907.42
2246,Stephanie Little,stephanie.little@example.com,Canada,2021-04-05,Premium,18918.87
2247,Jean Wilson,jean.wilson@ecommerce.io,France,2024-05-12,Standard,3915.05
2248,Melissa Anderson,melissa.anderson@shopmail.com,Canada,2022-10-18,Premium,25669.48
2249,Diana Yoder,diana.yoder@example.com,India,2024-03-08,Basic,861.17
2250,Ashlee Coffey,ashlee.coffey@shopmail.com,Australia,2021-02-18,Basic,427.20
2251,Paula Dominguez,paula.dominguez@example.com,Canada,2022-11-05,Premium,8023.90
2252,Jon Owens,jon.owens@example.com,India,2020-04-24,Standard,2786.53
2253,Sharon Fowler,sharon.fowler@shopmail.com,Canada,2024-06-20,Standard,3957.74
2254,Sandra Hill,sandra.hill@shopmail.com,UK,2023-11-13,Standard,3869.52
2255,Ronald Berger,ronald.berger@ecommerce.io,France,2021-07-22,Premium,9111.16
2256,Kayla Morris,kayla.morris@example.com,UK,2022-12-06,Premium,18624.24
2257,Fernando Jones,fernando.jones@shopmail.com,France,2024-04-08,Standard,3325.08
2258,Kimberly Reyes,kimberly.reyes@example.com,Canada,2024-06-05,Standard,3535.62
2259,Marvin Brown,marvin.brown@example.com,Germany,2020-06-19,Premium,26421.61
2260,Stephanie Baker,stephanie.baker@shopmail.com,France,2022-09-24,Premium,18498.24
2261,Scott Vasquez,scott.vasquez@customer.net,India,2020-08-16,Premium,37399.17
2262,Sarah Bishop,sarah.bishop@shopmail.com,France,2024-07-08,Standard,3539.73
2263,Gregory Vasquez,gregory.vasquez@example.com,Canada,2024-03-25,Basic,466.45
2264,Douglas Mack,douglas.mack@shopmail.com,Canada,2022-11-04,Standard,2933.12
2265,Jeffery Schneider,jeffery.schneider@ecommerce.io,Canada,2024-11-11,Standard,3128.76
2266,Rita Baldwin,rita.baldwin@ecommerce.io,Australia,2022-06-20,Standard,1445.88
2267,Dakota Jones,dakota.jones@shopmail.com,Germany,2020-01-14,Basic,387.29
2268,Ashley King,ashley.king@customer.net,Germany,2020-11-30,Basic,260.92
2269,Sean Mosley,sean.mosley@ecommerce.io,USA,2024-10-31,Basic,498.88
2270,Eduardo Bowman,eduardo.bowman@shopmail.com,UK,2024-05-13,Standard,1434.85
2271,Sarah Ortega,sarah.ortega@ecommerce.io,France,2021-09-17,Standard,2280.06
2272,Joseph Graves,joseph.graves@example.com,Australia,2021-09-06,Standard,4710.21
2273,Rebecca Andrews,rebecca.andrews@shopmail.com,Canada,2020-11-16,Standard,1767.62
2274,Zachary Case,zachary.case@shopmail.com,India,2020-11-19,Standard,3440.49
2275,Tracy Graham,tracy.graham@customer.net,Australia,2023-05-04,Premium,40493.69
2276,Megan Norman,megan.norman@ecommerce.io,UK,2021-06-22,Basic,524.78
2277,Kristen Fernandez,kristen.fernandez@ecommerce.io,Canada,2020-10-23,Basic,375.61
2278,Aaron Finley,aaron.finley@ecommerce.io,Germany,2021-09-22,Basic,482.77
2279,Lisa Olson,lisa.olson@customer.net,USA,2024-04-10,Standard,4759.95
2280,Ashley Donovan,ashley.donovan@customer.net,Canada,2023-08-15,Premium,41241.68
2281,Michael Maldonado,michael.maldonado@ecommerce.io,USA,2024-08-03,Basic,733.91
2282,Richard Chen,richard.chen@ecommerce.io,Canada,2024-09-01,Standard,2493.90
2283,Susan Davis,susan.davis@customer.net,Canada,2023-02-16,Standard,3239.89
2284,Amanda Woodward,amanda.woodward@shopmail.com,France,2022-10-27,Premium,24804.64
2285,Christopher Stevens,christopher.stevens@example.com,UK,2020-11-24,Standard,2301.93
2286,Katie Holland,katie.holland@customer.net,USA,2024-05-18,Standard,3637.67
2287,Gregory Williams,gregory.williams@customer.net,UK,2021-07-27,Standard,4947.72
2288,Patrick Lee,patrick.lee@example.com,USA,2020-04-24,Standard,3558.51
2289,Heather Mosley,heather.mosley@ecommerce.io,Germany,2021-08-05,Standard,1444.12
2290,Crystal Howard,crystal.howard@example.com,Canada,2024-05-06,Premium,37960.21
2291,Christopher Chen,christopher.chen@shopmail.com,France,2021-09-04,Basic,616.68
2292,Jill Taylor,jill.taylor@customer.net,UK,2021-11-02,Standard,3290.93
2293,James Cortez,james.cortez@ecommerce.io,France,2022-12-23,Basic,835.58
2294,Brittany Burns,brittany.burns@shopmail.com,India,2024-04-25,Standard,1272.02
2295,Bryan Fernandez,bryan.fernandez@ecommerce.io,India,2022-01-09,Basic,914.59
2296,Kyle Ferguson,kyle.ferguson@shopmail.com,UK,2021-10-19,Standard,2873.31
2297,Mary Cole,mary.cole@ecommerce.io,UK,2023-10-19,Standard,4885.75
2298,Wendy Johnson,wendy.johnson@example.com,UK,2020-09-01,Standard,3568.96
2299,Brian French,brian.french@customer.net,India,2020-04-08,Standard,4326.70
2300,Brad Wilson,brad.wilson@ecommerce.io,USA,2023-03-04,Premium,24674.31
2301,Lindsay Contreras,lindsay.contreras@ecommerce.io,India,2023-01-08,Premium,27140.43
2302,Stephen Gregory,stephen.gregory@example.com,Australia,2020-06-03,Standard,3261.23
2303,Morgan Hernandez,morgan.hernandez@example.com,France,2020-11-20,Basic,818.73
2304,Beth Buckley,beth.buckley@example.com,France,2022-08-17,Basic,649.03
2305,Benjamin Thomas,benjamin.thomas@example.com,India,2023-11-01,Basic,487.85
2306,Desiree Ruiz,desiree.ruiz@customer.net,Australia,2020-11-07,Standard,3601.77
2307,Samantha Williams,samantha.williams@ecommerce.io,Germany,2022-12-16,Premium,40150.08
2308,Jacqueline Anderson,jacqueline.anderson@customer.net,USA,2022-04-02,Basic,617.26
2309,Gerald Williams,gerald.williams@customer.net,USA,2020-01-18,Premium,15135.35
2310,Kyle Leon,kyle.leon@ecommerce.io,India,2021-04-01,Standard,3337.51
2311,Stephen Jackson,stephen.jackson@customer.net,Australia,2023-09-24,Basic,280.30
2312,Brittany Meyers,brittany.meyers@ecommerce.io,Australia,2024-11-11,Basic,619.17
2313,Daniel Crawford,daniel.crawford@shopmail.com,UK,2021-09-23,Premium,13171.40
2314,Lauren Walker,lauren.walker@example.com,India,2020-09-17,Premium,29303.43
2315,Linda Simmons,linda.simmons@ecommerce.io,India,2021-10-07,Basic,935.62
2316,Lisa Hendrix,lisa.hendrix@shopmail.com,Canada,2020-11-30,Standard,2697.13
2317,Erika Nguyen,erika.nguyen@shopmail.com,India,2021-12-28,Standard,1109.19
2318,Theresa Johnston,theresa.johnston@customer.net,USA,2024-09-04,Basic,953.21
2319,Derrick Copeland,derrick.copeland@shopmail.com,Germany,2020-04-10,Premium,25106.56
2320,Laura Duran,laura.duran@shopmail.com,India,2022-02-18,Standard,3360.87
2321,Brittany Rogers,brittany.rogers@shopmail.com,France,2023-03-30,Premium,37603.33
2322,David Thomas,david.thomas@shopmail.com,USA,2022-09-28,Premium,38328.89
2323,Robert Horton,robert.horton@ecommerce.io,Germany,2021-01-26,Standard,1841.31
2324,Angela Gonzales,angela.gonzales@ecommerce.io,Germany,2021-06-06,Premium,27893.09
2325,Sara Williams,sara.williams@example.com,USA,2022-02-17,Basic,823.07
2326,Craig Boone,craig.boone@example.com,Canada,2022-01-08,Standard,4782.93
2327,Cheyenne Strickland,cheyenne.strickland@customer.net,India,2023-08-28,Basic,370.62
2328,Alexis Tucker,alexis.tucker@example.com,Australia,2023-08-11,Basic,829.15
2329,Adam White,adam.white@example.com,Canada,2024-02-03,Basic,682.62
2330,Christopher Pearson,christopher.pearson@shopmail.com,India,2021-05-24,Standard,1709.43
2331,Olivia Butler,olivia.butler@shopmail.com,UK,2023-11-24,Premium,26141.57
2332,Lindsay Barton,lindsay.barton@shopmail.com,India,2024-02-24,Premium,34742.85
2333,Heather Harris,heather.harris@customer.net,India,2020-11-18,Standard,2676.96
2334,Danielle Mills,danielle.mills@shopmail.com,Australia,2024-07-15,Premium,41464.39
2335,Robert Hurley,robert.hurley@example.com,India,2020-11-28,Premium,6349.11
2336,Cheryl Johnson,cheryl.johnson@customer.net,Australia,2022-02-03,Standard,4635.92
2337,Hector Porter,hector.porter@ecommerce.io,USA,2024-05-23,Standard,1103.32
2338,Stephanie Burton,stephanie.burton@customer.net,USA,2024-02-14,Premium,44241.27
2339,Kimberly Bailey,kimberly.bailey@example.com,France,2022-02-11,Basic,786.25
2340,Adam Young,adam.young@shopmail.com,UK,2020-07-24,Basic,113.44
2341,David Moreno,david.moreno@example.com,Germany,2020-05-15,Basic,201.17
2342,Cody Cox,cody.cox@customer.net,India,2023-01-04,Standard,2761.66
2343,Kathleen Fernandez,kathleen.fernandez@example.com,Canada,2022-09-02,Basic,522.54
2344,Jeffrey Townsend,jeffrey.townsend@shopmail.com,Canada,2023-09-06,Basic,585.99
2345,Donna Hill,donna.hill@example.com,Germany,2022-10-06,Basic,773.85
2346,James Hogan,james.hogan@shopmail.com,UK,2021-03-25,Basic,563.26
2347,Gina Schmitt,gina.schmitt@shopmail.com,UK,2023-09-12,Basic,173.97
2348,Thomas Thompson,thomas.thompson@customer.net,Canada,2024-12-21,Premium,32675.65
2349,Elizabeth Williams,elizabeth.williams@ecommerce.io,UK,2024-02-04,Standard,3637.48
2350,Deanna Mitchell,deanna.mitchell@customer.net,Australia,2023-04-24,Standard,3079.67
2351,Ryan Cook,ryan.cook@ecommerce.io,India,2020-09-26,Standard,2311.78
2352,Linda Chang,linda.chang@shopmail.com,France,2024-02-17,Standard,4738.50
2353,Bradley Yang,bradley.yang@customer.net,Australia,2020-04-08,Premium,40738.77
2354,Sara Thompson,sara.thompson@example.com,UK,2023-07-23,Basic,130.70
2355,Kristen Washington,kristen.washington@shopmail.com,Germany,2021-10-22,Basic,110.54
2356,Darren Jacobson,darren.jacobson@ecommerce.io,UK,2023-07-11,Standard,4478.10
2357,Jennifer Watkins,jennifer.watkins@customer.net,Germany,2021-03-15,Basic,507.87
2358,Mark Gonzalez,mark.gonzalez@customer.net,USA,2024-03-05,Standard,2117.22
2359,Erica Nguyen,erica.nguyen@ecommerce.io,Canada,2021-01-16,Basic,329.76
2360,Kimberly Nguyen,kimberly.nguyen@customer.net,India,2023-01-29,Basic,510.68
2361,Corey Rojas,corey.rojas@ecommerce.io,India,2022-11-29,Premium,16828.85
2362,Molly Bennett,molly.bennett@customer.net,Australia,2020-02-22,Basic,968.28
2363,Jeffrey Ruiz,jeffrey.ruiz@shopmail.com,Germany,2024-08-26,Premium,10001.16
2364,Todd Zamora,todd.zamora@ecommerce.io,UK,2024-11-23,Standard,2390.50
2365,Dustin Reilly,dustin.reilly@example.com,India,2022-10-30,Standard,1730.45
2366,Spencer Hughes,spencer.hughes@shopmail.com,UK,2024-09-16,Basic,712.52
2367,Derek Cortez,derek.cortez@shopmail.com,Australia,2024-03-04,Basic,418.54
2368,Crystal Cantrell,crystal.cantrell@shopmail.com,France,2024-10-27,Standard,3122.25
2369,James Martinez,james.martinez@ecommerce.io,France,2021-04-16,Premium,36216.26
2370,Heather Brown,heather.brown@shopmail.com,Canada,2020-11-21,Basic,190.12
2371,Derek York,derek.york@shopmail.com,India,2024-03-18,Premium,37223.87
2372,Stephen Jackson,stephen.jackson@customer.net,India,2021-02-18,Standard,2113.69
2373,Matthew Tanner,matthew.tanner@customer.net,Canada,2022-03-09,Basic,910.86
2374,Cassandra Clarke,cassandra.clarke@customer.net,Germany,2021-10-21,Basic,222.51
2375,Dana Carr,dana.carr@example.com,USA,2021-05-29,Basic,737.51
2376,George Cordova,george.cordova@shopmail.com,Australia,2023-06-09,Standard,3375.94
2377,Melissa Miller,melissa.miller@customer.net,UK,2020-10-21,Premium,26641.95
2378,Melody Burns,melody.burns@shopmail.com,Germany,2024-05-29,Premium,12174.94
2379,Wendy Vargas,wendy.vargas@shopmail.com,UK,2024-09-04,Standard,2401.63
2380,Mary Ramirez,mary.ramirez@ecommerce.io,UK,2022-04-02,Standard,1493.89
2381,Jessica Fitzgerald,jessica.fitzgerald@shopmail.com,UK,2022-06-27,Basic,228.17
2382,John Murphy,john.murphy@ecommerce.io,USA,2023-07-28,Standard,1469.17
2383,Bethany Snow,bethany.snow@example.com,India,2023-07-11,Standard,3393.79
2384,Brittany Hernandez,brittany.hernandez@customer.net,Canada,2024-08-10,Standard,1499.46
2385,Ashley Smith,ashley.smith@customer.net,UK,2020-05-24,Basic,892.20
2386,Tina Williams,tina.williams@ecommerce.io,Canada,2020-03-24,Basic,443.35
2387,Thomas Mack,thomas.mack@example.com,Australia,2022-08-13,Basic,483.32
2388,Arthur Schmidt,arthur.schmidt@customer.net,India,2021-08-19,Premium,15108.50
2389,Timothy Yates,timothy.yates@ecommerce.io,UK,2024-11-15,Premium,43248.44
2390,Lori Chavez,lori.chavez@customer.net,Germany,2020-04-26,Standard,3552.24
2391,John Hansen,john.hansen@ecommerce.io,India,2024-01-22,Basic,759.20
2392,Alexander Dennis,alexander.dennis@ecommerce.io,Germany,2023-09-27,Basic,852.67
2393,Stephanie Anderson,stephanie.anderson@example.com,USA,2020-07-26,Basic,741.79
2394,Kenneth Holland,kenneth.holland@customer.net,UK,2023-04-25,Standard,2735.07
8489,Christopher Castillo,christopher.castillo@customer.net,France,2023-05-27,Standard,4349.65
2396,Kevin Warner,kevin.warner@customer.net,USA,2023-05-17,Standard,1431.19
2397,Michaela Burgess,michaela.burgess@example.com,France,2020-07-13,Basic,205.73
2398,Andrew Gibson,andrew.gibson@ecommerce.io,France,2023-10-09,Basic,738.37
2399,Kelsey Sawyer,kelsey.sawyer@customer.net,Australia,2024-03-04,Standard,1159.46
2400,Richard Clarke,richard.clarke@customer.net,India,2022-08-01,Standard,3293.38
2401,Mitchell Marshall,mitchell.marshall@customer.net,India,2024-07-07,Standard,3512.47
2402,Cynthia Dalton,cynthia.dalton@example.com,UK,2023-03-07,Basic,262.66
2403,Chad Barry,chad.barry@ecommerce.io,USA,2021-08-21,Standard,4682.68
4932,Mason Johnson,mason.johnson@customer.net,India,2024-12-29,Basic,328.16
2405,Ronald Nelson,ronald.nelson@ecommerce.io,Canada,2021-05-24,Basic,348.97
2406,Sophia Daniels,sophia.daniels@ecommerce.io,Germany,2023-12-02,Basic,991.88
2407,Laura French,laura.french@shopmail.com,UK,2023-02-17,Standard,4083.24
2408,Christopher Gilmore,christopher.gilmore@ecommerce.io,Australia,2022-04-01,Standard,4013.28
2409,Jill Brown,jill.brown@shopmail.com,India,2022-10-20,Basic,870.98
2410,Sierra Leonard,sierra.leonard@shopmail.com,Canada,2024-08-24,Standard,2223.34
2411,Pamela Rodriguez,pamela.rodriguez@example.com,Australia,2022-04-11,Basic,381.63
2412,Michael Harvey,michael.harvey@shopmail.com,India,2022-02-22,Standard,1808.60
2413,Michael Thompson,michael.thompson@customer.net,Canada,2021-11-21,Basic,825.31
2414,Angelica Jones,angelica.jones@shopmail.com,UK,2021-10-23,Basic,114.33
2415,Jenna Harris,jenna.harris@ecommerce.io,France,2023-12-05,Premium,33903.85
2416,Tina Allen,tina.allen@shopmail.com,Germany,2023-06-20,Standard,3782.54
2417,Daniel Mendoza,daniel.mendoza@example.com,Australia,2023-05-09,Premium,46161.38
2418,Sheila Carpenter,sheila.carpenter@ecommerce.io,UK,2024-01-06,Standard,2360.66
2419,Susan Clark,susan.clark@shopmail.com,Germany,2020-07-31,Standard,4380.04
2420,Julie Perez,julie.perez@ecommerce.io,France,2023-03-13,Basic,973.67
2421,Michael Adams,michael.adams@shopmail.com,Germany,2024-08-18,Standard,1163.09
2422,Erin Ramirez,erin.ramirez@ecommerce.io,USA,2022-10-09,Standard,1897.87
2423,Bryan Reed,bryan.reed@shopmail.com,UK,2024-11-27,Standard,1903.33
2424,Todd Rose,todd.rose@shopmail.com,UK,2020-01-26,Standard,2187.17
2425,David Mckinney,david.mckinney@customer.net,India,2022-06-17,Basic,473.07
2426,Erika Patel,erika.patel@shopmail.com,Germany,2021-01-16,Standard,4391.62
2427,Kelly Oliver,kelly.oliver@customer.net,Australia,2021-06-19,Standard,3826.98
2428,Lauren Dougherty,lauren.dougherty@ecommerce.io,Germany,2022-01-28,Basic,428.06
2429,Lisa Everett,lisa.everett@shopmail.com,Canada,2023-01-11,Basic,421.37
2430,Cameron Mcclain,cameron.mcclain@shopmail.com,Canada,2024-10-27,Basic,844.70
2431,Stephen Miller,stephen.miller@shopmail.com,USA,2024-05-25,Basic,986.95
2432,Rachael Roberts,rachael.roberts@ecommerce.io,USA,2024-07-11,Basic,843.66
2433,Sue Rodriguez,sue.rodriguez@ecommerce.io,Australia,2023-12-08,Standard,3579.86
2434,Joshua Terry,joshua.terry@shopmail.com,Germany,2021-07-05,Standard,3297.04
2435,Tyler Golden,tyler.golden@customer.net,Germany,2023-04-25,Premium,24628.29
2436,Abigail Burton,abigail.burton@shopmail.com,USA,2023-02-20,Basic,503.62
2437,Kelly Montes,kelly.montes@ecommerce.io,Germany,2024-11-11,Standard,3825.24
2438,Amber Anderson,amber.anderson@ecommerce.io,USA,2024-01-12,Premium,17424.07
2439,Michael Wallace,michael.wallace@example.com,Australia,2023-05-09,Standard,2963.24
2440,Deanna Carter,deanna.carter@shopmail.com,Germany,2021-03-16,Basic,695.62
2441,Bryan Wiggins,bryan.wiggins@ecommerce.io,Canada,2021-04-21,Standard,3279.43
2442,Jesse Meza,jesse.meza@customer.net,UK,2024-04-18,Basic,585.65
2443,Deanna Jenkins,deanna.jenkins@ecommerce.io,India,2020-01-14,Standard,4883.55
2444,Matthew Lucas,matthew.lucas@ecommerce.io,France,2020-09-02,Premium,39857.94
2445,Mark Watkins,mark.watkins@example.com,France,2022-04-27,Premium,37867.12
2446,Heidi Wilkinson,heidi.wilkinson@shopmail.com,France,2024-05-03,Basic,782.94
2447,Sean Torres,sean.torres@shopmail.com,USA,2023-08-22,Premium,46797.18
2448,David Clarke,david.clarke@ecommerce.io,USA,2020-07-11,Basic,951.53
2449,George Green,george.green@customer.net,India,2022-04-14,Standard,2525.16
2450,Todd Arellano,todd.arellano@ecommerce.io,UK,2020-07-15,Standard,2244.78
2451,Kayla Williams,kayla.williams@customer.net,Canada,2022-10-20,Premium,9083.05
2452,Michael Bryant,michael.bryant@shopmail.com,UK,2021-12-20,Standard,4942.54
2453,Garrett Glass,garrett.glass@ecommerce.io,Germany,2024-03-19,Standard,1376.11
2454,Jennifer Mitchell,jennifer.mitchell@example.com,France,2020-05-01,Standard,3730.84
2455,Teresa Franco,teresa.franco@example.com,France,2020-01-26,Premium,5209.75
2456,Heather Estrada,heather.estrada@example.com,India,2023-03-09,Standard,3253.46
2457,Eric Young,eric.young@shopmail.com,UK,2023-07-27,Basic,658.79
2458,Blake Stewart,blake.stewart@shopmail.com,Canada,2020-07-17,Premium,44244.37
2459,David Green,david.green@ecommerce.io,France,2020-12-28,Basic,902.29
2460,Jack Hart,jack.hart@shopmail.com,France,2020-10-31,Basic,832.93
2461,Austin Stewart,austin.stewart@example.com,France,2024-12-24,Standard,4832.13
2462,Maurice Watson,maurice.watson@ecommerce.io,Canada,2020-08-08,Basic,414.15
2463,Amber Martin,amber.martin@shopmail.com,USA,2022-10-16,Premium,13692.19
2464,Kevin Knapp,kevin.knapp@ecommerce.io,Germany,2023-09-10,Premium,29659.12
2465,Richard Porter,richard.porter@customer.net,USA,2023-10-01,Standard,3217.85
2466,Dustin Ellis,dustin.ellis@ecommerce.io,UK,2021-05-05,Standard,4841.55
2467,Luke Smith,luke.smith@customer.net,USA,2022-01-03,Standard,1234.50
2468,Joanna Cantrell,joanna.cantrell@customer.net,India,2024-09-23,Basic,918.70
2469,Mark Thornton,mark.thornton@example.com,India,2022-11-30,Basic,181.86
2470,Thomas Roberts,thomas.roberts@customer.net,India,2023-01-23,Standard,3572.79
2471,Sherry Hooper,sherry.hooper@shopmail.com,Germany,2024-04-12,Standard,1792.17
2472,Audrey Thomas,audrey.thomas@customer.net,Germany,2022-06-10,Basic,439.36
2473,Annette Meadows,annette.meadows@customer.net,USA,2021-10-20,Standard,3245.01
2474,Scott Norris,scott.norris@ecommerce.io,Germany,2024-05-29,Standard,4082.96
2475,Jessica Mccullough,jessica.mccullough@example.com,France,2024-08-29,Basic,137.47
2476,Donald Pierce,donald.pierce@ecommerce.io,France,2024-03-11,Basic,910.25
2477,Kyle Morales,kyle.morales@ecommerce.io,Australia,2020-04-08,Standard,3137.17
2478,Mary Griffin,mary.griffin@ecommerce.io,Germany,2021-01-20,Premium,20829.45
2479,Christopher Brown,christopher.brown@customer.net,Australia,2022-11-07,Standard,3095.94
2480,Danielle Silva,danielle.silva@ecommerce.io,Australia,2023-12-02,Premium,7012.43
2481,Jeffrey Walls,jeffrey.walls@customer.net,UK,2021-03-29,Standard,3849.64
2482,Joshua Johnson,joshua.johnson@shopmail.com,Germany,2021-02-27,Premium,30701.54
2483,Amanda Griffin,amanda.griffin@example.com,Germany,2021-02-25,Standard,4601.28
2484,Emily Miller,emily.miller@ecommerce.io,USA,2021-05-07,Premium,34681.74
2485,William Lee,william.lee@ecommerce.io,UK,2022-03-09,Basic,843.91
2486,Louis Jacobs,louis.jacobs@customer.net,USA,2020-11-15,Standard,1566.68
2487,Sherry Kerr,sherry.kerr@ecommerce.io,Germany,2023-10-25,Standard,3282.16
2488,Michael Hernandez,michael.hernandez@ecommerce.io,UK,2024-12-04,Basic,688.00
2489,Melissa Wood,melissa.wood@customer.net,Australia,2020-01-21,Basic,474.30
2490,Nathan Mitchell,nathan.mitchell@ecommerce.io,India,2021-01-23,Standard,4266.90
2491,Michael Madden,michael.madden@example.com,Australia,2023-11-19,Standard,2581.87
2492,Nancy Miller,nancy.miller@customer.net,UK,2023-09-19,Standard,3758.00
2493,Jessica Wallace,jessica.wallace@example.com,USA,2020-11-21,Premium,45599.77
2494,Victoria Lara,victoria.lara@shopmail.com,France,2021-11-01,Standard,1669.47
2495,Keith Shaffer,keith.shaffer@customer.net,Canada,2023-01-03,Basic,357.80
2496,Tara Coleman,tara.coleman@ecommerce.io,USA,2024-04-07,Basic,207.46
2497,Peggy Taylor,peggy.taylor@shopmail.com,USA,2023-02-10,Basic,861.81
2498,Brenda Miller,brenda.miller@example.com,Germany,2022-09-07,Standard,1437.38
2499,Jared Wells,jared.wells@customer.net,UK,2020-06-20,Standard,4050.17
2500,Mikayla Hatfield,mikayla.hatfield@shopmail.com,Germany,2023-06-14,Basic,433.81
2501,Carl Choi,carl.choi@customer.net,France,2024-04-24,Basic,136.95
2502,Katelyn Davis,katelyn.davis@shopmail.com,India,2021-03-06,Basic,752.42
2503,Robert Rocha,robert.rocha@example.com,UK,2021-11-30,Premium,43676.94
2504,Robert Peters,robert.peters@shopmail.com,Canada,2022-08-04,Standard,1802.60
2505,Jennifer Fischer,jennifer.fischer@customer.net,Germany,2020-11-09,Standard,4787.29
2506,Derrick Lopez,derrick.lopez@shopmail.com,UK,2023-07-08,Standard,1777.36
2507,Patrick Spencer,patrick.spencer@customer.net,USA,2024-11-19,Standard,2762.12
2508,Bobby Mckenzie,bobby.mckenzie@ecommerce.io,France,2020-11-25,Basic,229.03
2509,Mary Torres,mary.torres@example.com,USA,2023-11-03,Basic,158.62
2510,Anita Ford,anita.ford@example.com,France,2024-01-15,Standard,1679.66
2511,Anthony Smith,anthony.smith@ecommerce.io,USA,2020-10-20,Basic,911.37
2512,Jose Blanchard,jose.blanchard@example.com,Germany,2020-01-08,Standard,3250.85
2513,Mary Kennedy,mary.kennedy@example.com,India,2021-04-04,Basic,785.96
2514,Desiree Stafford,desiree.stafford@example.com,USA,2023-08-21,Premium,42079.93
2515,Robert Vasquez,robert.vasquez@customer.net,Canada,2023-11-05,Standard,3464.20
2516,Gwendolyn Sanchez,gwendolyn.sanchez@shopmail.com,Australia,2022-10-01,Standard,3450.43
2517,David Ramirez,david.ramirez@customer.net,Germany,2020-11-09,Standard,2816.89
2518,Virginia Jones,virginia.jones@shopmail.com,UK,2021-08-10,Basic,673.38
2519,Julie Perkins,julie.perkins@customer.net,Canada,2024-12-11,Premium,12214.25
2520,Ariana Oneill,ariana.oneill@customer.net,India,2021-09-06,Basic,229.59
2521,Courtney Alvarez,courtney.alvarez@shopmail.com,Germany,2020-09-13,Standard,4360.54
2522,Heather Wilson,heather.wilson@customer.net,Germany,2024-12-14,Standard,2670.90
2523,William Johnston,william.johnston@customer.net,Germany,2022-08-07,Basic,427.20
2524,Megan Martin,megan.martin@customer.net,UK,2024-01-21,Standard,3119.75
2525,Brian Flores,brian.flores@shopmail.com,France,2021-02-02,Standard,4792.02
2526,Natalie Taylor,natalie.taylor@ecommerce.io,Germany,2023-01-27,Basic,876.19
2527,Frank Nelson,frank.nelson@ecommerce.io,Australia,2021-09-20,Basic,292.16
2528,Robert Barr,robert.barr@example.com,France,2023-08-28,Premium,25354.39
2529,Michael Roberts,michael.roberts@customer.net,USA,2021-02-12,Basic,295.46
2530,Alyssa Mayer,alyssa.mayer@shopmail.com,Australia,2022-02-26,Standard,4748.49
2531,Willie Miranda,willie.miranda@customer.net,USA,2023-11-22,Standard,1825.81
2532,Isaac Davis,isaac.davis@shopmail.com,Canada,2024-03-07,Standard,3722.52
2533,Karen Stephens,karen.stephens@customer.net,France,2024-05-20,Basic,820.75
2534,Monique Serrano,monique.serrano@ecommerce.io,Germany,2021-05-18,Premium,44061.35
2535,Gail Turner,gail.turner@customer.net,Canada,2023-06-04,Premium,46985.91
2536,Gina Barker,gina.barker@example.com,Australia,2020-07-17,Standard,4147.85
2537,Cody Carpenter,cody.carpenter@example.com,India,2024-11-15,Premium,7373.87
2538,Madeline Smith,madeline.smith@ecommerce.io,Canada,2021-02-19,Basic,769.23
2539,April Watson,april.watson@ecommerce.io,India,2020-05-15,Basic,426.65
2540,Todd Peterson,todd.peterson@customer.net,Germany,2021-11-24,Basic,733.24
2541,Renee Garcia,renee.garcia@example.com,India,2023-02-24,Standard,1639.25
2542,Eric Walker,eric.walker@shopmail.com,Germany,2020-08-30,Basic,579.07
2543,Jacob Prince,jacob.prince@shopmail.com,France,2023-02-05,Standard,3514.73
2544,Christina Guerra,christina.guerra@ecommerce.io,Australia,2024-10-02,Standard,4614.61
2545,Alicia Patel,alicia.patel@shopmail.com,Germany,2020-07-17,Basic,780.11
2546,Andrea Avila,andrea.avila@customer.net,Germany,2022-02-15,Premium,26459.60
2547,Daniel Stevens,daniel.stevens@ecommerce.io,Germany,2023-04-12,Basic,614.72
2548,Charles Fuentes,charles.fuentes@example.com,Germany,2023-10-07,Standard,3267.13
2549,Sandra Mendoza,sandra.mendoza@example.com,Canada,2020-05-21,Basic,259.51
2550,Larry Cox,larry.cox@customer.net,UK,2020-08-15,Standard,4971.59
2551,Lisa Preston,lisa.preston@shopmail.com,Australia,2021-10-18,Basic,363.11
2552,Carla Gallagher,carla.gallagher@example.com,Canada,2023-05-19,Basic,985.21
2553,Matthew Mckinney,matthew.mckinney@customer.net,UK,2022-01-17,Standard,4405.01
2554,Anthony Olsen,anthony.olsen@ecommerce.io,France,2020-02-18,Premium,27032.41
2555,Jeffrey Vincent,jeffrey.vincent@example.com,Australia,2021-05-04,Basic,730.46
2556,Douglas Perez,douglas.perez@customer.net,Canada,2020-03-23,Standard,2091.35
2557,David Anderson,david.anderson@customer.net,Australia,2020-06-13,Basic,399.63
2558,Christian Vazquez,,Australia,2023-03-20,Premium,5864.55
2559,Kristen Jones,kristen.jones@customer.net,Germany,2022-03-06,Standard,1143.93
2560,Kim Todd,kim.todd@customer.net,Canada,2022-01-21,Standard,4212.58
2561,Brad Rodriguez,brad.rodriguez@customer.net,Germany,2023-12-19,Basic,407.92
2562,Laura Palmer,laura.palmer@ecommerce.io,France,2021-01-30,Basic,539.95
2563,Brian Wilson,brian.wilson@customer.net,Australia,2020-06-22,Standard,4221.90
2564,Johnny Jones,johnny.jones@example.com,USA,2024-07-18,Basic,215.67
2565,Elizabeth Webster,elizabeth.webster@shopmail.com,USA,2020-12-28,Basic,436.05
2566,Kimberly Mora,kimberly.mora@shopmail.com,India,2020-06-27,Premium,43866.07
2567,Jamie Santana,jamie.santana@example.com,Australia,2024-07-10,Premium,20351.07
2568,Jack Bell,jack.bell@example.com,UK,2023-04-08,Basic,663.51
2569,Christopher Singleton,christopher.singleton@customer.net,Australia,2024-11-23,Basic,397.81
2570,Shelly Rush,shelly.rush@example.com,USA,2023-12-13,Standard,1554.86
2571,Michael Martin,michael.martin@example.com,UK,2020-07-06,Basic,746.43
2572,Vincent Chandler,vincent.chandler@customer.net,India,2023-11-05,Premium,15488.41
2573,John Hudson,john.hudson@example.com,Germany,2021-10-18,Premium,33145.33
2574,Cory Lane,cory.lane@shopmail.com,Australia,2022-10-11,Premium,32245.60
2575,Alexis Robinson,alexis.robinson@ecommerce.io,Australia,2023-10-16,Premium,31631.54
2576,James Campbell,james.campbell@customer.net,UK,2022-11-05,Basic,105.68
2577,Rachel Medina,rachel.medina@shopmail.com,Canada,2020-10-21,Premium,44517.95
2578,Teresa Garcia,teresa.garcia@shopmail.com,Australia,2020-09-10,Standard,3811.47
2579,Jason Gordon,jason.gordon@shopmail.com,India,2021-10-20,Premium,39032.88
2580,Jasmine Richardson,jasmine.richardson@customer.net,Australia,2024-09-08,Standard,3369.23
2581,Bridget Gonzales,bridget.gonzales@ecommerce.io,UK,2022-05-23,Standard,2003.80
2582,Susan White,susan.white@shopmail.com,France,2020-01-15,Standard,3619.37
2583,Michael Gray,michael.gray@ecommerce.io,Canada,2024-03-24,Basic,245.14
2584,Jason Perez,jason.perez@customer.net,Canada,2024-02-10,Premium,7718.18
2585,Daniel Rollins,daniel.rollins@customer.net,USA,2023-10-12,Basic,787.99
2586,David Rodriguez,david.rodriguez@example.com,Australia,2023-10-13,Basic,179.41
2587,Derek Farmer,derek.farmer@ecommerce.io,Australia,2023-10-26,Standard,3422.03
2588,Janet Hawkins,janet.hawkins@ecommerce.io,Australia,2024-09-15,Basic,387.16
2589,Billy Murphy,billy.murphy@customer.net,Canada,2022-10-20,Standard,2200.99
2590,Darrell Campbell,darrell.campbell@shopmail.com,UK,2023-04-17,Standard,1682.21
2591,Caroline Collins,caroline.collins@customer.net,Germany,2024-12-07,Standard,2846.56
2592,Theresa Wallace,theresa.wallace@customer.net,Germany,2024-11-14,Basic,909.18
2593,Angela Roberts,angela.roberts@shopmail.com,Australia,2024-03-17,Standard,2542.26
2594,Melissa Lopez,melissa.lopez@shopmail.com,India,2021-10-10,Basic,443.31
2595,Chad Randall,chad.randall@shopmail.com,Germany,2022-01-18,Basic,112.56
2596,Thomas Shelton,thomas.shelton@shopmail.com,UK,2023-04-29,Basic,951.44
2597,Harry Lutz,harry.lutz@example.com,Germany,2022-08-25,Standard,1599.60
2598,Travis Garcia,travis.garcia@example.com,Germany,2022-03-14,Standard,1633.27
2599,Samuel Barrett,samuel.barrett@ecommerce.io,UK,2021-01-24,Basic,537.88
2600,Christopher Thomas,christopher.thomas@customer.net,Germany,2024-10-10,Basic,243.84
2601,Richard Garza,richard.garza@example.com,Canada,2020-08-05,Basic,160.22
2602,Cristian Schaefer,cristian.schaefer@customer.net,France,2021-08-15,Standard,1565.91
2603,Tiffany Brown,tiffany.brown@customer.net,India,2021-03-19,Standard,2665.38
2604,Theresa Morgan,theresa.morgan@ecommerce.io,Australia,2020-11-20,Premium,20236.12
2605,Brooke Ewing,brooke.ewing@customer.net,France,2020-09-06,Standard,3396.46
2606,David Massey,david.massey@ecommerce.io,Australia,2022-02-03,Standard,4228.50
2607,Jessica Ramirez,jessica.ramirez@ecommerce.io,France,2022-08-27,Basic,156.81
2608,Jennifer Perkins,jennifer.perkins@customer.net,UK,2021-03-04,Standard,4778.31
2609,Joshua Clarke,joshua.clarke@ecommerce.io,Australia,2022-09-02,Standard,4147.22
2610,Dawn Ross,dawn.ross@ecommerce.io,Australia,2021-02-02,Standard,4607.42
2611,Thomas Morrison,thomas.morrison@shopmail.com,Australia,2023-04-29,Basic,648.45
2612,Richard Washington,richard.washington@shopmail.com,Germany,2023-02-27,Basic,522.78
2613,Joshua Tate,joshua.tate@example.com,Germany,2024-03-16,Premium,11676.00
2614,Daniel King,daniel.king@customer.net,Germany,2023-05-19,Standard,4601.72
2615,Tyler Fuller,tyler.fuller@ecommerce.io,USA,2022-07-09,Basic,450.62
2616,Dennis Garcia,dennis.garcia@ecommerce.io,Australia,2020-10-20,Premium,21370.21
2617,Brian Jones,brian.jones@customer.net,UK,2021-04-02,Basic,669.76
2618,Erika Stanton,erika.stanton@customer.net,France,2020-10-26,Standard,4134.74
2619,Patrick Shelton,patrick.shelton@customer.net,Canada,2023-05-23,Basic,894.89
2620,Eric Howell,eric.howell@shopmail.com,France,2023-05-24,Standard,1481.45
2621,Cole Jones,cole.jones@shopmail.com,France,2024-06-24,Basic,553.72
2622,Karen Saunders,karen.saunders@customer.net,Germany,2023-12-05,Standard,4274.35
2623,Laura Harris,laura.harris@ecommerce.io,UK,2020-10-22,Premium,18324.65
2624,Ebony Henry,ebony.henry@customer.net,USA,2022-01-24,Premium,25922.28
2625,Jose Cooper,jose.cooper@shopmail.com,Germany,2023-07-05,Basic,443.82
2626,Michele Payne,michele.payne@customer.net,India,2021-10-05,Premium,9848.52
2627,Stephanie Johnson,stephanie.johnson@ecommerce.io,UK,2023-12-17,Standard,3426.17
2628,Russell Melendez,russell.melendez@shopmail.com,Canada,2020-02-04,Standard,1495.66
2629,Patrick Edwards,patrick.edwards@customer.net,Canada,2020-10-17,Basic,383.74
2630,Nicholas Stevens,nicholas.stevens@example.com,Australia,2022-06-08,Basic,681.70
2631,Antonio Hawkins,antonio.hawkins@ecommerce.io,France,2024-09-08,Standard,4042.13
2632,Michelle Turner,michelle.turner@ecommerce.io,France,2024-03-29,Standard,3274.12
2633,Janice Henry,janice.henry@example.com,Australia,2024-01-08,Basic,742.30
2634,Dennis Baldwin,dennis.baldwin@example.com,UK,2020-11-06,Standard,1409.01
2635,Tony Rodriguez,tony.rodriguez@shopmail.com,USA,2024-03-25,Premium,21214.26
2636,Emily Keller,emily.keller@example.com,Germany,2021-12-04,Standard,4003.40
2637,Gina Armstrong,gina.armstrong@example.com,France,2022-05-02,Standard,3567.27
2638,Thomas Dickerson,thomas.dickerson@shopmail.com,France,2024-08-12,Standard,1357.89
2639,William Myers,william.myers@shopmail.com,USA,2024-04-11,Standard,4645.70
2640,Troy Arellano,troy.arellano@shopmail.com,USA,2023-08-13,Standard,3734.09
2641,Christina Gomez,christina.gomez@shopmail.com,Germany,2020-03-27,Premium,6897.91
2642,Tiffany Flores,tiffany.flores@shopmail.com,India,2020-10-08,Basic,550.53
2643,Anthony Williams,anthony.williams@customer.net,USA,2022-11-10,Standard,4062.15
2644,Mary Bailey,mary.bailey@customer.net,France,2020-05-19,Standard,1160.52
2645,Judy Johnson,judy.johnson@shopmail.com,UK,2023-04-08,Standard,2965.86
2646,Patricia Peterson,patricia.peterson@example.com,France,2024-12-10,Standard,2472.47
2647,Connor Reed,connor.reed@shopmail.com,Germany,2021-03-11,Basic,237.03
2648,Michael Bell,michael.bell@ecommerce.io,Canada,2023-02-13,Premium,21843.53
2649,Donna Wright,donna.wright@shopmail.com,India,2023-05-29,Standard,2025.11
2650,Deborah Watkins,deborah.watkins@ecommerce.io,Germany,2020-09-01,Premium,34270.82
2651,Renee Jones,renee.jones@customer.net,France,2023-08-27,Standard,3687.39
2652,Kevin Morgan,kevin.morgan@shopmail.com,UK,2020-08-18,Basic,137.49
2653,Andrew Nguyen,andrew.nguyen@shopmail.com,UK,2024-04-04,Basic,613.19
2654,Steven Boyer,steven.boyer@shopmail.com,France,2024-08-01,Basic,373.03
2655,Ashley Valenzuela,ashley.valenzuela@shopmail.com,France,2024-12-28,Standard,4537.52
2656,Joseph Dominguez,joseph.dominguez@example.com,Canada,2020-01-26,Standard,1865.69
2657,Brianna Odom,brianna.odom@ecommerce.io,UK,2022-10-20,Premium,47605.78
2658,Nicholas Myers,nicholas.myers@ecommerce.io,Germany,2022-03-11,Standard,3407.25
2659,Ashley Stokes,ashley.stokes@customer.net,Germany,2023-02-22,Premium,31853.32
2660,Craig Leonard,craig.leonard@shopmail.com,USA,2023-06-16,Basic,196.54
2661,Matthew Shaw,matthew.shaw@example.com,France,2020-04-12,Premium,43572.47
2662,Kathy Morgan,kathy.morgan@example.com,Canada,2022-06-30,Basic,443.28
2663,Christina Cox,christina.cox@shopmail.com,USA,2020-04-19,Standard,2472.20
2664,Ryan Crawford,ryan.crawford@customer.net,Australia,2024-11-29,Standard,2491.28
2665,Melanie Cobb,melanie.cobb@example.com,Canada,2024-04-26,Standard,1139.97
2666,Mary Herrera,mary.herrera@shopmail.com,Canada,2022-07-24,Premium,46855.66
2667,Karl Williams,karl.williams@shopmail.com,USA,2023-07-27,Basic,769.83
2668,Wendy Morales,wendy.morales@example.com,Germany,2020-12-23,Standard,1057.38
2669,Jeremiah Newton,jeremiah.newton@shopmail.com,Germany,2024-11-16,Premium,44889.80
2670,Christopher Richard,christopher.richard@ecommerce.io,Canada,2020-02-16,Standard,3811.51
2671,Cody Rogers,cody.rogers@shopmail.com,UK,2020-05-13,Standard,2590.16
2672,Carlos Solis,carlos.solis@example.com,Germany,2022-06-04,Standard,4321.80
2673,Thomas Clark,thomas.clark@example.com,France,2020-03-31,Standard,3626.44
2674,Laura Pearson,laura.pearson@ecommerce.io,Australia,2021-07-30,Basic,746.98
2675,Kevin Brock,kevin.brock@ecommerce.io,USA,2023-10-06,Standard,2087.85
2676,Ryan Fernandez,ryan.fernandez@shopmail.com,Australia,2022-07-06,Basic,829.32
2677,James Morales,james.morales@example.com,India,2023-02-27,Basic,851.85
2678,Colleen Chavez,colleen.chavez@customer.net,India,2021-04-19,Standard,3862.28
2679,Kathryn White,kathryn.white@ecommerce.io,Canada,2020-06-30,Basic,638.24
2680,Andrew Warner,andrew.warner@customer.net,France,2020-12-01,Standard,2493.07
2681,Michelle Ray,michelle.ray@shopmail.com,Canada,2024-02-14,Basic,675.38
2682,Jason Hayden,jason.hayden@customer.net,Canada,2022-08-15,Standard,4934.05
2683,Judy Mcdonald,judy.mcdonald@shopmail.com,India,2023-10-09,Basic,776.49
2684,Sharon Patel,sharon.patel@customer.net,Canada,2022-06-03,Standard,1345.78
2685,Christina Hammond,christina.hammond@shopmail.com,Canada,2022-01-04,Standard,3581.86
2686,Ryan Knight,ryan.knight@shopmail.com,USA,2021-12-04,Standard,3025.41
2687,Courtney Boyd,courtney.boyd@shopmail.com,France,2021-11-30,Basic,586.19
2688,Michael Hernandez,michael.hernandez@shopmail.com,India,2024-06-23,Basic,616.32
2689,Edward Jennings,edward.jennings@shopmail.com,India,2023-11-20,Basic,456.72
2690,Kevin Graham,kevin.graham@example.com,France,2023-01-19,Basic,137.78
2691,Lucas Greer,lucas.greer@example.com,Canada,2023-02-01,Premium,34908.66
2692,Caleb Harris,caleb.harris@shopmail.com,Australia,2023-12-24,Premium,40447.59
2693,Robert Colon,robert.colon@ecommerce.io,Australia,2024-09-09,Standard,4187.65
2694,Debbie Scott,debbie.scott@customer.net,France,2023-09-07,Standard,4277.44
2695,Carolyn Sullivan,carolyn.sullivan@ecommerce.io,Australia,2022-04-15,Standard,3751.20
2696,Daniel Lee,daniel.lee@shopmail.com,Australia,2023-08-11,Basic,508.29
2697,John Wilcox,john.wilcox@shopmail.com,Australia,2020-01-02,Basic,903.87
2698,Steven Castro,steven.castro@example.com,Germany,2020-10-22,Basic,924.26
2699,Ryan Lucas,ryan.lucas@ecommerce.io,UK,2024-03-27,Standard,2624.48
2700,Benjamin Moore,benjamin.moore@example.com,India,2021-01-26,Basic,121.16
2701,Derek Green,derek.green@example.com,UK,2021-01-15,Premium,42244.55
2702,Linda Hopkins,linda.hopkins@example.com,Canada,2022-07-15,Standard,4804.05
2703,Gregory Phelps,gregory.phelps@ecommerce.io,Australia,2022-04-05,Standard,1042.27
2704,Tamara Tucker,tamara.tucker@ecommerce.io,Germany,2022-02-06,Standard,1833.79
2705,Andrew Heath,andrew.heath@customer.net,Australia,2023-06-13,Standard,3373.34
2706,Christopher Guzman,christopher.guzman@example.com,Germany,2021-10-16,Standard,2405.99
2707,Michelle Lester,michelle.lester@customer.net,India,2024-06-21,Standard,2535.02
2708,Richard Cox,richard.cox@example.com,Germany,2023-11-11,Standard,3348.50
2709,Diane Davis,diane.davis@customer.net,USA,2022-02-17,Basic,134.80
2710,Sherry Ramsey,sherry.ramsey@example.com,Germany,2021-05-31,Standard,3174.94
2711,Donald Rodriguez,donald.rodriguez@example.com,Germany,2022-02-16,Premium,38707.35
2712,Jessica Fitzpatrick,jessica.fitzpatrick@customer.net,USA,2021-10-23,Standard,2239.25
2713,Alejandra Calderon,alejandra.calderon@customer.net,UK,2023-06-10,Basic,469.55
2714,Stephanie Huynh,stephanie.huynh@shopmail.com,France,2024-11-01,Premium,35385.92
2715,Johnathan Wilkerson,johnathan.wilkerson@customer.net,USA,2022-10-25,Premium,13155.50
2716,John Martinez,john.martinez@customer.net,India,2023-01-02,Standard,3614.81
2717,Lindsay Murphy,lindsay.murphy@example.com,Australia,2022-11-24,Premium,27099.46
2718,Breanna Price,breanna.price@ecommerce.io,India,2020-11-29,Basic,135.83
2719,Kaitlin Young,kaitlin.young@customer.net,USA,2023-11-07,Standard,1619.18
2720,Rodney Thomas,rodney.thomas@shopmail.com,Germany,2022-09-22,Basic,324.14
2721,Gregory Booker,gregory.booker@shopmail.com,India,2022-02-10,Standard,1175.50
2722,Scott King,scott.king@ecommerce.io,India,2023-10-30,Premium,31260.64
2723,Bridget Henry,bridget.henry@customer.net,India,2023-12-06,Standard,4792.16
2724,Nicholas Fry,nicholas.fry@shopmail.com,UK,2020-09-27,Premium,38316.04
2725,Leslie Coleman,leslie.coleman@example.com,Germany,2022-10-13,Basic,430.01
2726,Felicia Richmond,felicia.richmond@example.com,Australia,2022-12-11,Standard,4590.76
2727,Natasha Giles,natasha.giles@example.com,Germany,2022-08-28,Standard,1134.15
2728,Michael Baldwin,michael.baldwin@customer.net,USA,2020-05-13,Standard,1348.97
2729,Lori Smith,lori.smith@ecommerce.io,Germany,2022-04-01,Basic,556.40
2730,Tammy Obrien,tammy.obrien@shopmail.com,USA,2020-02-19,Standard,1647.98
2731,Mckenzie Bates,mckenzie.bates@shopmail.com,Germany,2023-09-13,Standard,4986.08
2732,Shelley Vazquez,shelley.vazquez@ecommerce.io,Germany,2020-05-16,Standard,4883.46
2733,Kristina Allen,kristina.allen@customer.net,USA,2023-02-20,Standard,1159.02
2734,Angela Parker,angela.parker@ecommerce.io,UK,2024-03-09,Standard,3805.90
2735,Susan Cox,susan.cox@example.com,France,2024-06-02,Premium,5547.44
2736,Lisa Martinez,lisa.martinez@ecommerce.io,France,2022-12-22,Standard,1035.43
2737,Michelle Mathews,michelle.mathews@shopmail.com,Canada,2021-05-14,Basic,874.53
2738,Paul Browning,paul.browning@shopmail.com,Australia,2022-08-30,Basic,530.45
2739,Phillip Spence,phillip.spence@shopmail.com,Germany,2023-02-06,Standard,3533.59
2740,Jonathan Davis,jonathan.davis@example.com,UK,2023-09-28,Standard,1507.82
2741,Mackenzie Young,mackenzie.young@example.com,Germany,2022-11-17,Standard,4959.47
2742,Jason Zamora,jason.zamora@shopmail.com,UK,2023-07-07,Premium,38903.62
2743,Ruth Welch,ruth.welch@ecommerce.io,UK,2024-08-22,Basic,336.22
2744,Natasha Wang,natasha.wang@customer.net,USA,2024-11-18,Premium,19421.94
2745,Richard Johnson,richard.johnson@shopmail.com,Australia,2024-01-27,Standard,4723.12
2746,Michelle Morrow,michelle.morrow@shopmail.com,Australia,2020-09-17,Standard,2917.46
2747,Shelby Ruiz,shelby.ruiz@customer.net,Australia,2024-11-20,Basic,779.89
2748,Robert Randall,robert.randall@ecommerce.io,Germany,2024-05-02,Premium,8377.49
2749,Jennifer Mcdowell,jennifer.mcdowell@customer.net,USA,2023-02-24,Standard,1339.37
2750,Lori Holloway,lori.holloway@shopmail.com,India,2023-08-06,Basic,135.95
2751,Holly Hunter,holly.hunter@ecommerce.io,Germany,2023-08-24,Standard,4227.25
2752,Michael Guzman,michael.guzman@ecommerce.io,India,2023-01-01,Basic,644.77
2753,Lisa Rojas,lisa.rojas@customer.net,France,2022-09-25,Basic,447.48
2754,Shawn Johnson,shawn.johnson@shopmail.com,Germany,2021-11-21,Basic,181.89
2755,Brett May,brett.may@ecommerce.io,France,2022-11-24,Standard,3465.47
2756,Crystal Gibbs,crystal.gibbs@ecommerce.io,Canada,2024-11-26,Premium,18002.61
2757,Derek Morales,derek.morales@ecommerce.io,Canada,2021-05-05,Standard,3264.06
2758,Courtney Edwards,courtney.edwards@ecommerce.io,UK,2024-08-18,Standard,2339.99
2759,Christopher Moore,christopher.moore@ecommerce.io,Canada,2023-05-09,Standard,2695.39
2760,Zachary Booker,zachary.booker@shopmail.com,India,2024-04-25,Standard,3753.33
2761,Maria Hines,maria.hines@ecommerce.io,Australia,2023-01-16,Premium,29880.64
2762,Melanie Jennings,melanie.jennings@customer.net,France,2022-12-01,Standard,1693.66
2763,Laura Flores,laura.flores@ecommerce.io,Australia,2021-05-20,Basic,285.16
2764,Timothy Moss,timothy.moss@ecommerce.io,UK,2024-12-22,Basic,682.73
2765,Jorge Mcdaniel,jorge.mcdaniel@shopmail.com,Germany,2022-09-18,Standard,3868.17
2766,Margaret Marsh,margaret.marsh@customer.net,France,2021-11-30,Basic,231.71
2767,James Perry,james.perry@ecommerce.io,USA,2022-02-10,Standard,4252.46
2768,Hunter Walter,hunter.walter@example.com,USA,2021-01-21,Basic,830.79
2769,Shirley Wilkerson,shirley.wilkerson@customer.net,Germany,2023-02-01,Standard,3334.33
2770,Jeffrey Vaughan,jeffrey.vaughan@customer.net,UK,2021-06-28,Standard,1203.97
2771,Sandra Holland,sandra.holland@customer.net,France,2020-08-09,Standard,2905.47
2772,Courtney Meadows,courtney.meadows@example.com,UK,2021-01-05,Standard,1491.67
2773,Terri Gonzalez,terri.gonzalez@example.com,USA,2024-10-01,Basic,163.25
2774,Jacqueline Jackson,jacqueline.jackson@ecommerce.io,UK,2024-05-24,Premium,9315.08
2775,Richard Patterson,richard.patterson@customer.net,UK,2020-03-22,Basic,902.18
2776,Jorge Davis,jorge.davis@example.com,USA,2021-11-22,Standard,4907.35
2777,Micheal Valentine,micheal.valentine@ecommerce.io,Germany,2021-05-07,Basic,307.44
2778,David Higgins,david.higgins@ecommerce.io,France,2021-12-25,Standard,4363.07
2779,Ryan Mora,ryan.mora@ecommerce.io,India,2021-03-26,Premium,12732.91
2780,Shawn Nunez,shawn.nunez@customer.net,UK,2023-01-14,Basic,654.67
2781,David Reeves,david.reeves@example.com,France,2024-02-25,Basic,652.72
2782,James Atkins,james.atkins@customer.net,USA,2020-07-14,Basic,321.57
2783,Kimberly Roberts,kimberly.roberts@shopmail.com,Germany,2023-06-02,Standard,1662.57
2784,Troy Anderson,troy.anderson@shopmail.com,Canada,2020-08-07,Premium,5142.58
2785,Melissa Greene,melissa.greene@customer.net,France,2024-10-29,Standard,3398.87
2786,Wanda Campbell,wanda.campbell@shopmail.com,UK,2020-07-24,Standard,4389.13
2787,Erica Barnes,erica.barnes@customer.net,Germany,2020-11-03,Standard,3956.66
2788,Ricky Thomas,ricky.thomas@customer.net,USA,2023-01-13,Standard,4060.22
2789,Kelly Green,kelly.green@customer.net,Germany,2024-06-05,Standard,4500.59
2790,Christine Solomon,christine.solomon@example.com,Germany,2022-11-05,Standard,3462.55
2791,Mike Sutton,mike.sutton@shopmail.com,Canada,2020-10-22,Basic,733.11
2792,Stephen Smith,stephen.smith@customer.net,UK,2024-06-01,Standard,2616.03
2793,Dean Morris,dean.morris@ecommerce.io,Germany,2021-07-15,Standard,1995.06
2794,Heather Mcdaniel,heather.mcdaniel@shopmail.com,Germany,2023-05-14,Standard,4510.92
2795,Jennifer Erickson,jennifer.erickson@shopmail.com,Australia,2023-11-29,Basic,158.23
2796,Jill Scott,jill.scott@example.com,Germany,2023-03-16,Basic,410.67
2797,Cody Brown,cody.brown@customer.net,Germany,2024-01-23,Standard,2781.31
2798,Marvin Young,marvin.young@customer.net,Canada,2021-12-14,Standard,1914.23
2799,Rebekah Barajas,rebekah.barajas@ecommerce.io,Germany,2020-11-19,Standard,1674.17
2800,Sheila Coffey,sheila.coffey@shopmail.com,India,2020-03-15,Basic,981.25
2801,Carmen Goodman,carmen.goodman@shopmail.com,USA,2023-12-19,Standard,4663.40
2802,Brandon King,brandon.king@example.com,Canada,2020-06-11,Premium,28636.42
2803,Christine Turner,christine.turner@shopmail.com,Canada,2020-10-17,Standard,4434.00
2804,Ralph Wood,ralph.wood@shopmail.com,UK,2022-04-18,Standard,2246.39
2805,Tammy Hansen,tammy.hansen@shopmail.com,India,2020-07-07,Standard,3483.78
2806,Beverly Green,beverly.green@shopmail.com,Canada,2023-01-27,Standard,2880.99
2807,William Conrad,william.conrad@shopmail.com,UK,2020-02-05,Standard,4230.91
2808,Natalie Anderson,natalie.anderson@example.com,USA,2024-05-01,Premium,9567.96
2809,Logan Moreno,logan.moreno@shopmail.com,France,2020-09-11,Basic,801.15
2810,Donald Wilson,donald.wilson@ecommerce.io,Australia,2021-01-01,Standard,1610.87
2811,Bradley Anderson,bradley.anderson@shopmail.com,India,2020-01-18,Basic,392.93
2812,Monica Davenport,monica.davenport@ecommerce.io,France,2024-07-23,Premium,5932.31
2813,Julie Howe,julie.howe@example.com,Germany,2020-10-03,Standard,1668.01
2814,Justin Mcdowell,justin.mcdowell@shopmail.com,UK,2024-10-30,Standard,3435.88
2815,Chloe Juarez,chloe.juarez@ecommerce.io,Germany,2021-05-18,Standard,2819.78
2816,Joseph Edwards,joseph.edwards@shopmail.com,UK,2023-08-03,Basic,645.41
2817,Patricia Stewart,patricia.stewart@customer.net,UK,2020-01-02,Premium,17924.11
2818,Virginia Gallagher,virginia.gallagher@customer.net,Australia,2024-03-24,Standard,2580.07
2819,Edward Farrell,edward.farrell@customer.net,France,2022-08-13,Standard,4848.42
2820,Diane Yates,diane.yates@ecommerce.io,India,2023-05-25,Basic,619.72
2821,Brian Hernandez,brian.hernandez@customer.net,India,2021-05-29,Basic,571.12
2822,Jerry Johnson,jerry.johnson@customer.net,UK,2024-07-06,Standard,1145.67
2823,Jorge Mccarthy,jorge.mccarthy@ecommerce.io,India,2021-09-03,Premium,10199.13
2824,Samuel Carney,samuel.carney@customer.net,Germany,2021-09-05,Basic,436.26
2825,Sara Williams,sara.williams@shopmail.com,India,2020-02-02,Standard,1862.28
2826,Michael Fletcher,michael.fletcher@shopmail.com,Germany,2024-11-06,Basic,631.39
2827,Todd Vasquez,todd.vasquez@shopmail.com,Australia,2024-06-13,Basic,371.77
2828,Meghan Camacho,meghan.camacho@example.com,UK,2022-06-18,Standard,2011.68
2829,David Davis,david.davis@customer.net,Canada,2024-12-12,Standard,1818.77
2830,Miranda White,miranda.white@example.com,UK,2020-10-25,Premium,45366.75
2831,Gary Hicks,gary.hicks@ecommerce.io,Canada,2020-04-18,Basic,415.50
2832,Joshua Macdonald,joshua.macdonald@customer.net,USA,2023-05-10,Basic,364.56
2833,Brenda Silva,brenda.silva@customer.net,USA,2024-11-13,Basic,862.46
2834,Teresa Fox,teresa.fox@ecommerce.io,UK,2021-09-27,Premium,46489.34
2835,Ashley Butler,ashley.butler@example.com,UK,2024-03-04,Premium,36999.73
2836,Chase Tate,chase.tate@example.com,France,2021-03-23,Standard,3522.70
2837,Erica Clay,erica.clay@customer.net,Germany,2021-11-15,Standard,4194.04
2838,Anthony Maldonado,anthony.maldonado@ecommerce.io,Canada,2022-01-23,Standard,1203.67
2839,Erin Long,erin.long@example.com,Germany,2024-04-02,Standard,2950.07
2840,Brittany Bean,brittany.bean@example.com,Australia,2024-05-15,Basic,593.19
2841,Mary Hernandez,mary.hernandez@example.com,UK,2024-08-16,Basic,440.13
2842,Christopher Rivas,christopher.rivas@customer.net,Australia,2024-01-19,Standard,3540.82
2843,Donna Gibson,donna.gibson@shopmail.com,USA,2023-06-17,Premium,22275.03
2844,Stephanie Wheeler,stephanie.wheeler@example.com,USA,2021-09-12,Standard,1048.46
2845,Adam Booker,adam.booker@customer.net,France,2021-01-31,Premium,23791.51
2846,Diana Tapia,diana.tapia@shopmail.com,Germany,2023-01-25,Basic,611.37
2847,Mark Dennis,mark.dennis@shopmail.com,USA,2020-05-15,Basic,247.05
2848,Jessica Bernard,jessica.bernard@customer.net,India,2020-05-15,Premium,14859.25
2849,Ashley Lewis,ashley.lewis@shopmail.com,Australia,2022-10-07,Basic,202.81
2850,Brandon Schneider,brandon.schneider@ecommerce.io,France,2024-01-30,Standard,4917.83
2851,Marcus Brown,marcus.brown@ecommerce.io,France,2023-02-17,Basic,593.13
2852,Chad Crane,chad.crane@ecommerce.io,Australia,2023-09-23,Basic,393.88
2853,Patrick Ross,patrick.ross@ecommerce.io,India,2023-05-01,Premium,40023.33
2854,Gregory Hanna,,Germany,2022-09-16,Standard,2088.75
2855,Michelle Davis,michelle.davis@ecommerce.io,Germany,2024-01-23,Basic,992.18
2856,Melissa Martin,melissa.martin@ecommerce.io,India,2024-11-02,Premium,16593.90
2857,Kimberly Mitchell,kimberly.mitchell@shopmail.com,India,2024-05-23,Basic,297.06
2858,Karen Valdez,karen.valdez@customer.net,UK,2020-07-20,Basic,727.64
2859,David Henry,david.henry@customer.net,Australia,2022-03-29,Standard,2677.17
2860,Ryan Drake,ryan.drake@example.com,UK,2020-11-28,Standard,3492.23
2861,Kyle Cohen,kyle.cohen@example.com,India,2021-10-04,Basic,933.51
2862,David Wade,david.wade@customer.net,India,2022-06-04,Premium,11932.07
2863,Marilyn Hunt,marilyn.hunt@example.com,Canada,2022-01-28,Standard,1472.91
2864,Tracy Mcclure,tracy.mcclure@customer.net,Germany,2023-04-20,Standard,1856.11
2865,Thomas Hart,thomas.hart@shopmail.com,Canada,2021-05-13,Standard,3442.29
2866,Rodney Avila,rodney.avila@shopmail.com,France,2021-10-31,Premium,31705.07
2867,Lisa Austin,lisa.austin@example.com,USA,2020-06-17,Basic,816.57
2868,Ryan Simmons,ryan.simmons@customer.net,Germany,2020-07-08,Premium,47046.84
2869,Billy Peterson,billy.peterson@shopmail.com,USA,2020-01-05,Basic,524.09
2870,Steven Walker,steven.walker@ecommerce.io,India,2022-01-21,Premium,35543.29
2871,Gina Moore,gina.moore@ecommerce.io,Australia,2023-03-17,Basic,178.77
2872,Tyler Soto,tyler.soto@ecommerce.io,Canada,2020-07-23,Premium,6752.40
2873,Alicia Roberts,alicia.roberts@example.com,France,2020-01-01,Standard,4285.72
2874,Samuel Solomon,samuel.solomon@shopmail.com,Germany,2024-08-14,Premium,49706.65
2875,Tim Hernandez,tim.hernandez@ecommerce.io,France,2024-09-09,Premium,28673.94
2876,David Leach,david.leach@ecommerce.io,UK,2020-05-13,Basic,516.10
2877,Mckenzie Mills,mckenzie.mills@shopmail.com,Australia,2024-05-08,Basic,729.95
2878,Kenneth Williams,kenneth.williams@shopmail.com,Australia,2021-08-04,Premium,6441.52
2879,Charles Williams,charles.williams@shopmail.com,Australia,2022-08-26,Basic,829.24
2880,Daniel Coleman,daniel.coleman@ecommerce.io,Canada,2023-08-31,Standard,3822.63
2881,Cody Guerrero,cody.guerrero@shopmail.com,India,2024-09-30,Standard,2237.30
2882,Ashley King,ashley.king@shopmail.com,Germany,2020-10-31,Standard,3812.94
2883,Jonathan Miller,jonathan.miller@example.com,France,2024-11-27,Premium,10297.32
2884,Wesley Wilson,wesley.wilson@customer.net,UK,2020-11-01,Premium,37524.64
2885,Dorothy White,dorothy.white@ecommerce.io,Australia,2021-10-17,Standard,3317.08
2886,Ian Long,ian.long@customer.net,Germany,2020-09-08,Basic,936.89
2887,Christopher Mcdowell,christopher.mcdowell@ecommerce.io,Australia,2021-03-05,Standard,4582.36
2888,Kenneth Matthews,kenneth.matthews@ecommerce.io,UK,2022-03-11,Standard,1765.95
2889,Spencer Santiago,spencer.santiago@example.com,India,2024-10-13,Premium,41163.23
2890,Cindy Baker,cindy.baker@customer.net,Germany,2023-09-10,Standard,4866.21
2891,Tammy Savage,tammy.savage@ecommerce.io,Germany,2020-09-29,Basic,834.20
2892,Jacob Lopez,jacob.lopez@customer.net,Australia,2021-10-06,Basic,962.26
2893,Julie Munoz,julie.munoz@shopmail.com,USA,2024-11-15,Basic,804.89
2894,Monica Rodriguez,monica.rodriguez@customer.net,USA,2022-09-24,Basic,887.97
2895,Amanda Smith,amanda.smith@example.com,UK,2021-05-06,Standard,3051.14
2896,Darryl Jackson,darryl.jackson@ecommerce.io,UK,2024-01-16,Standard,1722.05
2897,Thomas Holt,thomas.holt@example.com,Australia,2022-01-08,Premium,37011.43
2898,Misty Church,misty.church@ecommerce.io,Canada,2020-01-06,Basic,194.14
2899,Carolyn Tucker,carolyn.tucker@shopmail.com,UK,2020-10-29,Basic,399.27
2900,Christine Dickson,christine.dickson@ecommerce.io,France,2022-03-11,Standard,4558.35
2901,Michael Nunez,michael.nunez@shopmail.com,Germany,2024-04-25,Basic,954.84
2902,Hannah Foster,hannah.foster@customer.net,Australia,2023-04-25,Basic,592.41
2903,Kevin Martinez,kevin.martinez@customer.net,USA,2021-08-05,Standard,2330.42
2904,Alexander Rodriguez,alexander.rodriguez@example.com,Germany,2024-08-25,Standard,4512.94
2905,Allen Waller,allen.waller@shopmail.com,Canada,2024-09-05,Basic,631.80
2906,Michele Clark,michele.clark@ecommerce.io,Australia,2024-10-11,Standard,1154.84
2907,Deborah Santos,deborah.santos@ecommerce.io,Germany,2021-06-27,Standard,1017.14
2908,Ryan Garrett,ryan.garrett@shopmail.com,India,2022-07-09,Standard,1955.92
2909,Kristy Lee,kristy.lee@example.com,USA,2024-07-01,Premium,41147.77
2910,Kevin Ford,kevin.ford@customer.net,USA,2022-10-24,Standard,4474.18
2911,Thomas Johnson,thomas.johnson@ecommerce.io,India,2023-05-14,Basic,696.98
2912,Gabriel Hernandez,gabriel.hernandez@shopmail.com,France,2023-09-16,Standard,3209.44
2913,Jacqueline Maynard,jacqueline.maynard@shopmail.com,Germany,2023-02-22,Basic,753.15
2914,Thomas Heath,thomas.heath@shopmail.com,USA,2023-11-04,Premium,24327.52
2915,Brenda Harris,brenda.harris@shopmail.com,Germany,2020-02-12,Standard,1397.84
2916,Ashley Bass,ashley.bass@ecommerce.io,UK,2023-09-08,Basic,363.08
2917,Brent Smith,brent.smith@shopmail.com,Germany,2021-02-21,Standard,3916.65
2918,Crystal Marquez,crystal.marquez@ecommerce.io,Canada,2023-01-15,Standard,3766.23
2919,Tiffany Allison,tiffany.allison@example.com,UK,2024-11-23,Standard,1485.76
2920,Jillian Larson,jillian.larson@shopmail.com,USA,2024-05-13,Basic,793.31
2921,Angela Roberts,angela.roberts@ecommerce.io,UK,2020-08-20,Basic,788.41
2922,Tony Tucker,tony.tucker@customer.net,France,2020-09-07,Standard,2924.97
2923,Brittany Carr,brittany.carr@example.com,Canada,2024-06-03,Standard,1368.12
2924,Erika Velasquez,erika.velasquez@shopmail.com,France,2021-05-27,Premium,37639.19
2925,Tony Klein,tony.klein@example.com,USA,2020-11-28,Basic,231.23
2926,Allison Henderson,allison.henderson@shopmail.com,Germany,2024-03-30,Premium,33420.66
2927,Leslie Brown,leslie.brown@customer.net,India,2024-03-29,Premium,24458.07
2928,Patricia Butler,patricia.butler@customer.net,UK,2020-12-09,Basic,271.13
2929,Thomas Simpson,thomas.simpson@example.com,Australia,2021-04-09,Standard,4338.04
2930,Sheila Reed,sheila.reed@customer.net,France,2024-04-27,Basic,512.07
2931,Heidi Smith,heidi.smith@ecommerce.io,UK,2020-03-26,Standard,1145.52
2932,Keith Lee,keith.lee@ecommerce.io,USA,2023-09-23,Premium,47026.40
2933,Maurice Hall,maurice.hall@customer.net,Australia,2024-09-11,Standard,1029.75
2934,Jeffrey Stout,jeffrey.stout@customer.net,USA,2020-10-01,Standard,4372.09
2935,Matthew Guzman,matthew.guzman@example.com,France,2020-10-05,Standard,2893.72
2936,Megan Sandoval,megan.sandoval@ecommerce.io,USA,2023-07-03,Standard,4243.32
2937,David Carter,david.carter@ecommerce.io,UK,2021-10-01,Basic,583.37
2938,Jennifer Moyer,jennifer.moyer@example.com,India,2020-08-06,Standard,1219.65
2939,Marissa Nunez,marissa.nunez@shopmail.com,Australia,2021-06-12,Standard,4262.77
2940,Jessica Flynn,jessica.flynn@ecommerce.io,Canada,2024-10-06,Basic,470.83
2941,Lauren Richard,lauren.richard@ecommerce.io,USA,2022-10-17,Premium,18877.33
2942,Christy Campbell,christy.campbell@example.com,USA,2021-08-06,Standard,2311.02
2943,Kara Estrada,kara.estrada@shopmail.com,France,2023-05-19,Basic,639.59
2944,David Gonzalez,david.gonzalez@example.com,USA,2021-06-25,Premium,39559.95
2945,Catherine Garcia,catherine.garcia@example.com,UK,2023-03-26,Standard,1849.24
2946,Robert Chaney,robert.chaney@shopmail.com,USA,2021-07-20,Basic,380.34
2947,Kevin Clark,kevin.clark@example.com,India,2023-12-30,Basic,594.04
2948,Brandon Smith,brandon.smith@ecommerce.io,France,2023-09-09,Standard,2190.18
2949,Nicole Kelly,nicole.kelly@example.com,Canada,2024-12-03,Basic,478.15
2950,Eric Clayton,eric.clayton@ecommerce.io,Australia,2020-04-16,Standard,1547.57
2951,Patricia Johnson,patricia.johnson@example.com,USA,2024-12-30,Premium,26463.97
2952,Bryce Jordan,bryce.jordan@ecommerce.io,Germany,2023-01-14,Standard,1427.56
2953,Christina Martinez,christina.martinez@shopmail.com,USA,2021-11-15,Premium,12577.09
2954,Jeffrey Scott,jeffrey.scott@example.com,Australia,2024-07-21,Standard,1067.38
2955,Matthew Kelly,matthew.kelly@shopmail.com,UK,2024-02-20,Standard,4829.17
2956,Brandon Rich,brandon.rich@shopmail.com,Germany,2020-01-11,Basic,713.27
2957,Joseph Hernandez,joseph.hernandez@shopmail.com,Germany,2023-01-26,Basic,314.12
2958,Hannah Robertson,hannah.robertson@customer.net,UK,2024-08-16,Standard,3111.12
2959,Elizabeth Mccarthy,elizabeth.mccarthy@customer.net,France,2022-04-22,Standard,4642.98
2960,Sara Kim,sara.kim@shopmail.com,France,2024-10-19,Standard,4558.27
2961,Stephen Skinner,stephen.skinner@ecommerce.io,Australia,2023-05-24,Basic,547.91
2962,Daniel Rodriguez,daniel.rodriguez@customer.net,France,2021-01-26,Basic,772.11
2963,Cheryl Casey,cheryl.casey@shopmail.com,India,2023-08-05,Standard,3320.82
2964,Stacey Colon,stacey.colon@shopmail.com,UK,2023-12-27,Basic,136.19
2965,Bobby Garcia,bobby.garcia@example.com,Australia,2020-05-27,Basic,715.66
2966,Crystal Pitts,crystal.pitts@shopmail.com,Canada,2020-08-18,Premium,30855.86
2967,Rhonda Moore,rhonda.moore@example.com,India,2023-11-26,Standard,1055.04
2968,Kelly Alexander,kelly.alexander@shopmail.com,Germany,2020-10-22,Premium,11614.44
2969,William Oconnor,william.oconnor@example.com,India,2022-01-25,Standard,2300.45
2970,Cory Holland,cory.holland@ecommerce.io,Germany,2023-09-20,Standard,1806.20
2971,Matthew Taylor,matthew.taylor@shopmail.com,Germany,2021-12-24,Standard,1752.00
2972,Melinda Gonzales,melinda.gonzales@shopmail.com,Germany,2022-09-28,Standard,4796.57
2973,Robert Mack,robert.mack@ecommerce.io,USA,2022-06-06,Standard,2854.33
2974,John Lamb,john.lamb@example.com,Australia,2022-07-28,Premium,28592.69
2975,Matthew Wagner,matthew.wagner@example.com,Canada,2020-10-15,Standard,2133.78
2976,Christopher Watson,christopher.watson@example.com,Germany,2024-05-28,Premium,39318.50
2977,Kari Ward,kari.ward@customer.net,Canada,2021-09-12,Premium,33991.25
2978,Elizabeth Hernandez,elizabeth.hernandez@ecommerce.io,India,2022-09-03,Standard,4854.03
2979,Karen Fisher,karen.fisher@customer.net,UK,2022-06-16,Standard,4619.23
2980,Jeremy Pham,jeremy.pham@shopmail.com,Australia,2022-09-22,Premium,22306.17
2981,Robert Ortiz,robert.ortiz@shopmail.com,USA,2021-07-02,Basic,749.12
2982,Stephen Phelps,stephen.phelps@example.com,Canada,2024-10-31,Standard,3633.18
2983,Laura Cox,laura.cox@customer.net,USA,2020-05-08,Basic,610.44
2984,Anthony Thomas,anthony.thomas@shopmail.com,Canada,2021-05-31,Basic,828.74
2985,Alejandro Drake,alejandro.drake@shopmail.com,Australia,2022-10-14,Basic,979.71
2986,Sherry Miller,sherry.miller@example.com,Canada,2024-04-22,Premium,36033.70
2987,Leroy Holden,leroy.holden@ecommerce.io,USA,2022-09-12,Standard,1773.68
2988,Frank Brown,frank.brown@ecommerce.io,Australia,2024-04-14,Premium,24118.19
2989,Katherine Keller,katherine.keller@ecommerce.io,France,2021-02-12,Standard,3515.39
2990,Darlene Orr,darlene.orr@ecommerce.io,USA,2022-02-17,Standard,2887.42
2991,Brian Welch,brian.welch@shopmail.com,Canada,2020-04-03,Premium,43600.84
2992,Jennifer Guerrero,jennifer.guerrero@shopmail.com,France,2021-11-13,Standard,2972.60
2993,April Phillips,april.phillips@example.com,Australia,2020-06-05,Standard,1412.77
2994,Richard Becker,richard.becker@shopmail.com,Germany,2024-11-09,Basic,139.49
2995,Angela Torres,angela.torres@example.com,USA,2023-10-26,Standard,4959.10
2996,Julia Blankenship,julia.blankenship@shopmail.com,UK,2024-02-20,Standard,1858.13
2997,Alan Ramirez,alan.ramirez@example.com,Canada,2020-01-24,Standard,4672.81
2998,Allison Knapp,allison.knapp@ecommerce.io,Australia,2023-04-20,Standard,4559.21
2999,Isabella Griffin,isabella.griffin@example.com,Canada,2021-04-29,Basic,650.60
3000,Jamie Stephens,jamie.stephens@ecommerce.io,India,2023-05-10,Premium,29160.10
3001,Kristina Pearson,kristina.pearson@shopmail.com,USA,2022-09-01,Standard,3755.99
3002,Heidi Barron,heidi.barron@example.com,India,2022-09-29,Standard,4268.26
3003,Kimberly Sullivan,kimberly.sullivan@customer.net,Canada,2020-07-23,Standard,1354.84
3004,James Turner,james.turner@ecommerce.io,USA,2022-05-24,Standard,3785.52
3005,Benjamin Cook,benjamin.cook@customer.net,France,2023-11-26,Basic,247.86
3006,Jessica Singh,jessica.singh@example.com,Australia,2021-07-17,Basic,273.29
3007,David Braun,david.braun@shopmail.com,Australia,2020-04-02,Basic,759.20
3008,Justin Davis,justin.davis@shopmail.com,UK,2020-09-28,Premium,18275.00
3009,Andrea Boyd,andrea.boyd@customer.net,UK,2023-06-20,Premium,11053.18
3010,Katherine Moore,katherine.moore@shopmail.com,Canada,2023-07-08,Premium,39046.52
3011,Anthony Hogan,anthony.hogan@customer.net,UK,2023-11-09,Basic,156.94
3012,Brittany Allen,brittany.allen@customer.net,Germany,2020-01-16,Basic,254.24
3013,Kim Barber,kim.barber@shopmail.com,Australia,2024-09-22,Premium,45180.52
3014,Valerie Rodriguez,valerie.rodriguez@shopmail.com,UK,2020-05-29,Premium,11918.29
3015,Brian Watson,brian.watson@shopmail.com,Australia,2024-07-22,Premium,12478.51
3016,Courtney Gomez,courtney.gomez@ecommerce.io,Germany,2020-11-18,Basic,845.90
3017,Brandon Curtis,brandon.curtis@shopmail.com,Germany,2022-05-20,Standard,1688.54
3018,David Evans,david.evans@customer.net,Canada,2021-10-08,Basic,334.21
3019,Jillian Chavez,jillian.chavez@example.com,UK,2022-04-11,Standard,2182.14
3020,Tonya Trujillo,tonya.trujillo@customer.net,USA,2024-11-26,Basic,623.26
3021,Vanessa Cunningham,vanessa.cunningham@shopmail.com,USA,2021-04-15,Basic,763.30
3022,Patricia Burton,patricia.burton@example.com,France,2022-09-08,Standard,2578.43
3023,Amanda Larson,amanda.larson@shopmail.com,USA,2022-11-26,Standard,1719.17
3024,Michael Mitchell,michael.mitchell@shopmail.com,UK,2020-04-13,Basic,557.57
3025,Kristen Espinoza,kristen.espinoza@example.com,UK,2023-01-08,Standard,3209.11
3026,Emily Klein,emily.klein@example.com,Canada,2021-06-18,Standard,2328.30
3027,April Wright,april.wright@shopmail.com,USA,2022-05-25,Premium,27072.88
3028,Mark Aguilar,mark.aguilar@shopmail.com,India,2024-06-05,Basic,298.46
3029,Mackenzie Ward,mackenzie.ward@shopmail.com,France,2022-06-24,Standard,1285.74
3030,Corey Dawson,corey.dawson@example.com,Australia,2024-04-05,Basic,389.66
3031,Maria Miller,maria.miller@ecommerce.io,India,2021-11-22,Premium,6348.21
3032,Bryan Beasley,bryan.beasley@example.com,India,2023-09-23,Basic,721.80
3033,Thomas Griffin,thomas.griffin@example.com,USA,2021-10-22,Basic,248.43
3034,Mike Fox,mike.fox@example.com,USA,2023-11-09,Basic,271.38
3035,Brianna Stone,brianna.stone@example.com,Germany,2024-05-23,Basic,904.86
3036,Ralph Baker,ralph.baker@example.com,India,2023-07-15,Standard,3993.89
3037,Victor Henderson,victor.henderson@shopmail.com,Canada,2021-10-02,Standard,2516.18
3038,Scott Galvan,scott.galvan@ecommerce.io,India,2021-08-21,Premium,16736.18
3039,Tracy Mcpherson,tracy.mcpherson@shopmail.com,France,2023-09-30,Premium,30937.33
3040,Madison Thomas,madison.thomas@customer.net,France,2024-04-21,Standard,1306.42
3041,David Dawson,david.dawson@ecommerce.io,France,2023-06-27,Premium,40473.94
3042,David Bush,david.bush@customer.net,USA,2022-11-04,Standard,2738.76
3043,Michelle Wilson,michelle.wilson@example.com,USA,2023-09-17,Premium,16757.84
3044,Jason Kennedy,jason.kennedy@ecommerce.io,Australia,2021-11-30,Standard,1354.75
3045,Julie Raymond,julie.raymond@ecommerce.io,France,2020-11-03,Basic,464.67
3046,Mike Crane,mike.crane@shopmail.com,Germany,2020-11-01,Standard,4190.80
3047,Carolyn Ortiz,carolyn.ortiz@ecommerce.io,Canada,2023-09-16,Standard,1195.99
3048,David Armstrong,david.armstrong@shopmail.com,India,2023-03-27,Standard,2501.30
3049,Billy Hernandez,billy.hernandez@example.com,Australia,2022-08-20,Premium,7386.65
3050,Nathan Ritter,nathan.ritter@customer.net,France,2024-10-19,Standard,3456.84
3051,Kevin Tucker,kevin.tucker@ecommerce.io,India,2020-02-04,Standard,4089.47
3052,Kylie Thomas,kylie.thomas@shopmail.com,UK,2020-05-12,Basic,154.64
3053,Brittany Williams,brittany.williams@example.com,India,2022-03-13,Basic,327.53
3054,Patricia Small,patricia.small@example.com,Canada,2023-07-05,Standard,3933.14
3055,Jason Fuentes,jason.fuentes@shopmail.com,France,2022-08-28,Basic,548.60
3056,Tracy Martinez,tracy.martinez@shopmail.com,Germany,2024-01-10,Basic,787.47
3057,Michael Harrell,michael.harrell@example.com,Germany,2021-07-02,Standard,1968.91
3058,Robert Berry,robert.berry@shopmail.com,Australia,2022-03-30,Standard,3476.30
3059,Ariel Mccullough,ariel.mccullough@shopmail.com,France,2023-03-16,Standard,3580.74
3060,Kimberly Alvarez,kimberly.alvarez@ecommerce.io,Germany,2021-09-01,Standard,1634.37
3061,Jennifer Obrien,,India,2024-01-08,Standard,1522.04
3062,Kathleen Wagner,kathleen.wagner@customer.net,UK,2020-08-01,Basic,378.63
3063,Steven Cole,steven.cole@example.com,Germany,2024-11-23,Basic,136.70
3064,Shane Cline,shane.cline@customer.net,UK,2021-12-27,Standard,4784.57
3065,Mark Marsh,mark.marsh@ecommerce.io,India,2024-11-23,Standard,1169.28
3066,Elizabeth Ortiz,elizabeth.ortiz@shopmail.com,Australia,2023-10-15,Standard,2476.19
3067,Jesse Foster,jesse.foster@shopmail.com,Canada,2021-01-27,Standard,4836.87
3068,Amber Rubio,amber.rubio@example.com,Australia,2020-06-22,Basic,522.85
3069,Pamela Fitzgerald,pamela.fitzgerald@ecommerce.io,India,2021-08-18,Standard,3051.92
3070,Debbie Cline,debbie.cline@example.com,India,2021-04-07,Basic,757.70
3071,Jasmine Armstrong,jasmine.armstrong@shopmail.com,India,2021-07-18,Standard,2326.20
3072,Laura Zimmerman,laura.zimmerman@customer.net,France,2024-08-30,Basic,727.47
3073,Ann Martinez,ann.martinez@ecommerce.io,USA,2021-08-16,Standard,3747.31
3074,Anita Lee,anita.lee@ecommerce.io,UK,2021-02-23,Premium,46241.87
3075,Christine Ray,christine.ray@ecommerce.io,UK,2024-08-23,Standard,3104.85
3076,Brian Hudson,brian.hudson@example.com,Germany,2024-01-31,Standard,1887.52
3077,Jaime Alvarez,jaime.alvarez@example.com,USA,2020-07-12,Premium,37008.75
3078,Penny Martinez,penny.martinez@customer.net,Australia,2024-12-04,Standard,4149.49
3079,Sharon White,sharon.white@shopmail.com,UK,2023-04-30,Standard,1365.67
3080,Andrew Buchanan,andrew.buchanan@customer.net,UK,2020-10-02,Standard,2619.98
3081,John Thornton,john.thornton@shopmail.com,USA,2024-12-12,Standard,2626.59
3082,Pam Wallace,pam.wallace@example.com,USA,2024-03-16,Premium,32534.38
3083,Lindsay Lawson,lindsay.lawson@ecommerce.io,Germany,2020-07-14,Standard,2846.85
2902,Richard Williams,richard.williams@customer.net,India,2023-02-05,Standard,3881.14
3085,Michelle Johnson,michelle.johnson@example.com,USA,2021-01-13,Standard,1834.81
3086,Samuel Perry,samuel.perry@example.com,France,2020-08-06,Premium,20056.48
3087,Michele Stewart,michele.stewart@shopmail.com,India,2023-05-08,Standard,3095.48
3088,Jonathan Wilson,jonathan.wilson@customer.net,Canada,2022-08-25,Premium,33657.50
3089,Cory Jackson,cory.jackson@ecommerce.io,India,2023-05-05,Standard,1478.80
3090,Douglas Scott,douglas.scott@customer.net,USA,2024-12-11,Basic,658.95
3091,Christopher Parker,christopher.parker@ecommerce.io,France,2024-06-10,Standard,2383.17
3092,Richard Jackson,richard.jackson@example.com,Canada,2023-05-21,Basic,163.82
3093,Christina Nguyen,christina.nguyen@ecommerce.io,USA,2023-01-09,Premium,18150.96
3094,Anthony Brown,anthony.brown@customer.net,Canada,2024-09-12,Standard,1105.50
3095,Peter Flores,peter.flores@customer.net,UK,2020-12-15,Premium,41672.59
3096,Robert Nguyen,robert.nguyen@shopmail.com,France,2023-05-17,Premium,27763.37
3097,Nicholas Carey,nicholas.carey@customer.net,Canada,2021-11-17,Premium,20196.26
3098,David Harris,david.harris@ecommerce.io,USA,2023-11-25,Premium,38570.71
3099,Karen Willis,karen.willis@shopmail.com,France,2023-01-02,Basic,466.52
3100,Trevor Goodwin,trevor.goodwin@ecommerce.io,Australia,2020-02-13,Basic,800.22
3101,Paul Wilson,paul.wilson@customer.net,Germany,2022-05-27,Standard,2741.48
3102,Bruce Marshall,bruce.marshall@example.com,France,2023-11-21,Basic,186.39
3103,Richard Washington,richard.washington@customer.net,India,2024-09-29,Basic,116.17
3104,Rick Hall,rick.hall@shopmail.com,India,2020-04-23,Premium,28411.55
3105,Olivia Adams,olivia.adams@customer.net,Germany,2024-12-16,Standard,3429.71
3106,Tabitha Leonard,tabitha.leonard@example.com,Germany,2020-11-11,Basic,716.42
3107,John Peters,john.peters@shopmail.com,USA,2020-12-25,Premium,39541.76
3108,Kristen Torres,kristen.torres@ecommerce.io,Canada,2020-04-16,Standard,4269.59
3109,Richard Miller,richard.miller@shopmail.com,Germany,2023-03-17,Standard,1435.09
3110,Cynthia Harris,cynthia.harris@customer.net,Germany,2024-04-11,Standard,3245.48
3111,Tammy Brooks,tammy.brooks@shopmail.com,France,2024-08-29,Basic,337.40
3112,Tricia Casey,tricia.casey@example.com,USA,2021-05-10,Basic,373.61
3113,Amanda Henderson,amanda.henderson@customer.net,India,2021-02-01,Standard,2370.44
3114,Rhonda Hayes,rhonda.hayes@shopmail.com,Germany,2020-04-04,Standard,1847.84
3115,Aaron Marshall,aaron.marshall@example.com,USA,2020-07-28,Standard,3668.10
3116,Maria Roberts,maria.roberts@example.com,France,2024-08-10,Standard,1189.97
3117,Teresa Smith,teresa.smith@example.com,India,2021-08-15,Standard,2143.06
3118,Sarah Olson,sarah.olson@example.com,Australia,2022-07-16,Premium,49635.23
3119,Carla Franco,carla.franco@shopmail.com,Germany,2024-03-28,Standard,3391.40
3120,Omar Bell,omar.bell@customer.net,India,2023-07-02,Standard,3290.86
3121,Crystal Richards,crystal.richards@ecommerce.io,India,2023-02-05,Standard,3567.00
3122,William Williams,william.williams@customer.net,USA,2024-12-25,Basic,569.99
3123,Jocelyn Hart,jocelyn.hart@ecommerce.io,France,2022-02-25,Premium,33654.97
3124,Kevin Foster,kevin.foster@shopmail.com,Canada,2023-03-03,Standard,1411.78
3125,David Taylor,david.taylor@ecommerce.io,France,2023-06-21,Premium,40653.43
3126,Angela Ramirez,angela.ramirez@shopmail.com,UK,2020-08-09,Basic,266.46
3127,Ryan Bishop,ryan.bishop@shopmail.com,Canada,2024-05-17,Basic,227.16
3128,Susan Flores,susan.flores@customer.net,France,2023-02-20,Basic,964.57
3129,Evelyn Cooper,evelyn.cooper@example.com,France,2022-08-26,Premium,11975.04
3130,Jose Mullins,jose.mullins@customer.net,India,2022-05-05,Standard,4889.37
3131,Shawn Sanchez,shawn.sanchez@customer.net,UK,2024-03-14,Premium,14715.81
3132,Tonya Peterson,tonya.peterson@shopmail.com,France,2023-05-27,Standard,1881.59
3133,Steve Greene,steve.greene@ecommerce.io,Australia,2021-05-14,Standard,4594.09
3134,Allen Holt,allen.holt@example.com,India,2024-08-03,Standard,4923.75
3135,Deborah Smith,deborah.smith@ecommerce.io,Germany,2024-12-22,Basic,697.22
3136,Thomas Valenzuela,thomas.valenzuela@customer.net,Canada,2020-03-02,Basic,594.33
3137,Emily Gutierrez,emily.gutierrez@shopmail.com,Germany,2023-04-24,Basic,786.79
3138,Paula Warner,paula.warner@shopmail.com,Germany,2023-09-15,Standard,2064.15
3139,Kathryn Medina,kathryn.medina@customer.net,France,2022-02-13,Basic,410.25
3140,Kristin Banks,kristin.banks@shopmail.com,USA,2023-02-24,Standard,2927.72
3141,Chris Johnson,chris.johnson@shopmail.com,India,2021-01-24,Standard,4228.93
3142,Marilyn Powers,marilyn.powers@ecommerce.io,India,2020-09-03,Standard,2007.72
3143,Emily Gomez,emily.gomez@ecommerce.io,Germany,2023-01-13,Premium,11702.84
3144,Lisa Carey,lisa.carey@ecommerce.io,India,2022-11-08,Standard,2087.61
3145,Michael Thompson,michael.thompson@example.com,India,2020-12-02,Basic,530.58
3146,Katrina Terry,katrina.terry@example.com,Australia,2024-10-11,Standard,3055.59
3147,Alan Ford,alan.ford@customer.net,USA,2020-04-22,Standard,1467.14
3148,Sharon Wallace,sharon.wallace@customer.net,France,2021-02-17,Basic,167.55
3149,Jeffrey Smith,jeffrey.smith@ecommerce.io,India,2024-08-13,Standard,4417.80
3150,Juan Morse,juan.morse@example.com,Germany,2022-12-16,Premium,7519.38
3151,Michael Davis,michael.davis@example.com,Canada,2023-07-13,Standard,3426.13
3152,Christina Turner,christina.turner@ecommerce.io,USA,2022-07-17,Basic,467.01
3153,Jennifer Young,jennifer.young@shopmail.com,India,2023-04-07,Premium,47724.07
3154,Troy Cox,troy.cox@shopmail.com,USA,2024-02-03,Standard,2473.44
3155,Juan Conway,juan.conway@ecommerce.io,USA,2022-10-11,Standard,2762.60
3156,Jasmine Clark,jasmine.clark@customer.net,UK,2020-04-29,Standard,3857.26
3157,James Nicholson,james.nicholson@shopmail.com,Australia,2022-04-05,Standard,4051.87
3158,Randy Kane,randy.kane@shopmail.com,France,2020-10-07,Standard,2378.20
3159,Ashley Snyder,,Australia,2024-11-21,Standard,2968.38
3160,Andrea Keller,andrea.keller@customer.net,Germany,2020-04-07,Standard,4927.93
3161,Ariel Fleming,ariel.fleming@example.com,India,2024-05-11,Standard,2054.18
3162,Annette Jones,annette.jones@ecommerce.io,USA,2021-02-03,Standard,1793.76
3163,David Brown,david.brown@example.com,UK,2021-10-05,Standard,2431.52
3164,Jordan Hudson,jordan.hudson@shopmail.com,Canada,2022-04-01,Basic,197.84
3165,Jeremy Mills,jeremy.mills@example.com,Germany,2020-01-22,Standard,1819.67
3166,Kimberly Lee,kimberly.lee@shopmail.com,Australia,2020-07-27,Basic,170.74
3167,Erica Braun,erica.braun@customer.net,USA,2021-03-24,Premium,38765.20
3168,Heather Patel,heather.patel@ecommerce.io,UK,2022-08-15,Standard,2982.99
3169,Johnny Castro,johnny.castro@ecommerce.io,Germany,2020-09-05,Standard,1761.55
3170,Shawn Pace,shawn.pace@ecommerce.io,Canada,2021-06-25,Standard,3370.22
3171,Danielle Hahn,danielle.hahn@shopmail.com,India,2023-03-31,Basic,390.72
3172,Brett Mcmillan,brett.mcmillan@customer.net,Canada,2022-11-11,Premium,6935.06
3173,Ryan Carney,ryan.carney@customer.net,Canada,2021-08-06,Basic,995.44
3174,Joshua Frazier,joshua.frazier@shopmail.com,Australia,2021-05-27,Standard,4328.00
3175,Steven Ward,steven.ward@example.com,UK,2022-08-06,Standard,3963.67
3176,Katherine Stephenson,katherine.stephenson@shopmail.com,UK,2020-06-02,Standard,1056.05
3177,Jeffrey Ramirez,jeffrey.ramirez@example.com,Germany,2024-08-07,Premium,31504.69
3178,Robert Cole,robert.cole@example.com,Australia,2021-01-31,Basic,334.99
3179,Adam Lee,adam.lee@customer.net,UK,2023-03-18,Basic,591.51
3180,Christopher Armstrong,christopher.armstrong@customer.net,India,2024-02-06,Basic,718.10
3181,Anthony Mclaughlin,anthony.mclaughlin@customer.net,India,2024-08-19,Standard,1926.52
3182,Tiffany Coleman,tiffany.coleman@shopmail.com,USA,2024-10-02,Basic,563.77
3183,Charles Wright,charles.wright@ecommerce.io,Germany,2020-02-29,Standard,2353.89
3184,Frank Collins,frank.collins@customer.net,Australia,2020-02-16,Standard,2971.30
3185,Connie Davis,connie.davis@customer.net,Germany,2023-10-26,Basic,934.39
3186,Timothy Morton,timothy.morton@customer.net,Australia,2020-05-05,Premium,23119.67
3187,Brittany Sims,brittany.sims@shopmail.com,Germany,2022-11-27,Basic,801.90
3188,Matthew Wright,matthew.wright@example.com,Canada,2024-04-14,Premium,5101.32
3189,Daniel Allen,daniel.allen@example.com,Australia,2024-09-17,Standard,1683.76
3190,Matthew Brown,matthew.brown@ecommerce.io,Canada,2023-10-12,Standard,1636.87
3191,Matthew Bauer,matthew.bauer@ecommerce.io,USA,2024-05-10,Basic,401.55
3192,Sherry Parsons,sherry.parsons@example.com,Australia,2021-06-26,Basic,464.44
3193,Christine Duran,christine.duran@example.com,France,2023-08-26,Premium,39654.06
3194,Colleen Riley,colleen.riley@shopmail.com,Canada,2023-03-08,Premium,22906.87
3195,Christopher Brown,christopher.brown@example.com,France,2023-04-24,Standard,3137.04
3196,Arthur Edwards,arthur.edwards@shopmail.com,Germany,2023-06-30,Standard,3435.85
3197,Melanie Brown,melanie.brown@example.com,UK,2020-09-16,Standard,4568.71
3198,David Ellison,david.ellison@ecommerce.io,India,2020-03-10,Premium,47813.00
3199,Scott Turner,scott.turner@shopmail.com,Australia,2024-09-19,Standard,3169.13
3200,Connie Jones,connie.jones@ecommerce.io,France,2021-08-20,Basic,683.53
3201,Erica Hansen,erica.hansen@ecommerce.io,India,2024-02-15,Standard,3438.92
3202,Kenneth James,kenneth.james@example.com,Australia,2020-06-21,Standard,2134.26
3203,Cody Walton,cody.walton@customer.net,India,2024-03-18,Standard,4651.67
3204,Jesse Greene,jesse.greene@customer.net,USA,2022-01-01,Standard,4694.60
3205,Donna Smith,donna.smith@customer.net,Germany,2022-03-10,Standard,2910.41
3206,Patrick Pope,patrick.pope@shopmail.com,USA,2023-06-14,Standard,2808.03
3207,Nichole Harvey,nichole.harvey@example.com,France,2020-05-10,Standard,3877.63
3208,Matthew Pace,matthew.pace@customer.net,Germany,2023-06-04,Standard,3128.79
3209,Krista Gibson,krista.gibson@shopmail.com,India,2023-07-01,Standard,3298.37
3210,Mark Lee,mark.lee@customer.net,Australia,2024-09-27,Standard,1615.66
3211,Curtis Larson,curtis.larson@ecommerce.io,France,2023-03-27,Basic,276.54
3212,Carlos Clarke,carlos.clarke@example.com,India,2023-08-10,Basic,578.93
3213,James Berry,james.berry@example.com,Germany,2023-08-10,Standard,1744.95
3214,Dana Scott,dana.scott@shopmail.com,Canada,2020-04-16,Standard,3782.01
3215,Robert Hardy,robert.hardy@ecommerce.io,India,2022-03-10,Basic,442.85
3216,Sean Sanchez,sean.sanchez@customer.net,France,2020-03-19,Standard,1122.54
3217,Laura Brown,laura.brown@ecommerce.io,France,2020-12-26,Premium,40027.06
3218,Larry Graham,larry.graham@ecommerce.io,Canada,2021-05-29,Standard,1730.22
3219,Susan Webster,susan.webster@customer.net,France,2022-03-18,Standard,1784.43
3220,Larry Mcclure,larry.mcclure@ecommerce.io,UK,2023-07-31,Standard,1986.50
3221,Kimberly Hernandez,kimberly.hernandez@ecommerce.io,India,2022-03-12,Basic,847.28
3222,Kyle Cooper,kyle.cooper@shopmail.com,France,2023-03-18,Standard,4738.15
3223,Miguel Smith,miguel.smith@shopmail.com,Canada,2020-06-12,Standard,3737.88
3224,Brenda Gregory,brenda.gregory@shopmail.com,France,2024-04-08,Basic,404.10
3225,Brian Hunter,brian.hunter@customer.net,UK,2021-12-04,Basic,450.17
3226,Mary Trevino,mary.trevino@shopmail.com,Germany,2023-04-21,Basic,299.49
3227,Robert Gonzalez,robert.gonzalez@ecommerce.io,France,2023-05-30,Standard,4126.73
3228,James Kerr,james.kerr@shopmail.com,India,2022-10-30,Standard,1424.84
3229,Kristen Peterson,kristen.peterson@ecommerce.io,Canada,2020-02-22,Basic,956.47
3230,Elizabeth Neal,elizabeth.neal@ecommerce.io,Germany,2024-10-07,Standard,3234.74
3231,Tina Greene,tina.greene@ecommerce.io,India,2022-09-25,Premium,39785.15
3232,Mark Lane,mark.lane@ecommerce.io,UK,2020-01-16,Standard,1776.64
3233,Sylvia Jensen,sylvia.jensen@example.com,Australia,2022-11-15,Standard,4297.31
3234,Robert Martin,robert.martin@example.com,Germany,2023-05-11,Premium,26791.21
3235,Shawn Mccormick,shawn.mccormick@ecommerce.io,France,2021-04-28,Premium,17111.02
3236,Bobby Robinson,bobby.robinson@ecommerce.io,UK,2022-03-18,Premium,18841.12
3237,Adam Walker,adam.walker@customer.net,USA,2021-10-31,Standard,4310.40
3238,Jerry Hanson,jerry.hanson@shopmail.com,Australia,2020-12-21,Standard,2464.44
3239,John Navarro,john.navarro@customer.net,Germany,2024-01-30,Basic,861.29
3240,Stephanie Rivera,stephanie.rivera@shopmail.com,India,2022-05-22,Standard,2789.31
3241,Jody Harris,jody.harris@example.com,France,2021-06-28,Standard,4810.92
3242,Jack Fritz,jack.fritz@example.com,Canada,2024-04-25,Premium,40660.44
3243,Michael Jones,michael.jones@ecommerce.io,UK,2022-07-24,Premium,22231.96
3244,Anthony Wilson,anthony.wilson@example.com,Australia,2023-04-26,Standard,3094.88
3245,Kelly Lee,kelly.lee@shopmail.com,India,2022-09-05,Standard,1026.91
3246,Brenda Cannon,brenda.cannon@shopmail.com,India,2022-11-19,Standard,3107.13
3247,Bradley Johnson,bradley.johnson@ecommerce.io,Germany,2020-11-29,Basic,901.17
3248,James Thompson,james.thompson@customer.net,Germany,2020-04-29,Basic,959.99
3249,Nicole Higgins,nicole.higgins@customer.net,India,2024-03-24,Basic,504.80
3250,Matthew Spencer,matthew.spencer@ecommerce.io,India,2020-12-09,Standard,1552.88
3251,Gregory Smith,gregory.smith@ecommerce.io,Australia,2023-10-02,Basic,351.65
3252,Megan Lozano,megan.lozano@customer.net,Canada,2024-06-19,Standard,4467.17
3253,Andrew Byrd,andrew.byrd@ecommerce.io,UK,2022-10-25,Basic,216.01
3254,Nicholas Cobb,nicholas.cobb@example.com,USA,2024-07-21,Basic,723.86
3255,Daniel Boyle,daniel.boyle@example.com,UK,2024-10-08,Basic,105.63
3256,Kevin Allen,kevin.allen@shopmail.com,India,2021-09-20,Premium,21762.66
3257,Lisa Guerrero,lisa.guerrero@shopmail.com,USA,2021-04-29,Standard,1524.51
3258,Shelley Rowland,shelley.rowland@example.com,India,2021-10-29,Basic,881.64
3259,Whitney Keith,whitney.keith@example.com,Canada,2021-11-27,Premium,26623.81
3260,Natalie Jones,natalie.jones@customer.net,France,2024-02-20,Standard,1728.60
3261,Drew Glass,drew.glass@ecommerce.io,Canada,2024-10-09,Premium,28391.41
3262,Laura Lee,laura.lee@customer.net,France,2023-06-23,Standard,4980.40
3263,Nicholas Brooks,nicholas.brooks@customer.net,India,2023-11-14,Standard,4961.85
3264,Carol Rowland,carol.rowland@customer.net,Australia,2024-06-03,Standard,2764.26
3265,John Williams,john.williams@customer.net,UK,2024-03-09,Basic,105.73
3266,Christina Lopez,christina.lopez@shopmail.com,Canada,2021-08-12,Standard,1836.60
3267,Amanda Clarke,amanda.clarke@shopmail.com,India,2024-07-24,Basic,255.59
3268,Mark Brown,mark.brown@example.com,Australia,2020-09-30,Standard,1761.69
3269,Laura Salas,laura.salas@shopmail.com,France,2020-10-20,Premium,44539.88
3270,Melissa Schmitt,melissa.schmitt@ecommerce.io,France,2020-07-08,Standard,1235.94
3271,Norma Clark,norma.clark@example.com,France,2021-05-16,Basic,473.83
3272,Christopher Ruiz,christopher.ruiz@shopmail.com,Australia,2023-02-06,Standard,2852.74
3273,Elizabeth Brown,elizabeth.brown@shopmail.com,India,2022-08-23,Premium,23181.14
3274,William Potter,william.potter@customer.net,UK,2024-05-30,Basic,262.60
3275,Deanna Hicks,deanna.hicks@customer.net,Canada,2021-06-17,Standard,3987.31
3276,Victor Marshall,victor.marshall@ecommerce.io,Germany,2020-10-04,Standard,2515.64
3277,Marc Brooks,marc.brooks@example.com,Canada,2020-10-18,Basic,656.75
3278,Heather Baldwin,,Germany,2023-09-08,Standard,3215.20
3279,Troy Adams,troy.adams@customer.net,USA,2023-01-30,Basic,882.13
3280,Richard Morse,richard.morse@example.com,Australia,2022-08-18,Basic,257.99
3281,Brandy Johnson,brandy.johnson@shopmail.com,UK,2022-06-26,Standard,4148.85
3282,Jeffrey Harris,jeffrey.harris@shopmail.com,India,2020-02-29,Basic,393.24
3283,Michelle Foster,michelle.foster@shopmail.com,Australia,2022-04-23,Premium,44670.14
3284,Kevin Oneal,kevin.oneal@customer.net,India,2021-10-31,Basic,691.52
3285,Ashley Walls,ashley.walls@ecommerce.io,UK,2023-02-06,Standard,3202.64
3286,Neil Pierce,neil.pierce@shopmail.com,Canada,2023-08-30,Standard,2454.77
3287,Dennis Miller,dennis.miller@shopmail.com,Canada,2023-02-12,Basic,945.73
3288,Sean Bell,sean.bell@example.com,Germany,2024-01-24,Standard,3578.43
3289,Brandy Marshall,brandy.marshall@customer.net,UK,2020-11-26,Basic,827.42
3290,Christine Simmons,christine.simmons@example.com,France,2021-11-12,Standard,2044.15
3291,Taylor Ortiz,taylor.ortiz@customer.net,France,2024-01-05,Standard,3900.12
3292,Linda Stewart,linda.stewart@customer.net,France,2024-08-16,Premium,43157.47
3293,Patrick White,patrick.white@example.com,UK,2023-03-15,Standard,1697.32
3294,Jesus Brewer,jesus.brewer@example.com,Canada,2021-05-19,Premium,35002.42
3295,Michael Miller,michael.miller@customer.net,Australia,2020-08-18,Standard,1856.95
3296,Megan Hunt,megan.hunt@ecommerce.io,UK,2023-04-01,Basic,956.11
3297,Dawn Hartman,dawn.hartman@shopmail.com,UK,2020-11-01,Basic,125.27
3298,Sara Garcia,sara.garcia@example.com,UK,2024-06-12,Standard,2457.23
3299,Charles Johnson,charles.johnson@example.com,France,2021-01-20,Basic,255.94
3300,James Gonzalez,james.gonzalez@ecommerce.io,India,2023-02-09,Basic,540.05
3301,Mark Turner,mark.turner@customer.net,France,2022-10-28,Basic,555.32
3302,Lisa Sutton,lisa.sutton@ecommerce.io,Australia,2021-03-07,Standard,3773.28
3303,Joshua Thornton,joshua.thornton@ecommerce.io,Australia,2022-11-19,Basic,421.63
3304,Whitney Murillo,whitney.murillo@customer.net,USA,2024-06-23,Standard,4351.42
3305,Karen Singh,karen.singh@example.com,UK,2020-02-05,Basic,350.32
3306,Rita Smith,rita.smith@customer.net,Australia,2020-06-16,Standard,4258.69
3307,Kevin Short,kevin.short@ecommerce.io,USA,2022-07-31,Basic,159.77
3308,Krista Powell,krista.powell@shopmail.com,UK,2024-11-20,Basic,755.16
3309,Richard Carpenter,richard.carpenter@example.com,USA,2024-05-14,Basic,234.29
3310,Diana Kennedy,diana.kennedy@ecommerce.io,Australia,2020-02-19,Standard,1369.90
3311,William Juarez,william.juarez@ecommerce.io,Australia,2024-11-12,Premium,38071.50
3312,Edward Sanders,edward.sanders@shopmail.com,USA,2023-03-26,Premium,23701.30
3313,Jeremy Curry,jeremy.curry@shopmail.com,Australia,2023-04-30,Standard,2999.46
3314,Thomas Black,thomas.black@example.com,UK,2022-03-25,Standard,1193.67
3315,Kristi Todd,kristi.todd@shopmail.com,USA,2021-02-28,Premium,12083.20
3316,Jennifer Murray,jennifer.murray@customer.net,Germany,2022-08-13,Basic,777.39
3317,Latoya Edwards,latoya.edwards@example.com,France,2024-04-28,Premium,38570.95
3318,Jacob Carrillo,jacob.carrillo@example.com,Germany,2022-04-04,Premium,9702.75
3319,Heidi Clark,heidi.clark@example.com,USA,2023-06-18,Basic,749.50
3320,Shannon Hansen,shannon.hansen@ecommerce.io,Australia,2024-02-29,Standard,4702.12
3321,Nicholas Ray,nicholas.ray@shopmail.com,UK,2023-06-29,Basic,772.10
3322,David Harding,david.harding@ecommerce.io,France,2021-01-29,Standard,2725.79
3323,Alec Cochran,alec.cochran@example.com,Australia,2021-01-01,Standard,2821.37
3324,Mary Morgan,mary.morgan@ecommerce.io,India,2022-12-02,Basic,193.27
3325,Robert Jennings,robert.jennings@ecommerce.io,UK,2020-07-24,Basic,181.09
3326,Richard Osborne,richard.osborne@customer.net,Australia,2022-12-10,Premium,11327.50
3327,Amanda Nguyen,amanda.nguyen@example.com,France,2023-09-23,Standard,2306.56
3328,Andrew Floyd,andrew.floyd@ecommerce.io,Germany,2020-09-20,Premium,5770.17
3329,Sandra Hernandez,sandra.hernandez@shopmail.com,Australia,2024-09-30,Basic,430.05
3330,Stephanie Rivera,stephanie.rivera@customer.net,India,2024-06-07,Basic,159.42
3331,Crystal Morrison,crystal.morrison@example.com,India,2021-03-15,Basic,744.11
3332,Cathy Camacho,cathy.camacho@ecommerce.io,UK,2024-05-14,Standard,3778.24
3333,Tina Harris,tina.harris@example.com,India,2020-07-18,Standard,1915.45
3334,Peter Ferguson,peter.ferguson@shopmail.com,Canada,2021-01-25,Standard,2695.45
3335,Jacob Rodriguez,jacob.rodriguez@ecommerce.io,France,2022-01-20,Standard,2549.47
3336,Ashley Hayes,ashley.hayes@shopmail.com,UK,2024-09-29,Basic,124.34
3337,Patricia Davis,patricia.davis@shopmail.com,USA,2020-10-15,Basic,991.09
3338,Damon Tran,damon.tran@customer.net,USA,2022-01-11,Basic,652.83
3339,Antonio Barker,antonio.barker@customer.net,Canada,2020-05-03,Standard,1665.41
3340,Tracy Lopez,tracy.lopez@customer.net,Australia,2024-01-17,Standard,4855.98
3341,Chad Mccarty,chad.mccarty@example.com,Germany,2021-04-12,Standard,1519.95
3342,Justin Hall,justin.hall@example.com,Canada,2021-10-16,Basic,334.96
3343,Donna Jones,donna.jones@example.com,UK,2023-12-07,Basic,739.30
3344,Brian Stone,brian.stone@shopmail.com,USA,2020-09-12,Standard,1067.44
3345,George Heath,george.heath@customer.net,Germany,2023-03-01,Standard,4656.83
3346,Robert Moore,robert.moore@ecommerce.io,Germany,2024-05-30,Standard,2233.04
3347,Daniel Herrera,daniel.herrera@customer.net,France,2023-10-18,Premium,40027.11
3348,Timothy Jones,timothy.jones@ecommerce.io,Germany,2024-09-23,Standard,1689.93
3349,Stephanie Glenn,stephanie.glenn@customer.net,India,2020-08-05,Standard,1547.44
3350,David Harris,david.harris@customer.net,Germany,2020-01-06,Basic,199.50
3351,Ryan Mckinney,ryan.mckinney@example.com,India,2024-05-23,Standard,3056.73
3352,Thomas Munoz,thomas.munoz@example.com,India,2024-02-17,Premium,40663.85
3353,Sheila Matthews,sheila.matthews@example.com,Germany,2022-03-27,Standard,2104.68
3354,Wayne Cohen,wayne.cohen@customer.net,UK,2022-05-17,Basic,564.65
3355,Joshua Smith,joshua.smith@example.com,India,2024-01-28,Standard,3680.78
3356,Douglas Brown,douglas.brown@shopmail.com,France,2020-03-03,Standard,4473.73
3357,Reginald Aguirre,reginald.aguirre@ecommerce.io,Australia,2020-05-04,Premium,25855.49
3358,Alicia Kent,alicia.kent@example.com,Germany,2022-07-16,Premium,9574.99
3359,Natasha Stevens,natasha.stevens@shopmail.com,Canada,2020-06-12,Premium,48594.89
3360,Barbara Mclaughlin,barbara.mclaughlin@ecommerce.io,Canada,2022-12-22,Basic,958.50
3361,Keith Ibarra,keith.ibarra@shopmail.com,India,2022-03-31,Standard,1699.92
3362,Stephen Graves,stephen.graves@example.com,USA,2023-03-03,Basic,491.59
3363,Jennifer Evans,jennifer.evans@ecommerce.io,Germany,2022-05-22,Standard,3813.63
3364,Chloe Patrick,chloe.patrick@customer.net,USA,2021-02-22,Standard,1481.99
3365,Gregory Wright,gregory.wright@shopmail.com,Australia,2024-07-03,Premium,44247.56
3366,Rachel Quinn,rachel.quinn@customer.net,UK,2024-08-11,Standard,4239.46
3367,Stephen Bartlett,stephen.bartlett@ecommerce.io,India,2022-06-14,Basic,900.67
3368,Isaac Carroll,isaac.carroll@shopmail.com,USA,2021-12-24,Standard,3340.59
3369,Phillip Bautista,phillip.bautista@shopmail.com,Australia,2024-10-14,Standard,2900.01
3370,John Harrell,john.harrell@ecommerce.io,Germany,2022-04-29,Premium,24150.36
3371,Joshua Fuller,joshua.fuller@ecommerce.io,Australia,2023-04-21,Standard,1099.73
3372,Kelly Hendricks,kelly.hendricks@example.com,USA,2022-07-04,Premium,31483.14
3373,Helen Bowen,helen.bowen@example.com,Canada,2020-03-17,Standard,1078.59
3374,Jeff Snyder,jeff.snyder@shopmail.com,France,2024-04-22,Standard,4765.91
3375,Victoria Tran,victoria.tran@ecommerce.io,France,2020-01-07,Premium,19177.11
3376,Wanda Jones,wanda.jones@example.com,Canada,2024-05-25,Standard,1688.48
3377,Daniel Miranda,daniel.miranda@example.com,India,2023-04-22,Standard,2190.52
3378,Mark Hayes,mark.hayes@customer.net,Germany,2024-05-23,Basic,645.50
3379,Johnny Hunter,johnny.hunter@shopmail.com,Australia,2020-05-13,Basic,278.80
3380,Steven Jones,steven.jones@example.com,India,2022-04-29,Standard,2528.88
3381,Heather Brady,heather.brady@ecommerce.io,USA,2022-04-21,Standard,4632.30
3382,Patrick Reese,patrick.reese@shopmail.com,UK,2022-09-20,Basic,357.99
3383,Melissa Sanders,melissa.sanders@customer.net,France,2021-06-29,Premium,16170.88
3384,Alex Wilson,alex.wilson@ecommerce.io,Germany,2021-01-09,Basic,289.84
3385,Sally Murphy,sally.murphy@ecommerce.io,France,2023-03-10,Standard,4647.88
3386,Kaitlyn Washington,kaitlyn.washington@customer.net,India,2020-01-31,Basic,160.30
3387,Carlos Kelley,carlos.kelley@ecommerce.io,UK,2024-12-14,Basic,487.71
3388,John Dodson,john.dodson@shopmail.com,USA,2021-03-14,Basic,520.54
3389,Donald Hoover,donald.hoover@shopmail.com,USA,2020-07-01,Standard,2642.97
3390,Mckenzie Jackson,mckenzie.jackson@example.com,Australia,2024-07-03,Basic,694.40
3391,Andrew Garcia,andrew.garcia@example.com,UK,2022-01-26,Standard,3737.38
3392,Kelly Nichols,kelly.nichols@customer.net,UK,2020-08-17,Basic,175.15
3393,Peter Jones,peter.jones@example.com,Australia,2024-09-08,Standard,3150.01
3394,Kathryn Byrd,kathryn.byrd@ecommerce.io,Australia,2022-11-06,Standard,1122.14
3395,Eric Howard,eric.howard@example.com,France,2022-03-28,Basic,904.75
3396,Jay Johnson,jay.johnson@shopmail.com,UK,2024-04-01,Standard,1480.97
3397,Emily Robinson,emily.robinson@ecommerce.io,France,2022-11-16,Basic,763.70
3398,Heather Copeland,heather.copeland@customer.net,France,2022-02-04,Standard,2750.67
3399,Lisa Davidson,lisa.davidson@shopmail.com,USA,2024-07-20,Premium,6156.18
3400,Jennifer Prince,jennifer.prince@customer.net,Germany,2021-10-17,Standard,2893.10
3401,Peter Parker,peter.parker@shopmail.com,India,2021-01-21,Premium,22111.25
3402,Brian Smith,brian.smith@customer.net,USA,2024-04-14,Premium,34157.84
3403,Kelsey Wang,kelsey.wang@shopmail.com,France,2024-12-29,Premium,27485.80
3404,Sarah Brooks,sarah.brooks@ecommerce.io,India,2020-12-04,Basic,639.91
3405,John Davis,,Germany,2024-01-27,Standard,4008.63
3406,Robert Hays,robert.hays@customer.net,Australia,2023-07-25,Standard,1200.10
3407,Matthew Lee,matthew.lee@ecommerce.io,UK,2024-01-01,Premium,10306.13
3408,Elizabeth Walker,elizabeth.walker@example.com,India,2023-04-04,Basic,481.17
3409,Nicole Robles,nicole.robles@example.com,Germany,2023-02-04,Standard,3569.31
3410,Maria Jackson,maria.jackson@ecommerce.io,Australia,2024-07-13,Premium,36091.87
3411,Gary Perry,gary.perry@ecommerce.io,Australia,2022-02-11,Standard,2416.17
3412,Daniel Murphy,daniel.murphy@customer.net,France,2024-06-22,Basic,873.09
3413,Anna Lopez,anna.lopez@customer.net,UK,2021-08-22,Standard,3559.99
3414,Jamie Weaver,jamie.weaver@customer.net,Australia,2023-08-03,Basic,354.74
3415,Sheila Martinez,sheila.martinez@customer.net,France,2021-05-24,Standard,3881.42
3416,Jason Kelly,jason.kelly@customer.net,USA,2021-06-28,Basic,507.75
3417,Glenn Morales,glenn.morales@example.com,Germany,2020-01-24,Standard,1611.80
3418,Leslie Price,leslie.price@customer.net,UK,2020-11-23,Standard,4924.91
3419,Stephen Jones,stephen.jones@shopmail.com,India,2023-07-14,Standard,2626.52
3420,Lisa Santos,lisa.santos@shopmail.com,USA,2022-10-26,Standard,4870.65
3421,Miguel Jones,miguel.jones@shopmail.com,Canada,2022-12-30,Basic,460.12
3422,Jeffery Turner,jeffery.turner@shopmail.com,France,2020-03-25,Standard,4521.34
3423,Carol Bird,carol.bird@ecommerce.io,Germany,2022-09-09,Premium,11810.24
3424,Cristian Herrera,cristian.herrera@customer.net,France,2023-03-25,Basic,161.33
3425,Veronica Jefferson,veronica.jefferson@example.com,USA,2021-09-06,Premium,8323.39
3426,George Haley,george.haley@example.com,France,2024-03-29,Basic,994.80
3427,Carol Jarvis,carol.jarvis@shopmail.com,India,2024-11-23,Standard,1818.28
3428,Heather Gregory,heather.gregory@shopmail.com,UK,2022-08-31,Standard,3878.86
3429,Teresa Benson,teresa.benson@ecommerce.io,UK,2021-05-24,Basic,139.41
3430,Martin Reid,martin.reid@example.com,Germany,2021-11-11,Standard,4119.04
3431,Nicole Stewart,nicole.stewart@shopmail.com,Canada,2021-07-24,Basic,775.43
3432,Melissa Olson,melissa.olson@ecommerce.io,USA,2023-06-16,Standard,1389.45
3433,Matthew Franklin,matthew.franklin@example.com,India,2021-01-30,Standard,3788.06
3434,Brenda Reyes,brenda.reyes@customer.net,Germany,2024-09-26,Standard,1252.72
3435,Danielle Hall,danielle.hall@customer.net,Australia,2020-05-13,Basic,795.16
3436,Briana Mcneil,briana.mcneil@ecommerce.io,France,2023-01-07,Premium,30795.56
3437,Jesse Jensen,jesse.jensen@example.com,France,2023-01-13,Standard,4825.70
3438,Penny Parker,penny.parker@customer.net,Germany,2024-09-02,Basic,596.04
3439,Joann Todd,joann.todd@example.com,Germany,2021-07-08,Premium,23616.48
3440,Christine Brown,christine.brown@example.com,India,2021-04-08,Basic,855.76
3441,Nicholas Phillips,nicholas.phillips@customer.net,Australia,2022-02-10,Standard,4788.74
3442,Edward Harris,edward.harris@shopmail.com,Australia,2023-04-06,Standard,2583.31
3443,Benjamin Mclean,benjamin.mclean@customer.net,Canada,2022-11-03,Standard,2524.65
3444,Carly Bautista,carly.bautista@example.com,Canada,2021-11-27,Standard,3353.41
3445,Jocelyn Murphy,jocelyn.murphy@example.com,USA,2020-09-11,Basic,652.33
3446,Joshua Schneider,joshua.schneider@shopmail.com,USA,2024-09-26,Basic,718.71
3447,Kathleen Meyer,kathleen.meyer@ecommerce.io,UK,2023-11-28,Standard,4714.99
3448,Tiffany Wong,tiffany.wong@example.com,Canada,2020-08-20,Basic,163.35
3449,Keith Johnson,keith.johnson@example.com,UK,2024-09-01,Premium,31820.29
3450,Melanie Rivera,melanie.rivera@customer.net,UK,2022-05-12,Basic,382.95
3451,John Ryan,john.ryan@shopmail.com,USA,2022-11-20,Standard,3317.08
3452,Rebecca Ortega,rebecca.ortega@example.com,Germany,2022-09-21,Standard,1030.71
3453,John Mcdaniel,john.mcdaniel@ecommerce.io,India,2020-10-05,Premium,18442.10
3454,Jennifer Franklin,jennifer.franklin@ecommerce.io,UK,2020-04-06,Basic,363.99
3455,Patrick Morris,patrick.morris@customer.net,Australia,2024-11-06,Standard,2095.89
3456,Scott Smith,scott.smith@customer.net,Germany,2022-10-15,Basic,469.41
3457,Molly Jones,molly.jones@customer.net,Canada,2020-11-27,Standard,1057.42
3458,James Walters,james.walters@ecommerce.io,Canada,2022-05-17,Basic,878.66
3459,Donald Harris,donald.harris@customer.net,Canada,2023-01-05,Standard,4569.85
3460,Christopher Watkins,christopher.watkins@ecommerce.io,India,2021-10-15,Standard,4859.03
3461,Marie Frederick,marie.frederick@example.com,Germany,2020-09-24,Premium,15913.25
3462,Joel Miller,joel.miller@ecommerce.io,India,2022-04-08,Basic,888.30
3463,Jessica Collins,jessica.collins@shopmail.com,India,2022-05-07,Basic,402.86
3464,Jennifer Sanchez,jennifer.sanchez@example.com,Germany,2023-07-19,Standard,2336.01
3465,Gregory Wright,gregory.wright@shopmail.com,USA,2020-01-19,Standard,3779.17
3466,Justin West,justin.west@shopmail.com,India,2021-01-17,Standard,1473.66
3467,Cynthia Nelson,cynthia.nelson@shopmail.com,India,2024-06-22,Premium,25336.69
3468,Kimberly Miller,kimberly.miller@customer.net,Australia,2023-09-06,Basic,526.55
3469,Teresa Sanders,teresa.sanders@ecommerce.io,France,2020-05-17,Standard,2560.57
3470,Gary Alexander,gary.alexander@shopmail.com,Canada,2023-12-23,Premium,49257.23
3471,William Moss,william.moss@ecommerce.io,France,2024-06-20,Premium,28268.13
3472,Kathleen Weiss,kathleen.weiss@example.com,USA,2024-04-06,Standard,4617.75
3473,Laura Smith,laura.smith@example.com,Germany,2023-04-20,Standard,3065.08
3474,Patrick Dickerson,patrick.dickerson@customer.net,France,2020-09-18,Standard,1783.54
3475,Katherine Dorsey,katherine.dorsey@ecommerce.io,Germany,2024-05-27,Premium,45376.94
3476,Brooke Hernandez,brooke.hernandez@ecommerce.io,Germany,2020-10-03,Basic,994.79
3477,Jessica Scott,jessica.scott@ecommerce.io,India,2020-12-02,Standard,3554.38
3478,Steven Chavez,steven.chavez@shopmail.com,Australia,2020-08-15,Standard,4678.09
3479,Nicholas Obrien,nicholas.obrien@ecommerce.io,UK,2024-02-15,Premium,39187.50
3480,Charles Taylor,charles.taylor@shopmail.com,Germany,2021-12-09,Standard,3785.74
3481,Taylor Moore,taylor.moore@example.com,Germany,2023-02-08,Basic,415.32
3482,Jake Smith,jake.smith@shopmail.com,Canada,2021-06-26,Basic,953.19
3483,Vincent Swanson,vincent.swanson@shopmail.com,USA,2023-10-07,Premium,30087.14
3484,Travis Frost,travis.frost@ecommerce.io,Canada,2022-01-11,Basic,817.22
3485,Shelby Waller,shelby.waller@ecommerce.io,USA,2020-03-05,Basic,708.24
3486,Nathan Burns,nathan.burns@ecommerce.io,Australia,2022-01-22,Standard,2140.83
3487,Danielle Chapman,danielle.chapman@shopmail.com,India,2021-02-07,Standard,4382.04
3488,Riley Williams,riley.williams@shopmail.com,UK,2020-11-11,Premium,47059.46
3489,Sandra Cruz,sandra.cruz@ecommerce.io,India,2023-01-05,Basic,653.30
3490,Ariel Lee,ariel.lee@customer.net,Australia,2023-06-25,Basic,760.10
3491,Samuel Scott,samuel.scott@customer.net,Germany,2024-05-03,Basic,458.33
3492,Robin Bowen,robin.bowen@ecommerce.io,Australia,2023-08-06,Standard,3714.07
3493,William Burns,william.burns@shopmail.com,USA,2021-01-27,Premium,44042.44
3494,Haley Horton,haley.horton@customer.net,Australia,2020-12-13,Standard,4278.59
3495,Debra House,debra.house@ecommerce.io,Australia,2020-01-26,Basic,689.55
3496,Jill Allen,jill.allen@example.com,France,2024-05-24,Premium,22416.12
3497,Austin Li,austin.li@example.com,Canada,2021-11-04,Standard,3859.03
3498,Crystal Rhodes,crystal.rhodes@customer.net,France,2024-06-11,Premium,49048.74
3499,Heidi Brewer,heidi.brewer@shopmail.com,Canada,2023-07-02,Standard,4575.18
3500,Jose Gibson,jose.gibson@shopmail.com,Canada,2020-01-25,Standard,1143.06
3501,Erin King,erin.king@example.com,France,2020-05-21,Basic,743.64
3502,Carrie Lynn,carrie.lynn@customer.net,France,2021-08-09,Standard,3056.75
3503,Mckenzie Smith,mckenzie.smith@customer.net,Canada,2020-12-18,Premium,17548.44
3504,Kelli Newman,kelli.newman@ecommerce.io,Canada,2021-06-20,Standard,2709.99
3505,Sabrina Sanders,sabrina.sanders@shopmail.com,India,2022-12-31,Basic,891.11
3506,Brenda Santana,brenda.santana@customer.net,France,2023-06-22,Standard,1869.77
3507,April Lopez,april.lopez@example.com,USA,2023-08-07,Basic,717.62
3508,Rodney Gallegos,rodney.gallegos@ecommerce.io,UK,2023-08-11,Basic,636.18
3509,Johnny Turner,johnny.turner@customer.net,France,2022-11-15,Premium,34748.17
3510,Tammy Barrett,tammy.barrett@customer.net,India,2023-06-28,Basic,611.11
3511,Patrick Parker,patrick.parker@shopmail.com,India,2023-11-15,Standard,3395.40
3512,Robert Walter,robert.walter@ecommerce.io,Germany,2023-03-31,Standard,3812.31
3513,Jessica Davis,jessica.davis@example.com,Canada,2024-09-15,Basic,504.47
3514,Daisy Frank,daisy.frank@customer.net,UK,2020-03-15,Premium,41460.07
3515,Maxwell Thomas,maxwell.thomas@customer.net,Australia,2021-06-01,Basic,257.53
3516,Kaitlyn Conrad,kaitlyn.conrad@shopmail.com,India,2023-02-14,Premium,34191.39
3517,Raymond Parker,raymond.parker@shopmail.com,France,2021-04-27,Standard,1953.07
3518,Valerie Velasquez,valerie.velasquez@shopmail.com,USA,2023-08-16,Basic,693.58
3519,Aaron Jones,aaron.jones@customer.net,India,2020-11-17,Standard,4774.81
3520,Heather Warren,heather.warren@shopmail.com,France,2024-11-10,Standard,3058.74
3521,Diamond Quinn,diamond.quinn@shopmail.com,UK,2020-10-25,Premium,10450.70
3522,George Brooks,george.brooks@example.com,UK,2021-04-16,Basic,258.16
3523,Jane Gonzalez,jane.gonzalez@example.com,Australia,2022-12-05,Premium,22367.29
3524,Hunter Fry,hunter.fry@example.com,USA,2020-03-02,Standard,3031.69
3525,Shannon Olsen,shannon.olsen@customer.net,Australia,2022-03-02,Standard,1486.81
3526,Jacob Brown,jacob.brown@ecommerce.io,UK,2022-02-02,Standard,2534.86
3527,Ian Malone,ian.malone@example.com,Australia,2021-04-26,Premium,45398.35
3528,Jordan Barrera,jordan.barrera@ecommerce.io,Australia,2021-05-14,Standard,3564.61
3529,Riley Sims,riley.sims@example.com,India,2022-09-15,Premium,17436.36
3530,Claudia Oneill,,UK,2021-10-06,Basic,378.40
3531,Gabriel Carter,gabriel.carter@ecommerce.io,India,2023-10-17,Basic,811.09
3532,Nicholas Hill,nicholas.hill@shopmail.com,Australia,2024-05-02,Premium,49756.33
3533,Matthew Richards,matthew.richards@customer.net,UK,2020-01-08,Standard,2480.23
3534,Timothy Chambers,timothy.chambers@ecommerce.io,Australia,2023-04-19,Basic,441.27
3535,Craig Brown,craig.brown@ecommerce.io,USA,2023-11-12,Basic,141.47
3536,Karen Smith,karen.smith@customer.net,Germany,2021-07-04,Standard,1368.11
3537,Brandi Huerta,brandi.huerta@customer.net,Canada,2021-09-04,Premium,44037.67
3538,Collin Boyd,collin.boyd@shopmail.com,Canada,2020-01-04,Basic,826.99
3539,Adrian Morrison,adrian.morrison@example.com,Germany,2023-06-11,Standard,4271.78
3540,Valerie Juarez,valerie.juarez@ecommerce.io,India,2023-06-20,Basic,522.49
3541,Sarah Kennedy,sarah.kennedy@example.com,Canada,2024-05-02,Standard,3246.79
3542,Matthew Jordan,matthew.jordan@customer.net,France,2021-02-18,Premium,18239.05
3543,Nathan Wu,nathan.wu@customer.net,UK,2022-03-06,Premium,32312.00
3544,Yvonne Montoya,yvonne.montoya@shopmail.com,France,2022-06-06,Basic,602.23
3545,Shelley Ortega,shelley.ortega@example.com,Germany,2022-12-19,Standard,4980.03
3546,Nicholas Brown,nicholas.brown@customer.net,India,2023-06-12,Standard,1290.59
3547,Michael Rivera,michael.rivera@customer.net,UK,2022-01-13,Premium,25409.04
3548,Craig Bryant,craig.bryant@customer.net,Germany,2020-02-17,Premium,36194.61
3549,Holly Hardy,holly.hardy@example.com,USA,2020-09-28,Standard,2726.45
3550,Pamela Taylor,pamela.taylor@ecommerce.io,Germany,2024-10-05,Basic,967.05
3551,Carolyn Melton,carolyn.melton@shopmail.com,Germany,2020-01-31,Standard,2210.90
3552,Joshua Lyons,joshua.lyons@example.com,India,2023-03-16,Premium,21584.47
3553,Lisa Richardson,lisa.richardson@example.com,India,2022-08-02,Premium,21254.31
3554,Christine Hopkins,christine.hopkins@example.com,Germany,2022-09-23,Standard,2827.67
3555,Thomas Gutierrez,thomas.gutierrez@shopmail.com,Germany,2021-08-30,Basic,446.59
3556,Jacob Andersen,jacob.andersen@example.com,USA,2023-01-14,Premium,35283.84
3557,Susan Hess,susan.hess@shopmail.com,Canada,2020-07-07,Basic,647.70
3558,Allen Ward,allen.ward@shopmail.com,Germany,2021-06-29,Standard,1708.10
3559,Brandon Aguirre,brandon.aguirre@customer.net,Canada,2022-11-15,Premium,31443.57
3560,Mark Wallace,mark.wallace@ecommerce.io,Australia,2024-02-06,Standard,2465.77
3561,Catherine Ross,catherine.ross@example.com,India,2023-02-07,Basic,411.95
3562,Cheyenne Miller,cheyenne.miller@customer.net,India,2024-09-06,Standard,1181.49
3563,Ronnie Huynh,ronnie.huynh@shopmail.com,USA,2024-09-26,Standard,3311.91
3564,Sarah Hatfield,sarah.hatfield@ecommerce.io,Germany,2024-08-27,Premium,5002.74
3565,Mercedes Stein,mercedes.stein@example.com,USA,2023-07-18,Standard,2597.19
3566,Jessica Carter,jessica.carter@ecommerce.io,Germany,2021-07-17,Basic,955.58
3567,James Thomas,james.thomas@shopmail.com,India,2020-10-05,Standard,2113.78
3568,Abigail Armstrong,abigail.armstrong@shopmail.com,France,2020-11-29,Basic,927.59
3569,Melissa Wagner,melissa.wagner@ecommerce.io,USA,2020-04-29,Standard,1355.84
3570,David Robles,david.robles@shopmail.com,UK,2023-11-11,Standard,2047.27
3571,Kevin Nunez,kevin.nunez@example.com,UK,2022-05-09,Standard,1289.95
3572,Ana Baxter,ana.baxter@ecommerce.io,USA,2022-09-13,Basic,159.32
3573,Gary Griffin,gary.griffin@example.com,USA,2020-08-25,Basic,616.92
3574,Darrell Bates,darrell.bates@shopmail.com,India,2022-08-07,Basic,897.32
3575,John Lewis,john.lewis@example.com,Canada,2021-01-15,Premium,24233.17
3576,Karen Keller,karen.keller@example.com,Australia,2022-01-12,Basic,304.67
3577,Christopher Graham,christopher.graham@customer.net,USA,2024-08-08,Basic,612.56
3578,Jennifer Martin,jennifer.martin@example.com,Germany,2020-05-25,Premium,41434.79
3579,Sarah Orr,sarah.orr@example.com,USA,2022-09-17,Standard,2025.70
3580,Katie Robinson,katie.robinson@example.com,France,2023-03-21,Basic,806.69
3581,Jonathan Alvarez,jonathan.alvarez@ecommerce.io,Australia,2021-08-23,Standard,1908.01
3582,Priscilla Martinez,priscilla.martinez@customer.net,Germany,2023-04-29,Standard,3221.33
3583,Derek Nichols,derek.nichols@customer.net,Canada,2020-09-26,Standard,3380.71
3584,Jessica Davis,jessica.davis@customer.net,India,2020-08-24,Standard,2653.68
3585,Heather Wiggins,heather.wiggins@shopmail.com,Germany,2021-02-18,Basic,824.30
3586,Sarah Miranda,sarah.miranda@example.com,UK,2024-04-27,Basic,752.82
3587,Caroline Schneider,caroline.schneider@ecommerce.io,Canada,2020-04-02,Premium,11917.81
3588,Nicholas Love,nicholas.love@customer.net,UK,2023-11-03,Basic,264.86
3589,Jill James,jill.james@ecommerce.io,UK,2024-12-10,Standard,4134.69
3590,Dawn Hoffman,dawn.hoffman@customer.net,Canada,2022-12-09,Basic,787.55
3591,Melissa Stokes,melissa.stokes@ecommerce.io,India,2020-11-06,Basic,478.61
3592,Jeffrey Wilson,jeffrey.wilson@ecommerce.io,France,2022-06-10,Premium,6751.30
3593,Christopher Davis,christopher.davis@shopmail.com,France,2023-01-27,Standard,1876.12
3594,Joy Pineda,joy.pineda@ecommerce.io,Canada,2023-01-14,Basic,553.04
3595,Julie Wilson,julie.wilson@shopmail.com,Canada,2024-06-26,Standard,1911.41
3596,Michael Castaneda,michael.castaneda@ecommerce.io,Germany,2020-10-09,Basic,586.17
3597,Stephanie Ray,stephanie.ray@example.com,Germany,2024-07-29,Standard,2777.33
3598,Aaron Brown,aaron.brown@example.com,Germany,2022-01-07,Standard,2795.94
3599,Amanda Boone,amanda.boone@example.com,Canada,2022-03-24,Standard,1637.82
3600,Tina Flores,tina.flores@example.com,France,2020-03-10,Standard,3163.37
3601,Michael Shelton,michael.shelton@ecommerce.io,USA,2020-03-28,Standard,2973.54
3602,Laura Meyer,laura.meyer@example.com,Australia,2023-05-13,Standard,1406.87
3603,Carolyn Walker,carolyn.walker@example.com,USA,2022-08-05,Standard,4115.64
3604,Randall Medina,randall.medina@example.com,France,2023-11-07,Basic,117.19
3605,Steven Thomas,steven.thomas@ecommerce.io,Australia,2022-06-30,Standard,3727.91
3606,Sherri Hood,sherri.hood@shopmail.com,UK,2023-07-22,Premium,6070.69
3607,Vincent Bryant,vincent.bryant@ecommerce.io,UK,2021-10-07,Basic,835.82
3608,Carolyn Thomas,carolyn.thomas@example.com,Australia,2020-12-28,Basic,998.39
3609,Elizabeth Solis,elizabeth.solis@shopmail.com,UK,2022-06-15,Basic,911.01
3610,Jacqueline George,jacqueline.george@ecommerce.io,India,2020-05-01,Basic,109.52
3611,Kyle Mooney,kyle.mooney@example.com,USA,2021-10-16,Basic,199.89
3612,David Shea,david.shea@shopmail.com,Canada,2024-06-22,Standard,3618.71
3613,Jasmine Mendoza,jasmine.mendoza@ecommerce.io,Germany,2023-07-21,Standard,4562.39
3614,Maria Simpson,maria.simpson@customer.net,Canada,2020-03-30,Standard,4823.45
3615,Janet Bennett,janet.bennett@customer.net,Australia,2021-01-26,Standard,4378.10
3616,Tina Cook,tina.cook@example.com,Canada,2023-12-21,Standard,3972.65
3617,Maria Clark,maria.clark@example.com,UK,2023-09-26,Standard,4003.98
3618,Jessica Cochran,jessica.cochran@example.com,Germany,2021-08-12,Premium,48082.67
3619,Isabella Williams,isabella.williams@ecommerce.io,India,2024-01-17,Standard,1048.82
3620,Michelle White,michelle.white@example.com,USA,2021-07-22,Standard,2392.84
3621,Tony Myers,tony.myers@shopmail.com,Germany,2020-04-03,Basic,555.83
3622,Tracey Hopkins,tracey.hopkins@ecommerce.io,USA,2020-05-27,Standard,3171.04
3623,Melinda Ritter,melinda.ritter@example.com,UK,2023-09-01,Standard,2347.24
3624,Amy Rogers,amy.rogers@shopmail.com,France,2022-01-05,Standard,2384.43
3625,Erica Mooney,erica.mooney@ecommerce.io,Australia,2023-03-07,Basic,406.42
3626,Katherine Myers,katherine.myers@customer.net,USA,2020-03-09,Premium,7669.62
3627,Allison Campbell,allison.campbell@example.com,Australia,2020-02-09,Basic,458.01
3628,Heather Lee,heather.lee@example.com,USA,2023-01-24,Standard,2547.43
3629,Melissa Long,melissa.long@ecommerce.io,USA,2024-05-12,Standard,3781.81
3630,David Goodwin,david.goodwin@customer.net,France,2021-06-30,Standard,3777.55
3631,Betty Trujillo,betty.trujillo@shopmail.com,Australia,2021-01-31,Premium,30662.42
3632,Melissa Mckinney,melissa.mckinney@ecommerce.io,India,2021-04-05,Standard,1082.04
3633,Stephen Martin,stephen.martin@customer.net,Germany,2024-04-02,Standard,4392.26
3634,Devin Dominguez,devin.dominguez@ecommerce.io,USA,2021-03-22,Premium,12230.61
3635,Kelly Thomas,kelly.thomas@example.com,USA,2022-10-07,Standard,1850.07
3636,Jeffery Goodman,jeffery.goodman@ecommerce.io,UK,2022-03-12,Standard,1734.58
3637,Jill Smith,jill.smith@ecommerce.io,UK,2023-04-07,Premium,7751.67
3638,Jessica Johnston,jessica.johnston@shopmail.com,UK,2024-06-04,Premium,14959.51
3639,Erika Hinton,erika.hinton@example.com,USA,2020-02-01,Standard,3948.92
3640,Dylan Clements,dylan.clements@example.com,Australia,2022-05-13,Premium,42751.86
3641,Ronald Skinner,ronald.skinner@shopmail.com,USA,2023-07-28,Premium,39393.74
3642,Sara Davis,sara.davis@customer.net,France,2021-06-02,Standard,1971.90
3643,Terri White,terri.white@example.com,USA,2022-02-25,Premium,22666.19
3644,Brian Baird,brian.baird@shopmail.com,France,2020-01-14,Standard,2126.36
3645,Debra Watkins,debra.watkins@customer.net,Canada,2024-03-24,Standard,4505.83
3646,Tara Sims,tara.sims@customer.net,Canada,2024-10-21,Standard,3262.37
3647,Richard Johnson,richard.johnson@shopmail.com,France,2024-02-18,Premium,31711.85
3648,John Burns,john.burns@shopmail.com,Germany,2020-04-05,Standard,1923.78
3649,Hailey Blevins,hailey.blevins@customer.net,Australia,2024-07-04,Basic,894.07
3650,Denise Bennett,denise.bennett@shopmail.com,Germany,2022-01-27,Basic,418.35
3651,Heather Pope,heather.pope@ecommerce.io,Germany,2022-08-06,Premium,45046.77
3652,Donna Strickland,donna.strickland@shopmail.com,USA,2022-06-30,Standard,1458.14
3653,Michelle Santos,michelle.santos@shopmail.com,UK,2024-01-01,Basic,776.74
3654,Joshua Delgado,joshua.delgado@shopmail.com,Germany,2023-12-05,Premium,48084.58
3655,Michael Wilson,michael.wilson@shopmail.com,USA,2021-12-23,Premium,45810.70
3656,Christopher Burns,christopher.burns@example.com,France,2023-03-19,Standard,4639.44
3657,Elizabeth Hicks,elizabeth.hicks@ecommerce.io,France,2020-07-12,Basic,490.36
3658,Andrew Berry,andrew.berry@customer.net,UK,2023-01-01,Basic,434.29
3659,Ashley Hill,ashley.hill@example.com,Australia,2023-04-20,Standard,4522.90
3660,Julie Bauer,julie.bauer@customer.net,Australia,2022-08-21,Standard,1669.92
3661,Herbert Washington,herbert.washington@customer.net,France,2022-11-24,Standard,1177.83
3662,Deanna Hamilton,deanna.hamilton@ecommerce.io,UK,2022-09-07,Premium,29074.01
3663,Ashley Garcia,ashley.garcia@shopmail.com,USA,2023-01-26,Basic,981.18
3664,Bryan Stout,bryan.stout@shopmail.com,France,2023-04-06,Standard,2918.37
3665,Laura Lopez,laura.lopez@ecommerce.io,Canada,2024-12-11,Premium,18994.63
3666,Lisa Smith,lisa.smith@example.com,France,2020-10-09,Premium,12565.46
3667,Angela Herrera,angela.herrera@shopmail.com,USA,2020-04-20,Basic,259.87
3668,Lisa Freeman,lisa.freeman@ecommerce.io,France,2020-09-18,Standard,3501.09
3669,April Richards,april.richards@shopmail.com,UK,2023-09-18,Basic,950.96
3670,Jennifer Tyler,jennifer.tyler@example.com,Canada,2021-07-24,Premium,26927.36
3671,David Mullins,david.mullins@shopmail.com,Australia,2020-09-26,Standard,4698.22
3672,Tammy Merritt,tammy.merritt@example.com,USA,2022-05-13,Basic,976.54
3673,Henry George,henry.george@shopmail.com,Australia,2020-01-21,Basic,705.81
3674,Hector Peters,hector.peters@example.com,UK,2020-03-14,Basic,670.64
3675,Lauren Martinez,lauren.martinez@ecommerce.io,Australia,2023-11-26,Basic,234.34
3676,David Harris,david.harris@shopmail.com,Australia,2022-06-17,Basic,548.22
3677,Evan Hart,evan.hart@shopmail.com,Australia,2024-11-28,Basic,192.91
3678,Melissa Johnson,melissa.johnson@shopmail.com,USA,2024-05-09,Standard,4037.22
3679,Tina Hunter,tina.hunter@customer.net,Canada,2024-12-20,Standard,1188.14
3680,Michael Stephens,michael.stephens@shopmail.com,USA,2023-10-29,Standard,4937.44
3681,Rodney Landry,rodney.landry@shopmail.com,India,2022-06-20,Premium,25561.31
3682,Aaron Turner,aaron.turner@example.com,France,2023-01-05,Standard,1896.98
3683,Sophia Stone,sophia.stone@example.com,Australia,2020-11-27,Basic,991.60
3684,Kirsten Hopkins,kirsten.hopkins@example.com,Germany,2021-09-03,Premium,22015.40
3685,Sean Ray,sean.ray@shopmail.com,France,2024-03-14,Standard,4823.15
3686,Heather Mills,heather.mills@example.com,Canada,2021-05-22,Standard,4368.59
3687,Valerie Bell,valerie.bell@ecommerce.io,USA,2023-06-23,Basic,448.39
3688,Amanda Clark,amanda.clark@example.com,India,2024-11-13,Premium,14136.08
3689,Corey Weiss,corey.weiss@customer.net,USA,2022-10-23,Premium,7514.47
3690,Joel Lopez,joel.lopez@ecommerce.io,India,2022-05-05,Standard,4365.74
3691,Kevin Wall,kevin.wall@customer.net,India,2024-12-01,Basic,901.83
3692,Susan Guzman,susan.guzman@customer.net,UK,2020-06-21,Standard,3281.31
3693,Jason Howard,jason.howard@ecommerce.io,Canada,2020-05-03,Basic,372.88
3694,David Dean,david.dean@ecommerce.io,Canada,2023-09-05,Standard,1144.71
3695,Charles Scott,charles.scott@customer.net,UK,2023-11-03,Basic,375.55
3696,Patrick Mckee,patrick.mckee@shopmail.com,France,2022-05-03,Basic,409.41
3697,Ricardo Miller,ricardo.miller@customer.net,UK,2022-07-18,Standard,1759.09
3698,Jonathan Coleman,jonathan.coleman@customer.net,UK,2022-06-07,Basic,893.86
3699,Heather Herrera,heather.herrera@ecommerce.io,UK,2021-06-07,Premium,14739.90
3700,Chad Oconnor,chad.oconnor@shopmail.com,India,2024-02-22,Standard,2374.09
3701,Wanda Terry,wanda.terry@ecommerce.io,Canada,2023-10-11,Standard,1605.22
3702,James Watson,james.watson@example.com,France,2024-02-14,Standard,2971.97
3703,Diane Hoover,diane.hoover@example.com,Australia,2023-06-29,Basic,937.27
3704,Cassidy Barnes,cassidy.barnes@shopmail.com,Australia,2021-09-29,Premium,45834.79
3705,Eric Riddle,eric.riddle@customer.net,Canada,2021-03-27,Basic,280.91
3706,Ryan Johnson,ryan.johnson@shopmail.com,UK,2024-01-14,Standard,4862.78
3707,Cassandra Jones,cassandra.jones@customer.net,UK,2024-12-25,Basic,429.07
3708,David Rodriguez,david.rodriguez@shopmail.com,UK,2021-05-17,Premium,16733.39
3709,Amy Jones,amy.jones@example.com,India,2023-11-13,Standard,1963.54
3710,Danielle Cox,danielle.cox@ecommerce.io,India,2023-10-01,Premium,28805.09
3711,Matthew Nelson,matthew.nelson@ecommerce.io,Australia,2021-06-30,Standard,2479.18
3712,Misty Perez,misty.perez@customer.net,Australia,2023-02-28,Standard,3700.56
3713,Alejandro Bennett,alejandro.bennett@customer.net,Germany,2023-04-16,Standard,3848.43
3714,Tanya Gray,tanya.gray@ecommerce.io,Australia,2024-04-30,Basic,948.47
3715,Daniel Frost,daniel.frost@ecommerce.io,UK,2022-01-08,Basic,970.35
3716,Gregory Chandler,gregory.chandler@customer.net,India,2021-07-08,Standard,2572.11
3717,Kristopher Nicholson,kristopher.nicholson@customer.net,India,2020-05-10,Basic,487.82
3718,Tracy Rice,tracy.rice@shopmail.com,USA,2020-12-28,Basic,408.93
3719,Jackie Grimes,jackie.grimes@example.com,France,2021-11-11,Standard,4701.17
3720,Andrea Lawson,andrea.lawson@ecommerce.io,France,2020-06-28,Basic,833.29
3721,Peggy Jackson,peggy.jackson@customer.net,France,2020-10-19,Premium,19539.34
3722,Stacey Price,stacey.price@customer.net,Germany,2021-09-10,Basic,859.82
3723,Michael Figueroa,michael.figueroa@shopmail.com,USA,2022-07-17,Premium,44155.21
3724,Tammy Schmidt,tammy.schmidt@shopmail.com,Canada,2024-05-10,Standard,3869.62
3725,Brooke Atkinson,brooke.atkinson@ecommerce.io,UK,2022-02-27,Basic,210.29
3726,Thomas Anderson,thomas.anderson@example.com,Australia,2021-06-26,Basic,685.60
3727,Albert Palmer,albert.palmer@shopmail.com,India,2020-11-18,Standard,4763.83
3728,Eric Martinez,eric.martinez@ecommerce.io,India,2021-10-10,Basic,897.52
3729,Nicholas Moss,nicholas.moss@example.com,Germany,2023-03-06,Standard,2650.60
3730,Brian Swanson,brian.swanson@customer.net,UK,2020-08-01,Standard,4844.20
3731,Terri Zimmerman,terri.zimmerman@example.com,USA,2022-12-29,Standard,3582.47
3732,John Franklin,john.franklin@customer.net,France,2024-08-10,Basic,420.64
3733,Jasmine White,jasmine.white@example.com,USA,2022-01-24,Premium,37845.03
3734,Valerie Lindsey,valerie.lindsey@ecommerce.io,Canada,2020-11-16,Standard,1836.46
3735,Wayne Hill,wayne.hill@ecommerce.io,Australia,2020-12-26,Basic,489.65
3736,Ronald David,ronald.david@customer.net,Canada,2021-06-30,Basic,859.73
3737,Nicole Cervantes,nicole.cervantes@customer.net,USA,2020-08-18,Standard,2988.88
3738,Kevin Hodge,kevin.hodge@shopmail.com,India,2023-08-20,Standard,4735.04
3739,Stacey Russell,stacey.russell@customer.net,India,2021-11-30,Standard,4501.25
3740,Lawrence Davis,lawrence.davis@shopmail.com,Germany,2022-08-05,Basic,507.67
3741,Christopher Blair,christopher.blair@customer.net,Australia,2021-10-25,Standard,2626.95
3742,Shirley Martin,shirley.martin@example.com,USA,2021-07-24,Premium,45996.20
3743,Brian Paul,brian.paul@example.com,India,2023-07-12,Standard,3801.06
3744,Angela Vasquez,angela.vasquez@customer.net,France,2020-05-08,Basic,122.13
3745,Nancy Hayden,nancy.hayden@ecommerce.io,Australia,2022-11-29,Basic,692.46
3746,Roger Romero,roger.romero@example.com,UK,2022-09-17,Premium,43535.07
3747,Jessica Castillo,jessica.castillo@shopmail.com,USA,2021-09-25,Premium,13383.89
3748,Zachary Cuevas,zachary.cuevas@shopmail.com,USA,2022-05-21,Standard,1105.88
3749,Pamela Wolfe,pamela.wolfe@example.com,India,2021-03-21,Standard,4052.26
3750,Richard Jensen,richard.jensen@example.com,Germany,2020-12-02,Standard,4633.73
3751,Rhonda Reese,rhonda.reese@shopmail.com,Germany,2023-06-28,Premium,20563.84
3752,Jennifer Park,jennifer.park@customer.net,UK,2024-01-16,Basic,124.11
3753,Kara Sanchez,kara.sanchez@customer.net,India,2021-05-19,Standard,2375.88
3754,Joanne Tapia,joanne.tapia@ecommerce.io,India,2024-10-26,Basic,693.35
3755,Madeline Beard,madeline.beard@shopmail.com,UK,2020-12-12,Standard,1603.11
3756,Allison Lynch,allison.lynch@customer.net,UK,2023-12-03,Standard,3463.79
3757,Catherine Oconnell,catherine.oconnell@shopmail.com,USA,2021-08-11,Basic,427.23
3758,Emily Macias,emily.macias@shopmail.com,India,2021-12-26,Standard,1902.01
3759,Alexandra Walker,alexandra.walker@customer.net,USA,2022-11-04,Standard,2400.03
3760,Charles Franco,charles.franco@customer.net,USA,2020-04-10,Premium,29805.22
3761,Willie Farley,willie.farley@shopmail.com,Germany,2023-05-28,Standard,2991.34
3762,Roberto Gray,roberto.gray@shopmail.com,India,2024-10-14,Basic,279.91
3763,Nathaniel Wilson,nathaniel.wilson@example.com,Germany,2020-09-12,Premium,12018.69
3764,Robin Wright,robin.wright@shopmail.com,France,2023-10-20,Premium,30209.93
3765,Amber Miranda,amber.miranda@example.com,India,2022-10-06,Basic,699.60
3766,David Evans,david.evans@customer.net,Australia,2024-04-09,Basic,335.92
3767,Kelly Lewis,kelly.lewis@customer.net,Germany,2021-02-14,Basic,391.88
3768,Joann Carroll,joann.carroll@shopmail.com,UK,2021-03-05,Basic,981.71
3769,Jeff Torres,jeff.torres@shopmail.com,UK,2020-11-26,Basic,927.68
3770,Sarah Day,sarah.day@example.com,India,2023-05-29,Standard,2168.15
3771,Margaret Johnson,margaret.johnson@ecommerce.io,France,2023-10-04,Basic,872.26
3772,Steven Williamson,steven.williamson@shopmail.com,UK,2024-02-12,Standard,4833.42
3773,Tracy Kelly,tracy.kelly@customer.net,UK,2024-08-08,Standard,4553.71
3774,Christina Murphy,,UK,2022-01-31,Basic,690.48
3775,Michael Smith,michael.smith@shopmail.com,India,2023-07-25,Basic,811.32
3776,Pamela Lopez,pamela.lopez@shopmail.com,USA,2024-10-17,Standard,3591.02
3777,Michael Garcia,michael.garcia@ecommerce.io,Germany,2023-11-01,Standard,4171.93
3778,Travis Miller,travis.miller@shopmail.com,USA,2022-09-21,Standard,3676.01
3779,Willie Hernandez,willie.hernandez@ecommerce.io,India,2020-09-06,Standard,3612.80
3780,David Freeman,david.freeman@example.com,Australia,2020-05-26,Standard,1879.01
3781,Eric Douglas,eric.douglas@customer.net,Australia,2020-04-27,Standard,3034.87
3782,Jeremy Foster,jeremy.foster@customer.net,UK,2023-03-15,Standard,4312.69
3783,Kevin Patterson,kevin.patterson@ecommerce.io,Germany,2020-05-09,Standard,2255.32
3784,Ian Cain,ian.cain@customer.net,USA,2022-01-10,Standard,2273.68
3785,Daniel Gonzales,daniel.gonzales@shopmail.com,Australia,2023-09-13,Standard,1269.17
3786,Mary Martin,mary.martin@ecommerce.io,USA,2020-06-07,Premium,30480.19
3787,Michael Hamilton,michael.hamilton@ecommerce.io,Canada,2022-05-27,Basic,344.46
3788,Michael Harrell,michael.harrell@example.com,France,2024-01-16,Standard,2503.90
3789,James Lopez,james.lopez@ecommerce.io,Germany,2023-01-25,Basic,546.99
3790,Billy Foster,billy.foster@example.com,Germany,2024-07-03,Basic,100.48
3791,Julie Santana,julie.santana@ecommerce.io,UK,2022-06-09,Premium,48937.75
3792,Ethan Gonzalez,ethan.gonzalez@example.com,France,2024-11-10,Standard,3608.12
3793,Timothy Ortega,timothy.ortega@example.com,UK,2021-09-21,Premium,8298.12
3794,Joseph Fisher,joseph.fisher@shopmail.com,India,2024-01-07,Standard,2719.99
3795,Andrea Marsh,andrea.marsh@customer.net,Germany,2022-12-25,Basic,609.88
3796,Jennifer Nguyen,jennifer.nguyen@example.com,France,2022-12-07,Standard,2898.27
3797,Kathy Macias,kathy.macias@customer.net,Germany,2022-09-17,Premium,15409.59
3798,Warren Mclean,warren.mclean@shopmail.com,UK,2022-06-15,Basic,686.83
3799,Megan Price,megan.price@example.com,Germany,2021-11-25,Standard,3781.81
3800,Daniel Rodriguez,daniel.rodriguez@customer.net,Australia,2023-01-20,Basic,478.32
3801,Andrew Moore,andrew.moore@shopmail.com,Australia,2023-11-03,Standard,3286.66
3802,Vincent Saunders,vincent.saunders@ecommerce.io,UK,2020-08-24,Basic,642.36
3803,Joel Gregory,joel.gregory@customer.net,Canada,2021-09-24,Standard,1753.50
3804,Matthew Bray,matthew.bray@ecommerce.io,UK,2021-04-22,Basic,212.22
3805,Joan Hamilton,joan.hamilton@example.com,France,2020-05-21,Premium,20838.78
3806,Keith Tucker,keith.tucker@ecommerce.io,Germany,2024-07-11,Premium,22016.12
3807,Kathleen Wright,kathleen.wright@customer.net,India,2021-08-04,Basic,531.94
3808,Elijah Dixon,elijah.dixon@example.com,UK,2022-05-11,Basic,971.35
3809,John Wang,john.wang@ecommerce.io,Canada,2023-01-20,Standard,3661.53
3810,Michelle Gamble,michelle.gamble@customer.net,Canada,2023-03-18,Standard,2791.30
3811,John Hoover,john.hoover@ecommerce.io,USA,2022-05-09,Standard,4264.86
3812,James Mccarthy,james.mccarthy@ecommerce.io,Germany,2023-11-15,Standard,4962.43
3813,Lisa Haynes,lisa.haynes@ecommerce.io,USA,2020-02-17,Standard,2626.82
3814,Wayne White,wayne.white@shopmail.com,Germany,2021-02-11,Standard,1150.54
3815,Victoria Garza,victoria.garza@ecommerce.io,France,2022-05-23,Basic,654.81
3816,Cynthia Perez,cynthia.perez@customer.net,USA,2020-08-13,Basic,894.46
3817,David Johnson,david.johnson@ecommerce.io,UK,2023-03-11,Standard,3783.78
3818,Veronica Hickman,veronica.hickman@shopmail.com,USA,2023-11-23,Standard,2483.85
3819,Ronald Jensen,ronald.jensen@example.com,UK,2022-01-23,Standard,2399.06
3820,Christopher Williams,christopher.williams@shopmail.com,Germany,2022-04-26,Premium,35348.95
3821,Richard Torres,richard.torres@shopmail.com,USA,2024-10-13,Standard,2256.05
3822,Cynthia Hall,cynthia.hall@ecommerce.io,France,2022-03-16,Standard,2394.72
3823,Matthew Mendoza,matthew.mendoza@customer.net,UK,2021-09-03,Standard,4889.50
3824,William Schneider,william.schneider@ecommerce.io,Australia,2021-03-29,Basic,376.65
3825,Kevin Adams,kevin.adams@example.com,India,2021-09-17,Standard,3447.95
3826,Juan Bell,juan.bell@shopmail.com,India,2023-05-29,Standard,1969.83
3827,Robert Flores,robert.flores@ecommerce.io,Canada,2023-03-30,Basic,505.80
3828,Brandon Williams,brandon.williams@ecommerce.io,Germany,2021-06-24,Standard,1068.70
3829,Brett Garner,brett.garner@shopmail.com,UK,2021-04-04,Basic,142.97
3830,Jason Kennedy,jason.kennedy@customer.net,UK,2023-05-24,Standard,3891.80
3831,Rebekah Garcia,rebekah.garcia@shopmail.com,France,2023-10-02,Basic,835.82
3832,Jack Vaughan,jack.vaughan@ecommerce.io,USA,2021-05-25,Standard,1630.77
3833,Michael Torres,michael.torres@customer.net,UK,2020-05-05,Basic,722.14
3834,Collin Smith,collin.smith@customer.net,India,2020-03-29,Premium,26551.86
3835,Andrea Atkins,andrea.atkins@ecommerce.io,UK,2021-08-10,Standard,3521.19
3836,Mark Figueroa,mark.figueroa@ecommerce.io,Canada,2022-08-25,Basic,820.32
3837,Michael Maxwell,michael.maxwell@shopmail.com,USA,2021-05-15,Premium,5457.23
3838,Allison Watson,allison.watson@customer.net,India,2021-09-15,Standard,2526.01
3839,Debra Clark,debra.clark@shopmail.com,France,2020-04-21,Premium,42033.22
3840,Patrick Eaton,patrick.eaton@ecommerce.io,USA,2020-10-06,Premium,40045.33
3841,David Newton,david.newton@customer.net,Canada,2024-10-24,Standard,2573.93
3842,David Willis,david.willis@customer.net,UK,2021-11-08,Standard,3329.40
3843,Rhonda Pena,rhonda.pena@customer.net,USA,2023-02-11,Standard,4759.68
3844,James Bush,james.bush@example.com,France,2023-06-02,Basic,296.56
3845,Sara Jones,sara.jones@ecommerce.io,France,2021-09-03,Premium,13511.87
3846,Amy Cooper,amy.cooper@customer.net,Germany,2021-03-29,Standard,1338.57
3847,Jessica Mayo,jessica.mayo@ecommerce.io,USA,2024-12-17,Standard,1818.81
3848,James Le,james.le@shopmail.com,India,2022-04-14,Basic,241.81
3849,Bradley Lee,bradley.lee@shopmail.com,USA,2024-10-23,Standard,1994.64
3850,Andrea King,andrea.king@ecommerce.io,UK,2021-06-26,Standard,2626.31
3851,Natalie Castaneda,natalie.castaneda@example.com,Canada,2021-04-20,Standard,3653.14
3852,Rebecca Hester,rebecca.hester@customer.net,France,2024-02-27,Basic,723.83
3853,Patricia West,patricia.west@customer.net,India,2024-08-09,Basic,586.25
3854,Jennifer Bartlett,jennifer.bartlett@ecommerce.io,Australia,2023-12-20,Premium,45373.39
3855,Carlos Barnes,carlos.barnes@ecommerce.io,Germany,2024-03-22,Standard,3330.27
3856,Sarah Gordon,sarah.gordon@example.com,Australia,2023-09-19,Premium,48752.55
3857,Andrew Greene,andrew.greene@ecommerce.io,USA,2022-08-11,Standard,2053.98
3858,Heather Anderson,heather.anderson@ecommerce.io,UK,2024-09-19,Basic,386.68
3859,Brandon Knight,brandon.knight@ecommerce.io,USA,2020-11-30,Premium,12289.42
3860,Laura Benson,laura.benson@ecommerce.io,Germany,2022-03-11,Standard,2353.36
3861,Joy Sanders,joy.sanders@ecommerce.io,Australia,2024-11-21,Standard,4015.57
3862,Gail Berg,gail.berg@shopmail.com,UK,2020-09-30,Basic,568.28
3863,Teresa Martin,teresa.martin@shopmail.com,USA,2020-10-06,Premium,5730.88
3864,Karen Cruz,karen.cruz@example.com,UK,2021-02-22,Standard,4511.26
3865,Kimberly Morales,kimberly.morales@shopmail.com,UK,2021-06-03,Standard,2633.17
3866,Joseph White,joseph.white@example.com,Australia,2022-05-26,Standard,4133.25
3867,Ernest Robinson,ernest.robinson@example.com,Germany,2024-10-18,Standard,2707.47
3868,Heather Suarez,heather.suarez@ecommerce.io,India,2024-07-24,Basic,383.67
3869,Krystal Gibson,krystal.gibson@example.com,UK,2021-07-23,Basic,677.58
3870,Jasmine Warren,jasmine.warren@example.com,UK,2021-04-17,Standard,3938.86
3871,Kevin Robinson,kevin.robinson@ecommerce.io,India,2022-09-25,Standard,1682.51
3872,Jeanette Arnold,jeanette.arnold@ecommerce.io,Australia,2024-06-10,Premium,10931.45
3873,George Williams,george.williams@ecommerce.io,Germany,2020-05-19,Premium,47594.66
3874,John Williams,john.williams@example.com,USA,2022-07-19,Basic,745.93
3875,Eddie Stephenson,eddie.stephenson@shopmail.com,Canada,2020-04-16,Basic,892.97
3876,Sara Nelson,sara.nelson@customer.net,India,2021-06-14,Premium,34724.92
3877,Krystal Day,krystal.day@example.com,India,2022-09-02,Standard,3568.77
3878,John Colon,john.colon@ecommerce.io,India,2021-06-17,Standard,2655.68
3879,Amanda Smith,amanda.smith@shopmail.com,Canada,2020-04-12,Standard,2545.27
3880,Michael Jacobs,michael.jacobs@shopmail.com,France,2024-11-21,Standard,4681.99
3881,Miguel Miller,miguel.miller@customer.net,Australia,2020-10-30,Premium,20276.53
3882,Janice Dunn,janice.dunn@example.com,UK,2020-11-14,Basic,384.99
3883,Jennifer Ortiz,jennifer.ortiz@ecommerce.io,Germany,2022-03-18,Premium,39121.23
3884,Cheryl Nguyen,cheryl.nguyen@ecommerce.io,France,2024-01-24,Standard,3957.99
3885,Brian Cabrera,brian.cabrera@customer.net,UK,2023-07-08,Basic,268.86
3886,Madison Robinson,madison.robinson@example.com,India,2021-01-16,Standard,1398.92
3887,Tammy Thompson,tammy.thompson@example.com,USA,2022-12-23,Premium,25605.03
3888,Teresa Medina,teresa.medina@shopmail.com,Australia,2021-12-10,Standard,4930.08
3889,Tiffany Osborne,tiffany.osborne@example.com,Australia,2024-12-29,Standard,4903.99
3890,Kimberly Rodriguez,kimberly.rodriguez@example.com,India,2024-08-15,Premium,26812.91
3891,Julie Reyes,julie.reyes@shopmail.com,France,2020-11-05,Standard,2410.09
3892,Desiree Berg,desiree.berg@ecommerce.io,Australia,2021-12-27,Standard,1712.81
3893,Cynthia Pierce,cynthia.pierce@example.com,Germany,2020-07-27,Standard,1690.65
3894,Lisa Walker,lisa.walker@customer.net,Germany,2024-03-12,Premium,16453.72
3895,Joseph Perkins,joseph.perkins@customer.net,UK,2020-11-30,Standard,1085.86
3896,Lindsey Mullins,lindsey.mullins@shopmail.com,UK,2020-08-19,Basic,438.11
3897,Eric Hall,eric.hall@ecommerce.io,Australia,2024-07-18,Standard,2042.69
3898,Jessica Richardson,jessica.richardson@customer.net,India,2021-01-28,Basic,917.89
3899,Rachel Davis,rachel.davis@example.com,Australia,2023-01-10,Basic,834.81
3900,Hunter Lopez,hunter.lopez@ecommerce.io,Canada,2021-09-10,Standard,2771.27
3901,Michelle Lopez,michelle.lopez@example.com,Canada,2022-10-25,Basic,856.56
3902,Tracy Blair,tracy.blair@ecommerce.io,USA,2021-07-08,Standard,2858.50
3903,Deborah Smith,deborah.smith@example.com,India,2022-02-05,Basic,652.46
3904,Frank Thompson,frank.thompson@ecommerce.io,USA,2023-06-07,Standard,4064.35
3905,Phillip Franklin,phillip.franklin@customer.net,Germany,2021-06-11,Standard,3495.66
3906,Chad Jones,chad.jones@customer.net,Germany,2023-07-23,Basic,692.14
3907,John Stout,john.stout@ecommerce.io,Germany,2021-04-22,Premium,17060.34
3908,Tara Garcia,tara.garcia@customer.net,Germany,2021-10-15,Standard,4179.16
3909,Alison Acosta,alison.acosta@ecommerce.io,France,2020-11-10,Premium,5789.16
3910,Lindsey Morrison,lindsey.morrison@customer.net,Canada,2023-01-16,Premium,8767.17
3911,Nicholas Smith,nicholas.smith@shopmail.com,USA,2023-09-01,Basic,432.00
3912,Margaret Hines,margaret.hines@shopmail.com,UK,2023-04-28,Basic,357.25
3913,Deanna Williams,deanna.williams@customer.net,UK,2020-03-27,Premium,11823.56
3914,John Miller,john.miller@customer.net,UK,2022-06-11,Standard,1977.46
3915,Douglas Burton,douglas.burton@shopmail.com,Australia,2022-04-16,Standard,1689.44
3916,Alexander Burch,alexander.burch@ecommerce.io,Australia,2024-04-13,Standard,4815.82
3917,Susan Rodriguez,susan.rodriguez@customer.net,USA,2021-11-17,Premium,34846.04
3918,Jill Morgan,jill.morgan@example.com,Australia,2023-10-01,Standard,3204.90
3919,Jasmine Harris,jasmine.harris@shopmail.com,Australia,2020-08-07,Premium,15036.59
3920,Timothy Hart,timothy.hart@example.com,USA,2021-07-12,Standard,3295.59
3921,Sean Martin,sean.martin@shopmail.com,Australia,2024-10-18,Basic,241.33
3922,Martin Moore,martin.moore@example.com,UK,2024-10-07,Basic,236.66
3923,Brian Holt,brian.holt@shopmail.com,India,2020-06-05,Basic,434.90
3924,Courtney Martinez,courtney.martinez@example.com,Australia,2022-02-01,Standard,3153.31
3925,Mallory Garcia,mallory.garcia@customer.net,France,2022-10-19,Basic,992.29
3926,Kenneth Hunt,kenneth.hunt@example.com,USA,2024-04-12,Standard,3331.40
3927,Mary Thomas,mary.thomas@ecommerce.io,France,2023-01-05,Standard,1233.95
3928,Rhonda Johnson,rhonda.johnson@ecommerce.io,India,2020-09-30,Standard,4348.69
3929,Ronald Hernandez,ronald.hernandez@example.com,India,2022-03-06,Standard,1710.65
3930,Diana Perez,diana.perez@customer.net,Germany,2023-07-31,Basic,571.98
3931,Natasha Cruz,natasha.cruz@ecommerce.io,France,2021-11-01,Standard,4103.75
3932,Nicole Carson,nicole.carson@customer.net,Canada,2024-11-17,Basic,459.37
3933,Daniel Jackson,daniel.jackson@example.com,France,2022-06-10,Standard,3896.88
3934,Daniel Garcia,daniel.garcia@shopmail.com,USA,2023-06-04,Standard,1563.64
3935,Stephanie Howard,stephanie.howard@shopmail.com,UK,2020-06-02,Basic,273.98
3936,Christina Wilson,christina.wilson@example.com,USA,2021-08-05,Premium,12339.28
3937,Sandra Gillespie,sandra.gillespie@shopmail.com,India,2020-08-18,Standard,2125.62
3938,Paula Munoz,paula.munoz@example.com,USA,2022-08-22,Standard,4450.80
3939,Gregory Moreno,gregory.moreno@customer.net,France,2023-06-02,Standard,3376.25
3940,Carol Shelton,carol.shelton@example.com,Australia,2020-11-25,Standard,3054.75
3941,Edward Contreras,edward.contreras@example.com,USA,2021-03-25,Premium,44383.25
3942,Kevin Roth,kevin.roth@example.com,Australia,2023-11-10,Standard,3980.50
3943,Michael Garcia,michael.garcia@example.com,USA,2021-12-13,Basic,942.62
3944,Sabrina Stanley,sabrina.stanley@ecommerce.io,UK,2023-01-19,Basic,456.43
3945,Sarah Cochran,sarah.cochran@example.com,Canada,2023-07-17,Basic,141.77
3946,Jennifer Jones,jennifer.jones@ecommerce.io,UK,2024-12-20,Basic,576.51
3947,Aaron Fitzpatrick,aaron.fitzpatrick@example.com,Canada,2023-02-06,Standard,3756.45
3948,Edgar Rios,edgar.rios@shopmail.com,Australia,2024-05-13,Basic,608.10
3949,Luke Myers,luke.myers@example.com,Germany,2022-03-26,Standard,3135.93
3950,Jennifer Floyd,jennifer.floyd@customer.net,India,2022-06-12,Standard,4734.25
3951,Timothy Jones,timothy.jones@shopmail.com,India,2023-02-12,Basic,993.65
3952,Becky Moyer,becky.moyer@customer.net,Australia,2024-06-05,Standard,4531.06
3953,Joshua Davis,joshua.davis@customer.net,Germany,2024-03-09,Standard,1333.21
3954,Wanda White,wanda.white@example.com,Australia,2023-01-15,Standard,4652.20
3955,Paul Flores,paul.flores@customer.net,UK,2022-03-25,Basic,509.39
3956,Rodney Steele,rodney.steele@ecommerce.io,India,2020-08-10,Standard,1003.28
3957,Robert Leon,robert.leon@shopmail.com,Australia,2022-11-01,Premium,40599.59
3958,Mathew Pham,mathew.pham@shopmail.com,Australia,2023-05-31,Standard,1609.42
3959,Desiree Sanchez,desiree.sanchez@shopmail.com,Canada,2021-01-17,Standard,2844.35
3960,Robert Crawford,robert.crawford@example.com,France,2022-09-03,Standard,2301.47
3961,Amanda Patel,amanda.patel@example.com,Germany,2022-09-14,Basic,543.71
3962,Lori Cruz,lori.cruz@example.com,Germany,2024-03-27,Premium,33311.73
3963,Bianca Fisher,bianca.fisher@shopmail.com,USA,2023-07-24,Standard,4595.42
3964,Becky Steele,becky.steele@example.com,India,2023-09-01,Standard,4252.87
3965,Kaitlin Warner,kaitlin.warner@example.com,France,2020-09-17,Standard,2868.36
3966,Joe Smith,joe.smith@customer.net,USA,2022-08-01,Standard,4672.88
3967,Victoria Smith,victoria.smith@ecommerce.io,France,2022-05-08,Standard,3318.22
3968,Angela Rosario,angela.rosario@shopmail.com,France,2023-11-19,Standard,2195.63
3969,Samantha Brown,samantha.brown@shopmail.com,Australia,2023-10-15,Standard,1066.55
3970,Michael Allison,michael.allison@shopmail.com,Australia,2022-03-11,Basic,439.18
3971,Michelle Fuentes,michelle.fuentes@customer.net,France,2022-02-26,Standard,4054.88
3972,Kenneth Thomas,kenneth.thomas@ecommerce.io,France,2024-08-25,Standard,1376.80
3973,Melissa Bonilla,melissa.bonilla@shopmail.com,Canada,2023-06-17,Standard,3028.92
3974,Robin Sanchez,robin.sanchez@shopmail.com,Canada,2021-10-29,Standard,1894.06
3975,Maria Brown,maria.brown@customer.net,Australia,2023-07-27,Standard,1036.13
3976,Devin Hayden,devin.hayden@ecommerce.io,UK,2023-04-01,Standard,4446.61
3977,Jane Bennett,jane.bennett@ecommerce.io,Australia,2022-08-31,Premium,11422.37
3978,Anthony Hanna,anthony.hanna@customer.net,France,2021-09-15,Standard,1251.72
3979,Nathan Miles,nathan.miles@customer.net,Germany,2020-02-14,Standard,3249.74
3980,Elizabeth Jones,elizabeth.jones@customer.net,Canada,2023-11-05,Standard,3718.86
3981,Mary Harrell,mary.harrell@ecommerce.io,Australia,2023-06-19,Standard,4402.43
3982,Anthony Diaz,anthony.diaz@ecommerce.io,USA,2022-11-08,Standard,1774.16
3983,Christian Jones,christian.jones@ecommerce.io,USA,2022-04-21,Standard,2848.17
3984,Ashley Cervantes,ashley.cervantes@customer.net,France,2023-07-14,Standard,2373.45
3985,Edward White,edward.white@example.com,Germany,2021-08-22,Standard,4105.62
3986,Julia Adkins,julia.adkins@ecommerce.io,Canada,2021-10-09,Standard,1039.51
3987,Holly Evans,holly.evans@customer.net,USA,2021-10-31,Standard,4859.41
3988,Robert Rogers,robert.rogers@example.com,UK,2022-03-27,Premium,11279.34
3989,Kimberly Dominguez,kimberly.dominguez@customer.net,Germany,2021-08-16,Standard,3211.51
3990,Justin Moore,justin.moore@example.com,India,2023-01-19,Basic,261.23
3991,Nicole Johnson,nicole.johnson@ecommerce.io,Canada,2022-12-01,Standard,1417.50
3992,Karen Gordon,karen.gordon@shopmail.com,India,2023-09-25,Standard,4217.99
3993,Alex Wall,alex.wall@ecommerce.io,Australia,2024-07-26,Standard,3163.43
3994,Erin Liu,erin.liu@customer.net,Canada,2024-09-02,Standard,4418.44
3995,Angela Gallegos,angela.gallegos@ecommerce.io,Germany,2024-11-07,Basic,312.91
3996,Samantha Shaw,samantha.shaw@customer.net,India,2022-01-28,Premium,46183.94
3997,Jenna Henderson,jenna.henderson@shopmail.com,USA,2023-10-23,Premium,20521.10
3998,Eric Dudley,eric.dudley@customer.net,USA,2023-04-27,Standard,4554.42
3999,Adrienne Spence,adrienne.spence@ecommerce.io,Australia,2021-02-20,Basic,115.56
4000,David Lewis,david.lewis@ecommerce.io,Germany,2021-08-22,Basic,187.38
4001,Christine Robinson,christine.robinson@shopmail.com,India,2022-06-16,Standard,4914.99
4002,Isaiah Reese,isaiah.reese@ecommerce.io,Germany,2022-07-08,Standard,3277.93
4003,Anita Skinner,anita.skinner@customer.net,Australia,2020-02-09,Standard,3614.51
4004,Lisa Mcdonald,lisa.mcdonald@shopmail.com,Germany,2024-12-03,Standard,3570.96
4005,Lawrence May,lawrence.may@example.com,Australia,2024-03-16,Premium,14182.02
4006,Margaret Martin,margaret.martin@example.com,USA,2021-04-17,Standard,2085.53
4007,Linda Lucas,linda.lucas@ecommerce.io,UK,2023-05-16,Standard,3381.22
4008,James Rodriguez,james.rodriguez@customer.net,Canada,2023-09-24,Premium,20432.48
4009,Christian Morrison,christian.morrison@customer.net,India,2022-02-05,Standard,1659.34
4010,Melanie Johnson,melanie.johnson@customer.net,UK,2024-05-31,Basic,800.31
4011,Julian Weaver,julian.weaver@ecommerce.io,France,2023-05-08,Premium,24628.46
4012,Cameron Harper,cameron.harper@ecommerce.io,Germany,2024-04-22,Standard,1713.04
4013,Katherine Parker,katherine.parker@shopmail.com,USA,2023-06-01,Basic,107.12
4014,Andrea Little,andrea.little@ecommerce.io,Germany,2024-06-12,Standard,1117.60
4015,Antonio Adams,antonio.adams@customer.net,Germany,2021-09-13,Standard,3164.74
4016,Tiffany Cunningham,tiffany.cunningham@ecommerce.io,Canada,2023-05-08,Standard,1891.35
4017,Anne Tyler,anne.tyler@shopmail.com,USA,2024-10-02,Standard,4296.36
4018,Brandon Edwards,brandon.edwards@shopmail.com,Canada,2020-01-13,Standard,2956.40
4019,Sherry Smith,sherry.smith@shopmail.com,Canada,2021-11-13,Premium,37789.44
4020,Michael Campbell,michael.campbell@shopmail.com,Australia,2024-08-24,Standard,4447.41
4021,Raymond Lee,raymond.lee@example.com,Australia,2021-05-25,Standard,2577.55
4022,Karen Swanson,karen.swanson@example.com,India,2020-05-19,Standard,4717.18
4023,Terri Park,terri.park@shopmail.com,India,2023-08-03,Basic,228.87
4024,Connor Russell,connor.russell@customer.net,UK,2022-05-21,Basic,795.16
4025,Judith Garcia,judith.garcia@shopmail.com,France,2021-12-10,Standard,3222.74
4026,Lindsey Hernandez,lindsey.hernandez@ecommerce.io,France,2021-10-27,Basic,253.87
4027,Brenda Reyes,brenda.reyes@ecommerce.io,UK,2023-10-27,Standard,4366.79
4028,Brenda Christian,brenda.christian@ecommerce.io,USA,2022-04-11,Premium,10204.53
4029,Kelly Hernandez,kelly.hernandez@customer.net,Canada,2023-06-13,Standard,1336.13
4030,Steven Mcclure,steven.mcclure@ecommerce.io,USA,2022-12-19,Premium,43325.58
4031,Christopher Higgins,christopher.higgins@ecommerce.io,France,2020-07-08,Premium,16624.69
4032,Nicole Aguirre,nicole.aguirre@ecommerce.io,Germany,2021-04-16,Standard,4058.74
4033,Destiny Mack,destiny.mack@ecommerce.io,India,2020-10-16,Standard,2190.25
4034,Eugene Stuart,eugene.stuart@ecommerce.io,USA,2024-09-02,Basic,810.52
4035,Zachary Chandler,zachary.chandler@ecommerce.io,France,2021-09-06,Standard,3809.31
4036,Denise Conrad,denise.conrad@customer.net,UK,2021-06-16,Basic,360.45
4037,Matthew Floyd,matthew.floyd@shopmail.com,USA,2021-11-13,Basic,308.23
4038,Matthew Ward,matthew.ward@example.com,UK,2021-02-03,Standard,1499.25
4039,Melissa Jordan,melissa.jordan@example.com,India,2024-05-31,Standard,1274.59
4040,Pamela Schroeder,pamela.schroeder@shopmail.com,Germany,2020-03-17,Standard,3051.92
4041,Paul Clark,paul.clark@shopmail.com,India,2023-02-14,Standard,1273.27
4042,Cheryl Jones,cheryl.jones@customer.net,France,2022-08-31,Basic,276.67
4043,Elijah Burton,elijah.burton@customer.net,UK,2021-10-09,Standard,3737.08
4044,Tyler Ballard,tyler.ballard@example.com,Germany,2023-11-17,Standard,2222.92
4045,Douglas Harrell,douglas.harrell@shopmail.com,Canada,2024-02-01,Standard,1905.70
4046,Amy Novak,amy.novak@example.com,USA,2022-11-14,Basic,608.07
4047,Kimberly Miller,kimberly.miller@customer.net,Australia,2022-09-06,Premium,13459.62
4048,Clinton Edwards,clinton.edwards@customer.net,Germany,2020-06-28,Standard,3940.88
4049,Sarah Martin,sarah.martin@customer.net,UK,2023-04-28,Standard,4236.29
4050,Joshua Cox,joshua.cox@example.com,Canada,2021-04-04,Standard,1839.60
4051,Christopher White,christopher.white@ecommerce.io,Germany,2023-07-12,Standard,4175.47
4052,Kelsey Scott,kelsey.scott@ecommerce.io,USA,2023-06-02,Standard,3350.17
4053,Thomas Scott,thomas.scott@example.com,Australia,2020-03-16,Standard,1448.66
4054,Nancy Santos,nancy.santos@ecommerce.io,Germany,2021-04-11,Standard,3309.76
4055,Donald Martinez,donald.martinez@shopmail.com,India,2023-11-01,Standard,3835.48
4056,Ashley Williams,ashley.williams@example.com,France,2023-05-02,Premium,23431.94
4057,Michele Morales,michele.morales@ecommerce.io,UK,2023-08-25,Standard,2179.24
4058,Melody Stark,melody.stark@ecommerce.io,France,2024-03-18,Standard,4756.65
4059,David Richardson,david.richardson@customer.net,France,2022-01-29,Basic,494.24
4060,Megan Crane,megan.crane@ecommerce.io,India,2024-05-06,Standard,4559.33
4061,Nathaniel Fleming,nathaniel.fleming@ecommerce.io,India,2022-11-30,Standard,1505.67
4062,William Baker,william.baker@example.com,India,2023-04-28,Standard,1205.37
4063,Nancy Fleming,nancy.fleming@customer.net,Australia,2023-04-10,Premium,25824.23
4064,Christine Schneider,christine.schneider@example.com,India,2020-10-08,Standard,2196.96
4065,Joyce Sanchez,joyce.sanchez@customer.net,USA,2022-08-04,Standard,1057.55
4066,Lori Smith,lori.smith@ecommerce.io,Canada,2021-11-04,Standard,4243.54
4067,Melissa Roberts,melissa.roberts@shopmail.com,Germany,2022-10-13,Basic,784.49
4068,Eric Ross,eric.ross@customer.net,France,2020-08-02,Premium,8735.01
4069,Charles Price,charles.price@example.com,UK,2022-12-17,Basic,552.50
4070,Steven Davis,steven.davis@example.com,India,2020-06-16,Basic,620.31
4071,Steven Day,steven.day@customer.net,India,2023-01-08,Standard,1319.15
4072,Rachel Marshall,rachel.marshall@ecommerce.io,France,2020-01-24,Basic,898.76
4073,Christopher Dennis,christopher.dennis@shopmail.com,India,2020-08-03,Premium,25038.27
4074,Samantha Nielsen,samantha.nielsen@ecommerce.io,Canada,2020-10-29,Standard,3241.10
4075,Kayla Gonzalez,kayla.gonzalez@customer.net,France,2021-03-01,Standard,1884.04
4076,Mark Stewart,mark.stewart@example.com,Australia,2024-08-24,Basic,691.29
4077,Wendy Tucker,wendy.tucker@example.com,India,2024-01-18,Basic,518.21
4078,Jacqueline Alvarez,jacqueline.alvarez@ecommerce.io,UK,2020-09-16,Basic,706.00
4079,Joshua Johnson,joshua.johnson@example.com,USA,2023-03-24,Premium,15850.90
4080,Eric Harrison,eric.harrison@example.com,UK,2024-10-22,Standard,3130.55
4081,Danielle Flores,danielle.flores@customer.net,Canada,2020-10-02,Basic,681.69
4082,Anthony Burke,anthony.burke@example.com,UK,2024-01-21,Standard,2706.37
4083,Omar Mayer,omar.mayer@ecommerce.io,India,2022-12-31,Standard,4190.40
4084,Michael Jordan,michael.jordan@example.com,USA,2021-08-03,Basic,394.97
4085,Thomas Brown,thomas.brown@ecommerce.io,UK,2024-01-03,Basic,514.93
4086,Miranda Cisneros,miranda.cisneros@ecommerce.io,Australia,2024-06-16,Standard,4148.07
4087,Gabriela Nelson,gabriela.nelson@customer.net,India,2022-04-03,Standard,1559.44
4088,Cynthia Miller,cynthia.miller@shopmail.com,Australia,2021-12-15,Standard,3038.63
4089,Chad Sullivan,chad.sullivan@shopmail.com,UK,2021-12-24,Standard,1967.98
4090,Kenneth Joseph,kenneth.joseph@example.com,Australia,2021-11-14,Standard,3178.21
4091,Monica Warren,monica.warren@customer.net,USA,2022-01-21,Basic,669.58
4092,Elizabeth Green,elizabeth.green@shopmail.com,USA,2023-08-25,Standard,2337.25
4093,Maria Davis,maria.davis@customer.net,UK,2023-04-12,Standard,2949.37
4094,Rachel Peterson,rachel.peterson@ecommerce.io,India,2024-12-01,Premium,10206.06
4095,Karen Martin,karen.martin@shopmail.com,Germany,2023-10-22,Standard,3453.78
4096,Michael Barnes,michael.barnes@shopmail.com,Germany,2022-09-22,Standard,1726.84
4097,Thomas Barker,thomas.barker@shopmail.com,France,2023-05-02,Premium,23982.09
4098,Ethan Horton,ethan.horton@customer.net,Germany,2020-01-10,Basic,408.80
4099,Michael Schwartz,michael.schwartz@shopmail.com,France,2020-06-17,Standard,2510.84
4100,Paul Smith,paul.smith@example.com,India,2023-12-14,Standard,3731.83
4101,Krista Harper,krista.harper@example.com,France,2023-11-27,Premium,25782.22
4102,Christian Contreras,christian.contreras@shopmail.com,Canada,2023-01-01,Basic,884.97
4103,Christina Morris,christina.morris@ecommerce.io,Germany,2024-08-23,Standard,2062.40
4104,Valerie Mcmillan,valerie.mcmillan@example.com,USA,2021-01-21,Basic,702.35
4105,Julia Doyle,julia.doyle@shopmail.com,Germany,2021-03-14,Standard,1033.09
4106,Leslie Hernandez,leslie.hernandez@customer.net,UK,2022-05-14,Premium,11044.44
4107,Stephen Hernandez,stephen.hernandez@example.com,Canada,2023-07-21,Basic,333.25
4108,Michelle Wilson,michelle.wilson@example.com,France,2024-03-26,Standard,3316.05
4109,Tara Russell,tara.russell@shopmail.com,USA,2023-03-24,Standard,2647.05
4110,Abigail Smith,abigail.smith@customer.net,Germany,2022-04-03,Basic,334.11
4111,Shannon Wall,shannon.wall@example.com,France,2020-12-21,Basic,255.82
4112,David Cole,david.cole@ecommerce.io,France,2022-11-08,Standard,2817.38
4113,Tara Davis,tara.davis@ecommerce.io,India,2021-12-19,Standard,1447.54
4114,Jeffery Werner,jeffery.werner@ecommerce.io,France,2024-03-13,Basic,903.48
4115,Robert Payne,robert.payne@customer.net,USA,2022-07-17,Premium,16964.69
4116,Gabriel Gray,gabriel.gray@customer.net,India,2023-02-06,Premium,48193.50
4117,Michael Farley,michael.farley@example.com,India,2022-02-24,Basic,855.23
4118,Teresa Ray,teresa.ray@example.com,UK,2021-09-16,Basic,952.40
4119,Alexis Cervantes,alexis.cervantes@example.com,France,2022-10-07,Standard,1822.19
4120,Allen Mosley,allen.mosley@ecommerce.io,France,2021-03-31,Standard,3929.19
4121,Wayne Parrish,wayne.parrish@ecommerce.io,India,2022-08-30,Standard,2798.03
4122,Holly Banks,holly.banks@example.com,UK,2024-01-09,Basic,107.59
4123,Stephen Jenkins,stephen.jenkins@example.com,Canada,2021-01-30,Premium,28069.30
4124,Michael Daniels,michael.daniels@customer.net,USA,2021-01-16,Standard,3179.80
4125,Alexandra Hubbard,alexandra.hubbard@ecommerce.io,Canada,2024-05-31,Standard,1667.43
4126,Daniel Thompson,daniel.thompson@ecommerce.io,USA,2023-09-03,Premium,43132.21
4127,Ross Thompson,ross.thompson@shopmail.com,USA,2023-06-05,Basic,131.37
4128,Brooke Daniels,brooke.daniels@customer.net,Germany,2020-10-01,Standard,1029.29
4129,Patrick Bruce,patrick.bruce@example.com,USA,2020-04-25,Basic,736.55
4130,Haley Kim,haley.kim@ecommerce.io,USA,2023-03-03,Standard,1860.37
4131,Justin Oliver,justin.oliver@shopmail.com,India,2023-02-02,Standard,3572.99
4132,Sara Vincent,sara.vincent@customer.net,Australia,2023-06-15,Premium,18930.49
4133,Wanda Shaffer,wanda.shaffer@shopmail.com,UK,2024-03-17,Basic,349.34
4134,Dale Banks,dale.banks@example.com,France,2024-02-04,Basic,761.84
4135,Christina Jenkins,christina.jenkins@customer.net,Canada,2024-11-07,Standard,4733.21
4136,Tyler Walton,tyler.walton@shopmail.com,UK,2022-02-03,Standard,1312.51
4137,Sara Garcia,sara.garcia@ecommerce.io,India,2020-10-22,Standard,1742.09
4138,Sean Perkins,sean.perkins@shopmail.com,UK,2022-05-08,Premium,9485.55
4139,Antonio Roberts,antonio.roberts@example.com,USA,2021-01-29,Standard,2221.92
4140,Robert Walker,robert.walker@example.com,Australia,2022-02-20,Standard,1860.45
4141,Shawn James,shawn.james@shopmail.com,France,2022-03-28,Standard,2794.60
4142,James Harrison,james.harrison@example.com,UK,2024-05-14,Standard,1140.59
4143,David Ponce,david.ponce@shopmail.com,Germany,2024-07-01,Standard,2656.42
4144,Robin Gutierrez,robin.gutierrez@ecommerce.io,UK,2022-04-18,Premium,48129.63
4145,Lori Padilla,lori.padilla@example.com,Canada,2022-08-10,Standard,2903.18
4146,Joyce Smith,joyce.smith@example.com,USA,2022-10-10,Standard,1973.58
4147,Nicholas Walker,nicholas.walker@example.com,USA,2024-06-23,Standard,2845.58
4148,Justin Hobbs,justin.hobbs@example.com,UK,2024-03-21,Standard,4114.77
4149,Joseph Roberson,joseph.roberson@shopmail.com,UK,2020-07-10,Standard,1436.63
4150,Laura Perry,laura.perry@customer.net,France,2020-03-25,Standard,3972.98
4151,John Mccullough,john.mccullough@example.com,Australia,2022-03-09,Standard,2982.46
4152,Robert Smith,robert.smith@example.com,India,2024-08-13,Premium,16424.86
4153,Eric Brooks,eric.brooks@ecommerce.io,Australia,2022-04-14,Basic,813.11
4154,Lisa Wilkins,lisa.wilkins@example.com,France,2020-12-08,Basic,592.44
4155,Carol Rogers,carol.rogers@example.com,Germany,2024-09-04,Basic,105.66
4156,Susan Haney,susan.haney@shopmail.com,Germany,2020-04-20,Standard,4933.00
4157,John Beltran,john.beltran@shopmail.com,India,2021-09-09,Premium,18191.11
4158,James Newman,james.newman@shopmail.com,UK,2022-01-08,Basic,229.80
4159,Maria Solis,maria.solis@example.com,UK,2021-12-02,Standard,1724.33
4160,Becky Anderson,becky.anderson@ecommerce.io,India,2020-06-17,Basic,227.72
4161,Daisy Madden,daisy.madden@example.com,France,2021-07-10,Basic,374.58
4162,Glenn Strong,glenn.strong@customer.net,UK,2022-02-08,Basic,655.32
4163,Zachary Kim,zachary.kim@shopmail.com,Germany,2023-08-06,Standard,3502.04
4164,Cory Owen,cory.owen@shopmail.com,UK,2022-08-21,Standard,2635.90
4165,William Welch,william.welch@ecommerce.io,Australia,2023-02-15,Standard,1096.43
4166,Kristen Cameron,kristen.cameron@shopmail.com,Canada,2021-12-07,Basic,844.45
4167,Courtney Green,courtney.green@ecommerce.io,USA,2022-02-21,Standard,1148.22
4168,Angela Fry,angela.fry@example.com,Canada,2023-01-04,Premium,31164.90
4169,James Davis,james.davis@shopmail.com,India,2022-05-30,Basic,586.44
4170,Samuel Fuller,samuel.fuller@ecommerce.io,Australia,2023-05-27,Standard,4209.33
4171,Brittney Johnson,brittney.johnson@ecommerce.io,Germany,2023-02-12,Basic,485.16
4172,Jasmine Knapp,jasmine.knapp@customer.net,UK,2021-03-14,Basic,517.25
4173,Christian Reyes,christian.reyes@example.com,France,2022-12-12,Basic,342.31
4174,Julia Anderson,,France,2024-03-14,Standard,1922.89
4175,Shawn Welch,shawn.welch@example.com,France,2020-08-12,Basic,614.70
4176,Michael Allen,michael.allen@shopmail.com,USA,2022-06-14,Standard,2203.10
4177,Rachael Phillips,rachael.phillips@shopmail.com,Germany,2023-05-30,Premium,48287.65
4178,Amanda Sanchez,amanda.sanchez@shopmail.com,India,2021-10-29,Standard,4918.59
4179,Kimberly Hartman,kimberly.hartman@ecommerce.io,France,2022-06-14,Standard,2081.68
4180,Kaylee Hopkins,kaylee.hopkins@example.com,France,2020-11-19,Basic,205.54
4181,Joshua Donovan,joshua.donovan@customer.net,Canada,2021-07-15,Standard,2726.77
4182,Courtney Little,courtney.little@example.com,UK,2020-05-15,Premium,49904.20
4183,Beth Garcia,beth.garcia@customer.net,Australia,2024-02-29,Premium,11677.30
4184,Stephen Carlson,stephen.carlson@ecommerce.io,USA,2024-12-04,Premium,14366.18
4185,Daniel Campbell,daniel.campbell@example.com,USA,2020-02-07,Standard,3194.17
4186,Patricia Davis,patricia.davis@ecommerce.io,Australia,2024-01-02,Standard,4976.26
4187,Troy Ward,troy.ward@example.com,France,2020-01-10,Standard,1013.43
4188,Mary Myers,mary.myers@example.com,USA,2021-05-31,Standard,1476.44
4189,Travis Johnson,travis.johnson@example.com,France,2024-10-18,Basic,865.36
4190,Charles Chung,charles.chung@shopmail.com,India,2021-04-26,Standard,1555.45
4191,Charles Mcdaniel,charles.mcdaniel@customer.net,Australia,2024-08-30,Standard,3327.89
4192,Nicholas Edwards,nicholas.edwards@customer.net,Australia,2024-01-07,Standard,3471.10
4193,Rebekah Stokes,rebekah.stokes@ecommerce.io,Canada,2023-01-17,Standard,4955.97
4194,Hector Smith,hector.smith@customer.net,Germany,2021-06-12,Basic,449.66
4195,Guy Bradley,guy.bradley@example.com,France,2024-07-29,Premium,42852.09
4196,Catherine Johnson,,Australia,2021-03-24,Standard,1996.16
4197,Theresa Chaney,theresa.chaney@example.com,Australia,2024-09-06,Premium,15994.33
4198,Timothy Mendez,timothy.mendez@example.com,France,2024-12-12,Standard,1340.65
4199,Amy Moore,amy.moore@ecommerce.io,Australia,2021-06-14,Premium,19837.67
4200,Judy House,judy.house@ecommerce.io,UK,2020-02-07,Premium,13510.07
4201,James Johnson,james.johnson@example.com,USA,2022-01-13,Standard,1813.81
4202,Andrew Hunt,andrew.hunt@ecommerce.io,Germany,2022-04-21,Basic,126.97
4203,Edwin Camacho,edwin.camacho@ecommerce.io,Canada,2023-04-06,Standard,4562.28
4204,Danny Robinson,danny.robinson@customer.net,Germany,2022-06-23,Standard,1593.08
4205,Mark Robinson,mark.robinson@example.com,France,2020-10-09,Premium,17014.85
4206,Jessica Case,jessica.case@example.com,India,2020-10-12,Standard,3825.36
4207,Joseph Olson,joseph.olson@example.com,Australia,2022-11-04,Standard,1608.83
4208,Stephanie Bailey,stephanie.bailey@shopmail.com,France,2022-07-03,Premium,31840.86
4209,Andrea Phillips,andrea.phillips@example.com,UK,2024-12-29,Basic,451.97
4210,Julie Simpson,julie.simpson@ecommerce.io,France,2024-12-22,Premium,8151.25
4211,William Ross,william.ross@ecommerce.io,UK,2022-08-15,Standard,1909.61
4212,James Thompson,james.thompson@shopmail.com,Germany,2021-09-30,Basic,243.79
4213,Gloria Clay,gloria.clay@ecommerce.io,Germany,2020-02-05,Basic,107.58
4214,Juan Long,juan.long@example.com,India,2023-02-20,Premium,47768.80
4215,Brandy Miranda,brandy.miranda@ecommerce.io,USA,2023-01-29,Standard,1464.78
4216,Larry Bauer,larry.bauer@example.com,Australia,2020-12-27,Standard,4145.21
4217,Stephanie Freeman,stephanie.freeman@ecommerce.io,France,2020-02-06,Basic,358.18
4218,Nicole Henderson,nicole.henderson@customer.net,USA,2024-12-14,Basic,128.54
4219,Julie Cabrera,julie.cabrera@shopmail.com,UK,2020-04-23,Standard,2058.01
4220,Cindy Lawson,cindy.lawson@example.com,USA,2020-09-18,Standard,3246.23
4221,Ruben Bradley,ruben.bradley@customer.net,USA,2020-03-01,Standard,1358.92
4222,Nathaniel Chen,nathaniel.chen@shopmail.com,UK,2020-09-17,Basic,611.02
4223,Caleb Jackson,caleb.jackson@customer.net,USA,2021-12-19,Basic,180.61
4224,Arthur Dixon,arthur.dixon@ecommerce.io,France,2024-01-04,Premium,21841.76
4225,Brenda Carter,brenda.carter@customer.net,Germany,2024-03-18,Standard,2300.41
4226,Margaret Newman,margaret.newman@ecommerce.io,Canada,2022-02-20,Basic,752.87
4227,Tammy Bell,tammy.bell@ecommerce.io,Australia,2020-12-29,Basic,904.45
4228,Anthony White,anthony.white@customer.net,UK,2024-10-11,Basic,670.61
4229,Marcus Gibbs,marcus.gibbs@example.com,USA,2023-06-27,Standard,1352.45
4230,Michael Jones,michael.jones@ecommerce.io,Germany,2024-01-12,Standard,3974.09
4231,Diane Watson,diane.watson@shopmail.com,Australia,2021-09-25,Standard,2967.27
4232,Kimberly Martinez,kimberly.martinez@shopmail.com,Canada,2023-02-17,Premium,48249.61
4233,Lucas Smith,lucas.smith@customer.net,France,2020-12-12,Premium,12343.19
4234,Mark Marshall,mark.marshall@example.com,Australia,2023-10-23,Standard,1504.87
4235,Laura Roach,laura.roach@shopmail.com,Germany,2022-07-16,Standard,4947.46
4236,Anna Cruz,anna.cruz@customer.net,Australia,2024-07-15,Standard,2549.71
4237,Carolyn Rose,carolyn.rose@customer.net,UK,2024-10-18,Standard,1520.09
4238,Dakota Ramirez,dakota.ramirez@customer.net,Germany,2024-10-11,Basic,591.20
4239,Cathy Ware,cathy.ware@ecommerce.io,India,2023-07-01,Standard,2173.81
4240,Michelle Jones,michelle.jones@example.com,Australia,2020-11-22,Standard,3312.72
4241,Patricia Fisher,patricia.fisher@ecommerce.io,USA,2020-03-15,Standard,2651.12
4242,Katelyn Stewart,katelyn.stewart@ecommerce.io,France,2023-03-04,Basic,535.04
4243,Luke Gonzalez,luke.gonzalez@shopmail.com,UK,2021-04-26,Standard,2252.83
4244,Leah Jimenez,leah.jimenez@shopmail.com,Canada,2020-04-19,Standard,2228.95
4245,Veronica Fisher,veronica.fisher@customer.net,France,2020-11-08,Standard,4789.90
4246,David Jackson,david.jackson@ecommerce.io,India,2023-07-28,Premium,24477.06
4247,Mark Reyes,mark.reyes@ecommerce.io,UK,2021-12-31,Standard,2027.11
4248,Barbara Mitchell,barbara.mitchell@example.com,Germany,2023-09-13,Basic,721.86
4249,Dawn Chase,dawn.chase@example.com,India,2020-09-10,Basic,190.97
4250,Vanessa Buck,vanessa.buck@customer.net,India,2021-02-04,Basic,592.03
4251,Justin Skinner,justin.skinner@shopmail.com,Germany,2021-05-25,Premium,5113.47
4252,Richard Huang,richard.huang@shopmail.com,Canada,2021-04-06,Standard,2349.45
4253,Samantha Williams,samantha.williams@ecommerce.io,France,2024-11-25,Standard,4456.00
4254,Deanna Jones,deanna.jones@example.com,France,2022-11-24,Basic,349.50
4255,Cody Lang,cody.lang@example.com,Germany,2022-04-09,Basic,333.70
4256,Jennifer Hill,jennifer.hill@ecommerce.io,India,2020-07-20,Basic,834.90
4257,Karen Ross,karen.ross@shopmail.com,USA,2020-11-25,Basic,833.66
4258,Angela Edwards,angela.edwards@shopmail.com,Australia,2024-03-15,Standard,2115.86
4259,Cheryl Long,cheryl.long@shopmail.com,UK,2024-11-02,Basic,126.38
4260,Heather Gibson,heather.gibson@example.com,Canada,2023-06-05,Basic,769.58
4261,Melinda Coffey,melinda.coffey@example.com,India,2021-05-05,Standard,2986.69
4262,David Brooks,david.brooks@customer.net,USA,2020-04-29,Premium,14118.61
4263,Christine Johnson,christine.johnson@shopmail.com,USA,2023-05-02,Premium,25102.48
4264,Brandon Smith,brandon.smith@example.com,USA,2020-07-02,Basic,826.83
4265,Daniel Morris,daniel.morris@example.com,UK,2021-09-01,Premium,46354.26
4266,Grace Graham,grace.graham@example.com,UK,2020-08-07,Standard,4000.85
4267,George Lee,george.lee@example.com,France,2024-08-11,Standard,2866.54
4268,Rachel Wood,rachel.wood@customer.net,USA,2024-05-17,Standard,3996.86
4269,Rebecca Mayo,rebecca.mayo@customer.net,UK,2024-04-06,Basic,988.93
4270,Sarah Parrish,sarah.parrish@example.com,Australia,2022-11-05,Standard,2033.48
4271,Jordan Glover,jordan.glover@ecommerce.io,India,2023-07-26,Standard,2866.64
4272,Daniel Valentine,daniel.valentine@ecommerce.io,USA,2023-07-11,Standard,1481.92
4273,Charles Murphy,charles.murphy@customer.net,Canada,2021-04-02,Standard,2350.79
4274,Cheyenne Burnett,cheyenne.burnett@example.com,USA,2022-08-25,Premium,46518.08
4275,Joseph Jackson,joseph.jackson@customer.net,France,2024-03-05,Standard,1013.85
4276,Devin Murray,devin.murray@customer.net,France,2024-04-06,Premium,7530.71
4277,David Atkins,david.atkins@example.com,Germany,2020-08-04,Standard,2707.01
4278,Karen Barron,karen.barron@example.com,India,2023-06-14,Standard,2879.93
4279,Tammy Gutierrez,tammy.gutierrez@shopmail.com,UK,2023-10-18,Basic,636.15
4280,Sean Martinez,sean.martinez@customer.net,Canada,2022-09-12,Basic,541.37
4281,Allison Lane,allison.lane@shopmail.com,Germany,2021-11-24,Premium,42687.56
4282,Donna Bray,donna.bray@customer.net,France,2024-11-03,Premium,9771.91
4283,Marc Simon,marc.simon@shopmail.com,India,2021-08-10,Basic,592.33
4284,Jeremiah Baker,jeremiah.baker@ecommerce.io,India,2021-12-21,Standard,2862.09
4285,Kenneth Miller,kenneth.miller@example.com,USA,2020-12-13,Basic,686.20
4286,Angelica Salas,angelica.salas@ecommerce.io,UK,2024-06-23,Standard,4072.13
4287,Donna Moss,donna.moss@customer.net,UK,2020-11-28,Standard,4881.11
4288,Jamie Miller,jamie.miller@example.com,India,2022-02-26,Premium,32110.92
4289,Teresa Brown,teresa.brown@ecommerce.io,India,2022-07-22,Basic,333.62
4290,Alexander Robinson,alexander.robinson@example.com,Germany,2024-06-28,Standard,2769.94
4291,Lori Lopez,lori.lopez@example.com,Germany,2023-06-23,Standard,3760.37
4292,Dan Clark,dan.clark@ecommerce.io,Australia,2024-03-13,Standard,4758.41
4293,Brittany Rose,brittany.rose@example.com,Canada,2020-04-22,Basic,762.22
4294,Michele Hodges,michele.hodges@ecommerce.io,India,2020-10-24,Basic,449.56
4295,Larry Gibson,larry.gibson@example.com,UK,2021-02-08,Premium,21379.04
4296,Eric Wagner,eric.wagner@ecommerce.io,India,2020-11-16,Basic,353.86
4297,Robin Robinson,robin.robinson@example.com,France,2023-01-07,Standard,4462.81
4298,Michael Hester,michael.hester@ecommerce.io,France,2024-10-17,Standard,2171.34
4299,Miranda Palmer,miranda.palmer@example.com,USA,2021-09-09,Premium,46079.36
4300,Kimberly Lopez,kimberly.lopez@example.com,India,2020-02-01,Basic,384.75
4301,Joshua Martin,joshua.martin@shopmail.com,USA,2022-01-24,Standard,4646.37
4302,Kurt Kane,kurt.kane@ecommerce.io,India,2024-07-11,Standard,3857.23
4303,Deborah Thomas,deborah.thomas@ecommerce.io,Germany,2023-12-31,Basic,814.77
4304,Nancy Mcgee,nancy.mcgee@ecommerce.io,UK,2021-09-26,Standard,3199.80
4305,John Shannon,john.shannon@ecommerce.io,USA,2024-08-06,Premium,10332.12
4306,Jacob Johnson,jacob.johnson@customer.net,Germany,2021-06-15,Basic,791.84
4307,Dorothy Chavez,dorothy.chavez@customer.net,India,2020-09-07,Premium,19402.58
4308,Joseph Mcintosh,joseph.mcintosh@ecommerce.io,Canada,2024-03-04,Standard,4059.67
4309,Christopher Reynolds,christopher.reynolds@shopmail.com,France,2024-04-26,Basic,168.72
4310,Edward Shaw,edward.shaw@customer.net,Canada,2024-07-11,Standard,1393.92
4311,William Brown,william.brown@ecommerce.io,India,2023-02-26,Standard,2991.00
4312,Joseph Davis,joseph.davis@ecommerce.io,Canada,2020-11-12,Premium,21937.12
4313,Deborah Dennis,deborah.dennis@example.com,India,2023-10-07,Basic,830.89
4314,Roberto Carter,,Australia,2022-02-24,Standard,1075.44
4315,Richard Wheeler,richard.wheeler@ecommerce.io,Germany,2024-04-02,Standard,3952.58
4316,Alyssa Snyder,alyssa.snyder@ecommerce.io,Germany,2024-05-02,Basic,516.32
4317,Ryan Maldonado,ryan.maldonado@ecommerce.io,USA,2022-06-23,Premium,9578.55
4318,Debbie Haley,debbie.haley@example.com,India,2022-10-21,Standard,2855.38
4319,Jeffrey Brown,jeffrey.brown@ecommerce.io,India,2023-08-28,Standard,2922.74
4320,Austin Adams,austin.adams@shopmail.com,Germany,2023-09-23,Basic,750.39
4321,Cameron Garcia,cameron.garcia@customer.net,Canada,2021-09-20,Standard,4914.80
4322,Jeremy Oliver,jeremy.oliver@shopmail.com,Germany,2021-08-30,Standard,4285.35
4323,Jennifer Myers,jennifer.myers@ecommerce.io,Australia,2022-07-29,Basic,704.55
4324,Craig Gross,craig.gross@shopmail.com,France,2020-12-19,Standard,2329.32
4325,Natasha Adams,natasha.adams@customer.net,Australia,2022-12-17,Basic,462.54
4326,Jamie Floyd,jamie.floyd@customer.net,UK,2023-02-10,Premium,28228.75
4327,Michael Roberts,michael.roberts@example.com,Germany,2022-05-03,Standard,2714.44
4328,Caitlyn Gross,caitlyn.gross@customer.net,Australia,2022-02-11,Premium,35743.67
4329,Clinton Gordon,clinton.gordon@example.com,India,2024-09-05,Premium,36788.31
4330,Jackie Woods,jackie.woods@shopmail.com,Australia,2023-01-28,Basic,970.21
4331,Kevin Knox,kevin.knox@customer.net,Australia,2020-10-10,Standard,2432.54
4332,John Edwards,john.edwards@customer.net,Australia,2022-10-29,Premium,42615.30
4333,Chad Lopez,chad.lopez@customer.net,Australia,2023-11-22,Standard,1120.84
4334,Rachel Thomas,rachel.thomas@customer.net,France,2023-10-23,Standard,1935.02
4335,Alexander Wells,alexander.wells@ecommerce.io,India,2022-01-28,Premium,39983.93
4336,Matthew Thompson,matthew.thompson@ecommerce.io,India,2020-02-22,Standard,3749.22
4337,Joseph Jones,joseph.jones@shopmail.com,Germany,2021-02-13,Basic,619.94
4338,Erin Castaneda,erin.castaneda@ecommerce.io,France,2024-10-14,Basic,504.43
4339,Brooke Montes,brooke.montes@example.com,Canada,2021-01-27,Basic,713.63
4340,Brandy Freeman,brandy.freeman@customer.net,Germany,2020-04-28,Basic,763.07
4341,John Rodriguez,john.rodriguez@customer.net,Germany,2023-12-26,Standard,2356.00
4342,Lori Bradley,lori.bradley@customer.net,India,2020-06-06,Standard,3346.79
4343,Veronica Conley,veronica.conley@shopmail.com,India,2024-05-19,Basic,574.27
4344,Alicia Jackson,alicia.jackson@shopmail.com,Germany,2021-03-06,Premium,43714.10
4345,Dwayne Davis,dwayne.davis@shopmail.com,Germany,2024-02-01,Basic,285.62
4346,Kevin Fitzgerald,kevin.fitzgerald@shopmail.com,UK,2023-08-10,Premium,11625.13
4347,Shaun Navarro,shaun.navarro@example.com,India,2022-08-09,Premium,42355.95
4348,Veronica Scott,veronica.scott@customer.net,Germany,2023-05-27,Standard,1482.77
4349,Tom Diaz,tom.diaz@customer.net,UK,2020-04-27,Standard,4117.75
4350,Alexander Gomez,alexander.gomez@ecommerce.io,USA,2021-08-14,Premium,17069.22
4351,Jennifer Vance,jennifer.vance@shopmail.com,USA,2022-02-06,Standard,1702.89
4352,Kim Vincent,kim.vincent@customer.net,France,2020-01-17,Premium,14329.87
4353,Rachel Larson,rachel.larson@shopmail.com,UK,2020-03-01,Basic,908.64
4354,Daniel Jennings,daniel.jennings@example.com,USA,2024-12-28,Basic,339.53
4355,Jessica Smith,jessica.smith@ecommerce.io,Germany,2024-08-24,Standard,1309.73
4356,Tiffany Chase,,India,2020-05-26,Standard,2802.31
4357,Donna Thomas,donna.thomas@example.com,UK,2024-07-09,Basic,998.01
4358,Tyler Sanchez,tyler.sanchez@shopmail.com,Germany,2024-12-21,Standard,4114.13
4359,Joyce Mcpherson,joyce.mcpherson@example.com,USA,2021-08-19,Basic,624.97
4360,Michael Garner,michael.garner@customer.net,India,2022-07-28,Standard,1734.16
4361,James Blevins,james.blevins@customer.net,France,2021-04-03,Basic,867.53
4362,Danielle Sheppard,danielle.sheppard@customer.net,UK,2023-02-27,Basic,350.77
4363,Natalie Shelton,natalie.shelton@shopmail.com,France,2020-01-11,Standard,3159.72
4364,Rachel Cole,rachel.cole@example.com,Australia,2022-03-25,Basic,780.61
4365,Susan Rose,susan.rose@example.com,UK,2024-12-09,Standard,2399.18
4366,Joseph Shelton,joseph.shelton@ecommerce.io,USA,2023-12-02,Basic,643.26
4367,Pamela Myers,pamela.myers@shopmail.com,UK,2022-08-04,Basic,730.64
4368,Robert Mcknight,robert.mcknight@customer.net,UK,2023-01-12,Basic,875.06
4369,Kyle Williams,kyle.williams@example.com,India,2022-03-04,Premium,14999.39
4370,Abigail Cooper,abigail.cooper@ecommerce.io,India,2023-02-27,Standard,4268.42
4371,Cheryl Hamilton,cheryl.hamilton@customer.net,Australia,2022-05-09,Premium,25365.31
4372,Spencer Donaldson,spencer.donaldson@shopmail.com,Germany,2024-11-02,Standard,1664.82
4373,Laura Roberts,laura.roberts@ecommerce.io,UK,2023-04-19,Standard,2957.01
4374,Tara Porter,tara.porter@ecommerce.io,USA,2022-07-16,Standard,3891.14
4375,Gina Owens,gina.owens@customer.net,Canada,2024-07-29,Standard,1011.16
4376,Edward Levy,edward.levy@ecommerce.io,India,2022-04-25,Basic,861.84
4377,Cindy Beck,cindy.beck@example.com,France,2020-01-21,Premium,34929.83
4378,Kevin Roberts,kevin.roberts@shopmail.com,France,2020-04-05,Basic,249.31
4379,Lauren Smith,lauren.smith@ecommerce.io,India,2024-08-17,Basic,950.05
4380,Blake Campbell,blake.campbell@shopmail.com,France,2020-03-07,Basic,351.54
4381,Brittany Brown,brittany.brown@example.com,France,2021-04-06,Standard,1693.41
4382,Kevin Jordan,kevin.jordan@shopmail.com,UK,2021-02-26,Premium,12799.09
4383,Donna Smith,donna.smith@shopmail.com,Canada,2020-05-17,Basic,136.66
4384,John Bell,john.bell@ecommerce.io,Canada,2024-10-13,Basic,976.08
4385,Justin Trevino,justin.trevino@shopmail.com,Canada,2021-08-03,Premium,19785.24
4386,Elizabeth Mack,elizabeth.mack@example.com,UK,2024-10-17,Basic,464.34
4387,Eric Miller,eric.miller@ecommerce.io,Australia,2024-05-23,Standard,1832.60
4388,Joseph Ferrell,joseph.ferrell@shopmail.com,UK,2024-11-27,Premium,12299.05
4389,James Richards,james.richards@customer.net,UK,2023-04-27,Basic,484.08
4390,Christopher Robinson,christopher.robinson@example.com,Canada,2023-03-01,Premium,38597.95
4391,Thomas Gomez,thomas.gomez@shopmail.com,USA,2020-09-15,Standard,4326.61
4392,Lisa Walsh,lisa.walsh@ecommerce.io,USA,2020-11-27,Basic,891.73
4393,Roberto Rasmussen,roberto.rasmussen@ecommerce.io,India,2023-05-10,Premium,22676.98
4394,Corey Green,corey.green@shopmail.com,USA,2020-08-29,Basic,228.38
4395,Kevin Collins,kevin.collins@customer.net,UK,2020-06-03,Basic,533.01
4396,Anne Shelton,anne.shelton@ecommerce.io,Canada,2020-11-23,Standard,1262.27
4397,Marcus Lane,marcus.lane@shopmail.com,France,2024-05-05,Premium,44013.39
4398,Felicia Gonzalez,felicia.gonzalez@shopmail.com,Germany,2021-12-01,Standard,3488.54
4399,Derek Spencer,derek.spencer@shopmail.com,UK,2022-03-21,Basic,501.70
4400,Kevin Miller,kevin.miller@example.com,Germany,2022-02-01,Basic,308.91
4401,Ashley Fuller,ashley.fuller@customer.net,India,2021-07-15,Standard,2893.81
4402,Amy Bennett,amy.bennett@customer.net,Canada,2022-02-23,Premium,9629.85
4403,Nancy Kim,nancy.kim@example.com,France,2022-05-21,Basic,208.42
4404,Dillon Ramos,dillon.ramos@shopmail.com,USA,2020-01-10,Basic,613.97
4405,Lawrence Donovan,lawrence.donovan@ecommerce.io,Canada,2024-11-26,Premium,11184.29
4406,Jennifer Mcdonald,jennifer.mcdonald@shopmail.com,Australia,2020-08-04,Premium,7825.76
4407,Ronald Fisher,ronald.fisher@ecommerce.io,Canada,2020-01-21,Standard,2271.18
4408,Robert Johnson,robert.johnson@shopmail.com,USA,2023-04-06,Standard,3559.39
4409,Angelica Bernard,angelica.bernard@example.com,France,2024-10-09,Standard,2766.47
4410,Robert Campos,robert.campos@customer.net,Australia,2020-10-13,Basic,334.84
4411,Christina Turner,christina.turner@shopmail.com,Canada,2023-11-19,Standard,3965.00
4412,John Hunt,john.hunt@shopmail.com,USA,2022-10-24,Basic,590.73
4413,David Daniels,david.daniels@ecommerce.io,Australia,2024-06-22,Basic,707.87
4414,Ariana Carter,ariana.carter@example.com,France,2021-01-04,Basic,762.36
4415,Karina Long,karina.long@ecommerce.io,India,2023-01-16,Basic,534.79
4416,Richard Smith,richard.smith@customer.net,Australia,2022-02-21,Premium,42328.17
4417,Lindsey Golden,lindsey.golden@shopmail.com,UK,2024-03-31,Premium,12657.00
4418,Steve Brown,steve.brown@customer.net,Canada,2020-07-14,Standard,2431.87
4419,Brian Gallegos,brian.gallegos@example.com,UK,2021-11-27,Standard,2869.08
4420,Debra Cook,debra.cook@ecommerce.io,Germany,2021-07-17,Standard,1229.32
4421,Connor Roberts,connor.roberts@ecommerce.io,Australia,2022-12-15,Standard,3121.62
4422,Timothy Rivera,timothy.rivera@shopmail.com,India,2021-10-18,Basic,729.52
4423,Bruce Yang,bruce.yang@customer.net,UK,2022-04-08,Basic,809.68
4424,Emily Stevenson,emily.stevenson@ecommerce.io,Germany,2022-09-14,Premium,10639.82
4425,Brian Harris,brian.harris@shopmail.com,Canada,2021-09-16,Standard,4695.91
4426,Douglas Yang,douglas.yang@ecommerce.io,Australia,2022-02-03,Basic,172.14
4427,Tyler Walker,tyler.walker@shopmail.com,France,2020-11-21,Standard,1690.45
4428,Emma Phelps,emma.phelps@example.com,India,2020-08-05,Basic,579.96
4429,Kevin Collins,kevin.collins@customer.net,UK,2024-03-30,Standard,4531.69
4430,Veronica Smith,veronica.smith@shopmail.com,France,2022-04-22,Standard,1754.81
4431,Todd Watts,todd.watts@shopmail.com,Australia,2020-01-27,Basic,181.58
4432,Danny Smith,danny.smith@shopmail.com,UK,2021-07-14,Basic,178.47
4433,Cassandra Martinez,cassandra.martinez@shopmail.com,France,2020-01-24,Standard,4152.24
4434,Collin Harris,collin.harris@customer.net,Germany,2020-12-14,Standard,4325.90
4435,Thomas Wall,thomas.wall@shopmail.com,Germany,2022-03-27,Standard,1000.99
4436,Scott Brown,scott.brown@ecommerce.io,India,2024-09-14,Basic,147.35
4437,David Sullivan,david.sullivan@customer.net,UK,2021-01-14,Standard,1267.01
4438,Toni Wilkins,toni.wilkins@example.com,USA,2024-01-08,Basic,308.44
4439,Meagan Payne,meagan.payne@example.com,France,2021-03-25,Premium,16052.46
4440,Lorraine Maldonado,lorraine.maldonado@shopmail.com,UK,2020-11-24,Basic,368.09
4441,Michele Williamson,michele.williamson@example.com,France,2021-03-31,Standard,2529.29
4442,Ryan Fields,ryan.fields@example.com,Germany,2020-02-13,Premium,46929.39
4443,Jack Cardenas,jack.cardenas@customer.net,Australia,2020-03-17,Premium,19416.69
4444,Diane Jackson,diane.jackson@example.com,Australia,2024-03-12,Standard,2671.94
4445,Judith Payne,judith.payne@customer.net,Germany,2024-11-17,Basic,216.82
4446,Thomas Roberts,thomas.roberts@ecommerce.io,USA,2020-01-31,Standard,3289.77
4447,Elizabeth Haley,elizabeth.haley@shopmail.com,UK,2021-07-09,Standard,2694.64
4448,Trevor Contreras,trevor.contreras@customer.net,Australia,2020-10-27,Standard,4429.56
4449,Peter Wolfe,peter.wolfe@shopmail.com,India,2024-12-19,Standard,1792.91
4450,Daniel Butler,daniel.butler@example.com,Australia,2024-06-11,Standard,3468.87
4451,Roger Johnson,roger.johnson@example.com,Germany,2021-09-05,Standard,1548.87
4452,Stephen Elliott,stephen.elliott@example.com,Germany,2021-12-15,Standard,2104.09
4453,Alex Turner,alex.turner@example.com,Australia,2021-02-06,Basic,513.79
4454,Deanna Barry,deanna.barry@customer.net,France,2022-01-11,Standard,2906.44
4455,Christine Williams,christine.williams@example.com,Germany,2024-10-24,Standard,3770.19
4456,Rebecca Estes,rebecca.estes@ecommerce.io,UK,2023-07-01,Basic,977.21
4457,Taylor Sharp,taylor.sharp@customer.net,India,2020-05-22,Basic,526.04
4458,Joshua Holden,joshua.holden@example.com,France,2023-02-01,Basic,497.24
4459,Michael Foley,michael.foley@customer.net,France,2023-06-14,Basic,608.17
4460,Wesley Bailey,wesley.bailey@shopmail.com,USA,2024-12-11,Premium,12591.50
4461,Jasmin Myers,jasmin.myers@customer.net,Canada,2021-06-30,Standard,4085.98
4462,Bryan Rios,bryan.rios@customer.net,UK,2021-03-24,Premium,17090.07
4463,Michael Ball,michael.ball@ecommerce.io,India,2021-02-06,Standard,3003.93
4464,Matthew Espinoza,matthew.espinoza@ecommerce.io,Germany,2023-03-13,Standard,4043.42
4465,Kristin Ramirez,kristin.ramirez@ecommerce.io,India,2021-08-23,Premium,39771.99
4466,Kathryn Turner,kathryn.turner@shopmail.com,Germany,2024-09-20,Standard,4044.26
4467,Phillip Hendricks,phillip.hendricks@example.com,Canada,2023-11-10,Standard,2870.44
4468,Deanna Bennett,deanna.bennett@customer.net,Australia,2023-12-17,Premium,16979.92
4469,Thomas Hopkins,thomas.hopkins@example.com,France,2021-11-25,Standard,1908.55
4470,Barbara Pennington,barbara.pennington@ecommerce.io,Germany,2024-02-28,Basic,949.25
4471,Kimberly Fox,kimberly.fox@customer.net,Australia,2021-07-24,Premium,15550.51
4472,David Nguyen,david.nguyen@example.com,India,2024-06-22,Basic,129.25
4473,Stephanie Bailey,stephanie.bailey@customer.net,France,2020-06-08,Basic,335.67
4474,Christina Powell,christina.powell@ecommerce.io,Germany,2024-09-29,Standard,3590.17
4475,Brady Christian,brady.christian@example.com,Canada,2021-03-30,Standard,2822.44
4476,Erik Davis,erik.davis@ecommerce.io,Canada,2021-03-10,Basic,511.33
4477,Daniel Villa,daniel.villa@customer.net,USA,2023-01-15,Standard,4009.77
4478,Thomas Wolf,thomas.wolf@ecommerce.io,Germany,2021-06-09,Basic,906.49
4479,Tina Stokes,tina.stokes@shopmail.com,Australia,2024-11-30,Basic,448.93
4480,Jessica Young,jessica.young@example.com,Canada,2023-09-11,Standard,2187.74
4481,Rachel Thompson,rachel.thompson@ecommerce.io,India,2022-11-25,Standard,3986.18
4482,Patricia Campos,patricia.campos@example.com,UK,2022-07-16,Standard,2901.51
4483,Robert Brown,robert.brown@example.com,USA,2024-05-10,Standard,3068.09
4484,Cheryl Wilson,cheryl.wilson@customer.net,Australia,2024-09-18,Standard,4350.51
4485,Melanie Jones,melanie.jones@ecommerce.io,UK,2022-01-14,Standard,2647.59
4486,Kathryn Obrien,kathryn.obrien@example.com,Canada,2020-03-15,Basic,305.10
4487,Mary Mclean,mary.mclean@ecommerce.io,Germany,2023-04-27,Standard,3036.78
4488,Manuel Hale,manuel.hale@customer.net,Germany,2023-08-13,Standard,2760.13
4489,Nicholas Zhang,nicholas.zhang@customer.net,Germany,2023-12-06,Standard,4165.83
4490,Audrey Gonzalez,audrey.gonzalez@shopmail.com,UK,2024-02-14,Basic,265.07
4491,Johnny Kim,johnny.kim@customer.net,France,2023-08-08,Standard,2124.84
4492,Justin Harris,justin.harris@example.com,India,2022-11-14,Premium,25345.49
4493,Fernando Cervantes,fernando.cervantes@customer.net,Canada,2021-03-22,Standard,3009.53
4494,Lindsey Lee,lindsey.lee@example.com,Germany,2022-08-22,Standard,4005.72
4495,Brandi Soto,brandi.soto@shopmail.com,Canada,2023-10-24,Standard,4252.83
4496,Elizabeth Harris,elizabeth.harris@customer.net,Germany,2020-02-19,Standard,3967.56
4497,Lisa Barry,lisa.barry@ecommerce.io,India,2020-02-14,Standard,4375.37
4498,Michael Russell,michael.russell@shopmail.com,UK,2024-08-23,Standard,1471.79
4499,Amy Jones,amy.jones@ecommerce.io,Australia,2024-10-20,Standard,3244.14
4500,Jacob Blair,jacob.blair@example.com,France,2024-11-05,Basic,461.33
4501,Rhonda May,rhonda.may@example.com,Germany,2022-03-11,Basic,285.34
4502,Tyler Collier,tyler.collier@example.com,Germany,2024-04-11,Basic,246.57
4503,Ashley Wells,ashley.wells@example.com,Germany,2021-01-27,Basic,949.15
4504,Michael Montgomery,michael.montgomery@shopmail.com,India,2024-09-10,Standard,3035.88
4505,Angelica Taylor,angelica.taylor@shopmail.com,Germany,2020-09-02,Standard,3247.41
4506,Carlos Patterson,carlos.patterson@ecommerce.io,India,2021-02-21,Standard,4090.46
4507,Nicholas Jones,nicholas.jones@example.com,Germany,2024-02-19,Standard,4657.68
4508,Christian Patton,christian.patton@customer.net,India,2024-08-27,Premium,18858.24
4509,Kenneth Wilson,kenneth.wilson@customer.net,France,2021-08-20,Standard,1630.94
4510,Jerry Guzman,jerry.guzman@shopmail.com,USA,2023-10-13,Standard,4084.33
4511,Mark Walker,mark.walker@ecommerce.io,Australia,2023-08-03,Basic,641.35
4512,Shelia Nielsen,shelia.nielsen@ecommerce.io,Canada,2024-05-06,Premium,30451.14
4513,John Warner,john.warner@customer.net,USA,2022-02-18,Basic,638.93
4514,Carlos Savage,carlos.savage@ecommerce.io,India,2023-01-08,Premium,24763.51
4515,Tammy Jones,tammy.jones@ecommerce.io,France,2022-12-22,Premium,12308.27
4516,Barbara Castaneda,barbara.castaneda@shopmail.com,France,2022-11-15,Basic,768.25
4517,Sarah Porter,sarah.porter@shopmail.com,India,2020-04-21,Standard,3789.50
4518,Reginald Brown,reginald.brown@example.com,Germany,2024-01-24,Basic,584.90
4519,Heidi Rodriguez,heidi.rodriguez@example.com,Germany,2023-07-22,Standard,2507.62
4520,Thomas Lowery,thomas.lowery@shopmail.com,Australia,2020-08-21,Standard,2374.96
4521,Jose Johnson,jose.johnson@example.com,USA,2022-02-16,Standard,3601.97
4522,Matthew Green,matthew.green@shopmail.com,India,2023-09-01,Standard,3044.01
4523,Matthew Hubbard,matthew.hubbard@shopmail.com,Germany,2024-05-05,Standard,1185.53
4524,Donald Payne,donald.payne@shopmail.com,Germany,2023-07-15,Standard,2193.38
4525,Jessica Glass,jessica.glass@example.com,UK,2020-03-04,Standard,3052.71
4526,Elizabeth Johns,elizabeth.johns@example.com,Germany,2020-11-22,Standard,2608.44
4527,Joe Jones,joe.jones@customer.net,France,2020-12-22,Standard,3605.13
4528,Stacy Strong,stacy.strong@ecommerce.io,India,2022-12-14,Basic,393.62
4529,Jacqueline Cannon,jacqueline.cannon@example.com,Germany,2020-10-28,Basic,564.71
4530,Austin Zavala,austin.zavala@ecommerce.io,France,2021-01-11,Standard,3566.34
4531,Stephanie George,stephanie.george@ecommerce.io,USA,2020-06-03,Standard,2675.79
4532,Cheyenne Miller,cheyenne.miller@example.com,Australia,2023-05-13,Premium,44805.12
4533,Andrea Potts,andrea.potts@example.com,UK,2024-06-26,Standard,2888.99
4534,Joseph Williams,joseph.williams@example.com,France,2020-03-08,Standard,3121.54
4535,Austin Romero,austin.romero@shopmail.com,France,2020-09-02,Basic,510.66
4536,Debra Reynolds,debra.reynolds@shopmail.com,Germany,2021-02-02,Standard,3690.07
4537,Kevin Horn,kevin.horn@ecommerce.io,Canada,2021-03-23,Basic,393.46
4538,Teresa Smith,teresa.smith@shopmail.com,Australia,2021-06-02,Standard,2336.03
4539,Brian Ayala,brian.ayala@customer.net,USA,2020-06-15,Standard,1714.57
4540,Lisa Ferguson,lisa.ferguson@ecommerce.io,India,2023-09-17,Basic,937.40
4541,Michelle Fleming,michelle.fleming@shopmail.com,Australia,2024-11-30,Premium,21827.07
4542,Joann Tran,joann.tran@example.com,France,2020-07-03,Standard,4755.15
4543,Brett Cannon,brett.cannon@shopmail.com,Germany,2022-01-15,Premium,16188.98
4544,Heather Jordan,heather.jordan@ecommerce.io,France,2022-07-13,Premium,23228.11
4545,Ronald Taylor,ronald.taylor@example.com,UK,2023-06-03,Basic,439.05
4546,Samuel Prince,samuel.prince@example.com,UK,2024-03-24,Basic,364.28
4547,Toni Richardson,toni.richardson@shopmail.com,India,2024-04-15,Standard,4565.59
4548,James Kim,james.kim@ecommerce.io,Canada,2021-03-31,Standard,3793.60
4549,Brian Hall,brian.hall@example.com,Australia,2022-12-27,Standard,4260.61
4550,Brianna Perez,brianna.perez@ecommerce.io,Australia,2020-02-03,Basic,973.81
4551,Julie Beasley,julie.beasley@ecommerce.io,India,2024-12-01,Basic,908.98
4552,Laura Bradley,laura.bradley@example.com,Canada,2024-11-25,Standard,3867.40
4553,Vicki Smith,vicki.smith@customer.net,UK,2022-11-26,Standard,2477.75
4554,Jennifer Hess,jennifer.hess@customer.net,Germany,2020-11-07,Basic,999.16
4555,Chase Martinez,chase.martinez@shopmail.com,Germany,2020-03-19,Basic,443.04
4556,Henry Williams,henry.williams@customer.net,Canada,2023-04-13,Basic,166.32
4557,Michael Rios,michael.rios@ecommerce.io,France,2024-07-30,Standard,2938.41
4558,John Carter,john.carter@shopmail.com,UK,2024-03-12,Basic,145.45
4559,Catherine Mendoza,catherine.mendoza@customer.net,UK,2020-12-05,Standard,4844.98
4560,David Jones,david.jones@shopmail.com,USA,2022-02-25,Standard,2667.81
4561,John Stephens,john.stephens@customer.net,France,2023-04-09,Premium,23368.16
4562,Troy Moss,troy.moss@ecommerce.io,Germany,2023-06-03,Premium,49337.00
4563,Michael Herman,michael.herman@shopmail.com,France,2024-02-18,Basic,642.88
4564,Jeffrey Marquez,jeffrey.marquez@shopmail.com,UK,2021-10-18,Basic,776.35
4565,Shelly Deleon,shelly.deleon@customer.net,France,2022-11-20,Basic,517.59
4566,Kelly Valdez,kelly.valdez@shopmail.com,Canada,2024-05-18,Standard,2735.31
4567,Alison Adams,alison.adams@shopmail.com,Canada,2022-12-11,Standard,1690.67
4568,Heidi Gordon,heidi.gordon@ecommerce.io,France,2024-07-23,Standard,1988.08
4569,Brian Mccullough,brian.mccullough@shopmail.com,India,2023-05-12,Standard,1338.55
4570,Janice Howell,janice.howell@customer.net,USA,2020-03-01,Basic,103.98
4571,Joshua Harris,joshua.harris@ecommerce.io,USA,2023-08-29,Premium,49049.99
4572,Derrick Daugherty,derrick.daugherty@customer.net,UK,2024-09-16,Standard,3467.76
4573,Jerry Harmon,jerry.harmon@example.com,India,2021-09-16,Basic,767.07
4574,Jason Watson,jason.watson@example.com,India,2021-08-05,Standard,3924.36
4575,Lisa Thomas,lisa.thomas@shopmail.com,Canada,2020-08-30,Standard,1066.73
4576,Tiffany Hale,tiffany.hale@customer.net,Canada,2020-11-07,Standard,4604.53
4577,Debra Chavez,debra.chavez@customer.net,UK,2020-03-08,Basic,632.29
4578,Danny Porter,danny.porter@ecommerce.io,India,2023-10-06,Standard,2534.98
4579,Arthur Ramirez,arthur.ramirez@shopmail.com,Canada,2020-01-24,Premium,19827.79
4580,Patrick Wilcox,patrick.wilcox@shopmail.com,USA,2022-11-28,Basic,264.39
4581,Christopher Ramirez,christopher.ramirez@shopmail.com,USA,2023-03-13,Standard,4729.95
4582,Chelsea Simpson,chelsea.simpson@customer.net,France,2024-06-27,Basic,192.07
4583,Michelle Cruz,michelle.cruz@customer.net,UK,2023-03-10,Basic,946.15
4584,Bradley Harris,bradley.harris@example.com,Australia,2024-10-21,Basic,433.02
4585,Jack Jordan,jack.jordan@example.com,USA,2022-08-28,Standard,3635.53
4586,Brett Torres,brett.torres@example.com,Germany,2023-06-14,Standard,2633.96
4587,Amber Bailey,amber.bailey@customer.net,France,2021-11-13,Premium,49017.68
4588,Anthony Franklin,anthony.franklin@ecommerce.io,India,2024-09-29,Premium,5302.74
4589,Patricia Livingston,patricia.livingston@ecommerce.io,Germany,2021-06-11,Standard,1482.06
4590,Rebecca Patrick,rebecca.patrick@shopmail.com,USA,2023-09-06,Premium,13737.70
4591,Brittany Todd,brittany.todd@ecommerce.io,India,2022-04-08,Standard,1387.73
4592,Matthew Calderon,matthew.calderon@customer.net,Germany,2021-02-06,Premium,33906.36
4593,Ryan Patterson,ryan.patterson@ecommerce.io,USA,2021-04-07,Premium,23856.97
4594,Jessica Moss,jessica.moss@shopmail.com,USA,2020-10-27,Basic,725.51
4595,Brian Rodriguez,brian.rodriguez@example.com,France,2021-02-10,Basic,564.07
4596,Paul Griffith,paul.griffith@customer.net,USA,2021-01-23,Premium,18422.15
4597,Erica Garrison,erica.garrison@ecommerce.io,India,2021-09-27,Premium,17377.78
4598,Sharon Ford,sharon.ford@example.com,India,2021-07-08,Standard,2973.53
4599,Ashley Carroll,ashley.carroll@customer.net,India,2020-09-20,Premium,39851.01
4600,April Martin,april.martin@example.com,USA,2023-11-17,Standard,4347.76
4601,Patrick Reese,patrick.reese@example.com,India,2024-03-30,Standard,3433.20
4602,Sandy Anderson,sandy.anderson@example.com,Australia,2023-02-15,Basic,868.00
4603,Alexis Marsh,alexis.marsh@example.com,Germany,2023-11-24,Basic,315.00
4604,Stephanie Miller,stephanie.miller@ecommerce.io,USA,2021-07-02,Standard,2406.70
4605,John Daniels,john.daniels@ecommerce.io,USA,2023-05-24,Premium,41627.44
4606,Matthew Foster,matthew.foster@ecommerce.io,France,2020-01-03,Standard,2377.25
4607,Christina Ward,christina.ward@example.com,Australia,2024-02-17,Standard,4231.04
4608,Donna Patton,donna.patton@customer.net,Canada,2021-07-09,Standard,3873.25
4609,Lisa Franklin,lisa.franklin@ecommerce.io,UK,2023-05-18,Standard,3665.62
4610,David Carroll,david.carroll@example.com,Australia,2022-10-04,Basic,839.13
4611,Manuel Baker,manuel.baker@ecommerce.io,USA,2023-04-18,Premium,16062.35
4612,Harold Ford,harold.ford@example.com,Australia,2021-09-29,Basic,387.04
4613,Scott Owens,scott.owens@ecommerce.io,USA,2024-04-07,Standard,1994.58
4614,Tammy Castillo,tammy.castillo@shopmail.com,UK,2020-06-15,Basic,823.84
4615,Megan Robinson,megan.robinson@shopmail.com,France,2022-02-22,Premium,22714.53
4616,Brian Mcmillan,brian.mcmillan@example.com,UK,2022-11-18,Premium,21728.60
4617,Joshua Bishop,joshua.bishop@customer.net,Australia,2021-07-24,Basic,665.51
4618,Lee Brown,lee.brown@example.com,Australia,2022-06-29,Standard,3136.71
4619,Hector Miranda,hector.miranda@customer.net,Canada,2020-11-18,Premium,32363.62
4620,Joshua Booth,joshua.booth@customer.net,Canada,2023-11-18,Standard,2749.32
4621,David Mccoy,david.mccoy@shopmail.com,Australia,2021-04-29,Standard,2370.18
4622,Dylan Williamson,dylan.williamson@shopmail.com,USA,2021-01-23,Standard,3419.61
4623,Brandon Wilson,brandon.wilson@ecommerce.io,India,2020-02-12,Standard,3012.55
4624,Benjamin Cohen,benjamin.cohen@example.com,India,2024-04-23,Standard,4361.73
4625,Michelle Riley,michelle.riley@customer.net,USA,2023-05-06,Standard,1672.75
4626,Bobby Love,bobby.love@example.com,France,2023-12-03,Basic,653.62
4627,Bruce Klein,bruce.klein@ecommerce.io,India,2021-03-31,Standard,1315.44
4628,Jonathon Scott,jonathon.scott@shopmail.com,India,2022-03-09,Premium,22035.75
4629,Erika Mathews,erika.mathews@ecommerce.io,France,2021-11-24,Premium,30239.47
4630,Michael Higgins,michael.higgins@customer.net,UK,2021-01-16,Standard,3632.56
4631,Caroline Bailey,caroline.bailey@customer.net,USA,2021-08-27,Premium,49738.77
4632,Chris Wallace,chris.wallace@shopmail.com,UK,2020-02-07,Basic,382.19
4633,William Young,william.young@customer.net,Australia,2020-01-15,Standard,2904.20
4634,Mark Watson,mark.watson@ecommerce.io,Australia,2021-07-24,Basic,366.64
4635,Mackenzie Perry,mackenzie.perry@example.com,India,2022-12-25,Basic,711.01
4636,Dawn Liu,dawn.liu@shopmail.com,Australia,2021-02-06,Standard,1319.71
4637,Douglas Nguyen,douglas.nguyen@ecommerce.io,Germany,2024-03-07,Basic,166.09
4638,Kristin Rogers,kristin.rogers@ecommerce.io,Australia,2021-05-14,Standard,3306.32
4639,Ricky Pearson,ricky.pearson@customer.net,India,2022-03-04,Standard,4991.21
4640,Thomas Beltran,thomas.beltran@customer.net,UK,2021-05-23,Premium,19702.26
4641,Christy Martin,christy.martin@customer.net,USA,2022-01-14,Basic,308.88
4642,Bradley Conrad,bradley.conrad@customer.net,USA,2024-02-24,Premium,29057.93
4643,Rhonda Johnson,rhonda.johnson@ecommerce.io,Germany,2024-07-22,Premium,29998.58
4644,Chelsea Morton,chelsea.morton@shopmail.com,Germany,2022-11-24,Standard,2605.14
4645,William Norman,william.norman@example.com,Germany,2021-04-29,Standard,1166.12
4646,William Perkins,william.perkins@customer.net,India,2020-01-18,Standard,2483.86
4647,Maurice Lewis,maurice.lewis@example.com,Australia,2023-07-20,Premium,24302.07
4648,Mariah Johnson,mariah.johnson@example.com,USA,2024-10-26,Basic,294.72
4649,Jessica James,jessica.james@example.com,UK,2020-04-30,Premium,41247.23
4650,Whitney Miller,whitney.miller@example.com,UK,2022-01-17,Standard,1541.02
4651,Chris Walls,chris.walls@ecommerce.io,UK,2023-11-11,Standard,1800.12
4652,Jeffrey Gordon,jeffrey.gordon@ecommerce.io,France,2022-08-15,Basic,726.50
4653,Autumn Kelley,autumn.kelley@example.com,France,2023-08-22,Standard,4297.52
4654,Robert Quinn,robert.quinn@example.com,USA,2023-06-30,Basic,744.95
4655,Melanie Rose,melanie.rose@shopmail.com,India,2022-08-07,Standard,2395.27
4656,Brett Kennedy,brett.kennedy@customer.net,Canada,2023-09-16,Basic,389.51
4657,Alice Alexander,alice.alexander@shopmail.com,USA,2021-10-15,Basic,357.25
4658,Joseph Huff,joseph.huff@ecommerce.io,Australia,2021-08-07,Standard,4702.92
4659,Kelly Sanchez,kelly.sanchez@example.com,USA,2023-02-15,Standard,1065.16
4660,John Saunders,john.saunders@customer.net,Canada,2023-07-12,Standard,2401.56
4661,Michael Bryant,michael.bryant@ecommerce.io,India,2021-11-07,Standard,2592.55
4662,Kaitlin Wilson,kaitlin.wilson@shopmail.com,France,2024-06-14,Standard,3743.31
4663,John Oconnor,john.oconnor@customer.net,France,2022-10-10,Premium,7354.98
4664,Nicole Cox,nicole.cox@customer.net,USA,2021-04-25,Standard,4878.03
4665,Michael Wagner,michael.wagner@customer.net,India,2020-10-12,Standard,2238.39
4666,Robin Valdez,robin.valdez@customer.net,USA,2021-08-29,Standard,2795.64
4667,Cassie Cole,cassie.cole@customer.net,Germany,2020-02-02,Standard,1524.33
4668,Robert Hudson,robert.hudson@example.com,Canada,2022-10-29,Standard,2460.66
4669,Margaret Martinez,margaret.martinez@shopmail.com,Australia,2020-01-09,Premium,8053.32
4670,Amanda Frank,amanda.frank@example.com,Germany,2022-10-14,Standard,4235.85
4671,Rickey Richards,rickey.richards@example.com,Canada,2022-12-14,Standard,2760.15
4672,Devin Green,devin.green@shopmail.com,UK,2021-06-07,Premium,18600.00
4673,Justin Edwards,justin.edwards@ecommerce.io,Canada,2022-06-24,Standard,3268.67
4674,Christopher Fisher,christopher.fisher@customer.net,Canada,2024-02-07,Premium,38540.19
4675,Tonya Johnston,tonya.johnston@ecommerce.io,Australia,2022-08-15,Standard,3334.10
4676,Cynthia Barton,cynthia.barton@customer.net,USA,2023-03-18,Standard,4734.30
4677,Rachel Walter,rachel.walter@customer.net,Germany,2024-03-02,Premium,47152.82
4678,Alexis Martinez,alexis.martinez@customer.net,France,2021-03-15,Basic,486.72
4679,Jose Spencer,jose.spencer@example.com,France,2021-04-26,Standard,1779.23
4680,Sarah Newton,sarah.newton@customer.net,Canada,2023-07-08,Standard,3682.21
4681,David Johnson,david.johnson@example.com,Canada,2023-11-07,Standard,2874.83
4682,Ryan Vaughn,ryan.vaughn@shopmail.com,Australia,2023-11-22,Basic,530.44
4683,Veronica Anderson,veronica.anderson@example.com,France,2021-06-27,Standard,1977.44
4684,Michelle Sellers,michelle.sellers@example.com,France,2021-01-15,Premium,12377.41
4685,Rebecca Gomez,rebecca.gomez@customer.net,Germany,2021-05-10,Standard,1868.06
4686,Richard Hawkins,richard.hawkins@shopmail.com,Australia,2023-12-17,Basic,643.33
4687,Jennifer Wilson,jennifer.wilson@shopmail.com,UK,2023-03-04,Standard,4993.17
4688,Phyllis Villanueva,phyllis.villanueva@ecommerce.io,USA,2021-01-16,Standard,4474.31
4689,Brittany Jensen,brittany.jensen@ecommerce.io,UK,2024-04-11,Basic,247.48
4690,Virginia Williams,virginia.williams@customer.net,Germany,2023-06-18,Standard,4437.86
4691,Joanne Kelly,joanne.kelly@ecommerce.io,UK,2022-06-18,Standard,2893.59
4692,Shane Ortiz,shane.ortiz@shopmail.com,UK,2024-01-16,Standard,3139.67
4693,Shannon Davenport,shannon.davenport@shopmail.com,USA,2020-10-06,Standard,1953.19
4694,Keith Woods,keith.woods@example.com,Canada,2023-11-11,Premium,49620.89
4695,Dennis White,dennis.white@shopmail.com,UK,2024-04-07,Premium,40926.93
4696,Katie Hendricks,katie.hendricks@ecommerce.io,UK,2021-03-11,Standard,4846.11
4697,Sharon Miller,sharon.miller@example.com,France,2023-04-25,Standard,3101.08
4698,Paula Watkins,paula.watkins@example.com,India,2023-10-09,Basic,534.94
4699,Mitchell Banks,mitchell.banks@example.com,Canada,2024-09-21,Basic,341.86
4700,Nicolas Gonzales,nicolas.gonzales@customer.net,USA,2022-06-25,Standard,2294.43
4701,William Chapman,william.chapman@example.com,UK,2023-02-02,Standard,4837.59
4702,Shirley Davis,shirley.davis@example.com,Australia,2024-08-31,Premium,22700.64
4703,Kenneth Peterson,kenneth.peterson@shopmail.com,UK,2023-10-11,Standard,1618.90
4704,Anne Merritt,anne.merritt@customer.net,Australia,2024-01-24,Basic,801.17
4705,Bethany Anthony,bethany.anthony@customer.net,Germany,2022-08-15,Basic,520.18
4706,Ronald Morris,ronald.morris@example.com,Germany,2024-12-20,Standard,3903.91
4707,Lucas White,lucas.white@example.com,Germany,2022-04-02,Standard,4714.32
4708,Douglas Cervantes,douglas.cervantes@example.com,India,2022-06-26,Basic,103.10
4709,Jessica Hays,jessica.hays@example.com,UK,2022-02-14,Standard,4190.28
4710,Jason Stone,jason.stone@ecommerce.io,UK,2023-07-01,Standard,3013.69
4711,Barbara Gilbert,barbara.gilbert@ecommerce.io,USA,2024-01-30,Standard,4296.37
4712,Cory Mitchell,cory.mitchell@ecommerce.io,Australia,2020-04-19,Standard,1529.11
4713,David Hill,david.hill@example.com,Australia,2023-08-20,Standard,4474.17
4714,Scott Mcclure,scott.mcclure@ecommerce.io,France,2020-12-08,Standard,2712.11
4715,Keith Hardin,keith.hardin@ecommerce.io,France,2020-01-05,Standard,4367.43
4716,Vanessa Molina,vanessa.molina@shopmail.com,USA,2024-09-21,Standard,1160.04
4717,Sandra Estrada,sandra.estrada@shopmail.com,India,2022-11-07,Basic,696.12
4718,Donald Clark,donald.clark@customer.net,India,2021-06-21,Standard,4783.46
4719,Mary Fischer,mary.fischer@ecommerce.io,France,2022-07-06,Basic,340.54
4720,Anthony Orr,anthony.orr@shopmail.com,USA,2022-12-06,Standard,4701.25
4721,Susan Fernandez,susan.fernandez@customer.net,Australia,2023-03-22,Basic,854.78
4722,Lauren Smith,lauren.smith@example.com,Canada,2023-05-11,Basic,922.51
4723,Marissa Johnson,marissa.johnson@example.com,France,2024-02-24,Standard,3480.88
4724,James Mcmahon,james.mcmahon@ecommerce.io,USA,2024-11-10,Standard,2128.38
4725,Ashley Dennis,ashley.dennis@shopmail.com,UK,2024-08-13,Basic,475.25
4726,Abigail Guerra,abigail.guerra@ecommerce.io,UK,2020-09-18,Basic,218.61
4727,Kenneth Rodriguez,kenneth.rodriguez@ecommerce.io,Germany,2020-07-26,Standard,1523.05
4728,Jasmine Kirk,jasmine.kirk@example.com,Australia,2024-11-10,Premium,45960.33
4729,Sean Reynolds,sean.reynolds@ecommerce.io,France,2021-11-26,Standard,1911.91
4730,Jose Lin,jose.lin@example.com,UK,2023-11-03,Premium,25269.35
4731,Victoria Dennis,victoria.dennis@shopmail.com,UK,2021-01-30,Basic,834.96
4732,Darren Gomez,darren.gomez@ecommerce.io,Germany,2021-09-06,Basic,255.36
4733,Christian Mcguire,christian.mcguire@shopmail.com,Canada,2022-03-25,Basic,743.62
4734,Jessica Murphy,jessica.murphy@customer.net,USA,2024-10-01,Basic,562.05
4735,William Hill,william.hill@shopmail.com,UK,2021-02-23,Standard,2801.00
4736,Crystal Hunt,crystal.hunt@customer.net,USA,2021-11-06,Standard,3629.06
4737,Kimberly Mann,kimberly.mann@ecommerce.io,USA,2022-03-05,Basic,569.94
4738,Leroy Middleton,leroy.middleton@example.com,Australia,2021-02-13,Standard,3791.63
4739,Ryan Randolph,ryan.randolph@ecommerce.io,Germany,2021-09-18,Standard,2870.15
4740,Laura Stewart,laura.stewart@ecommerce.io,Germany,2020-02-20,Basic,777.73
4741,Mckenzie Guerrero,mckenzie.guerrero@customer.net,Australia,2022-06-27,Standard,3494.13
4742,Natalie Johnson,natalie.johnson@customer.net,UK,2024-12-14,Standard,3713.08
4743,Cynthia Smith,cynthia.smith@example.com,India,2023-06-25,Standard,4432.32
4744,Derrick Bennett,derrick.bennett@shopmail.com,Germany,2024-07-04,Standard,1477.32
4745,Sherry Nunez,sherry.nunez@example.com,France,2024-12-07,Basic,226.64
4746,Joseph Hernandez,joseph.hernandez@customer.net,UK,2020-01-16,Premium,9453.04
4747,Lisa Gross,lisa.gross@ecommerce.io,Australia,2022-07-09,Standard,3737.54
4748,Justin Gonzalez,justin.gonzalez@ecommerce.io,Canada,2022-10-19,Standard,3662.04
4749,Nancy Tapia,nancy.tapia@customer.net,Canada,2021-11-02,Standard,4006.43
4750,Mercedes Curry,mercedes.curry@customer.net,Canada,2020-07-23,Standard,4964.79
4751,Aaron Jones,aaron.jones@customer.net,Germany,2021-07-16,Premium,5257.44
4752,Angela Clark,angela.clark@customer.net,Canada,2022-12-03,Premium,40410.34
4753,Gregory Barnes,gregory.barnes@shopmail.com,Canada,2023-10-31,Standard,1229.96
4754,Jose James,jose.james@customer.net,Canada,2021-06-06,Premium,19629.32
4755,Brandy Little,brandy.little@ecommerce.io,India,2021-09-11,Premium,16700.54
4756,Todd Sandoval,todd.sandoval@customer.net,Canada,2020-01-11,Basic,229.35
4757,Hector Evans,hector.evans@shopmail.com,UK,2022-12-19,Basic,465.88
4758,Jesse Carter,jesse.carter@customer.net,USA,2022-11-15,Standard,4102.13
4759,Todd Robles,todd.robles@customer.net,India,2020-03-26,Basic,757.17
4760,Philip Howard,philip.howard@shopmail.com,Germany,2021-02-01,Standard,1182.33
4761,Timothy Davis,timothy.davis@ecommerce.io,UK,2021-03-10,Standard,3050.78
4762,Daniel Ibarra,daniel.ibarra@shopmail.com,USA,2024-06-20,Standard,3774.75
4763,Kari Mitchell,kari.mitchell@shopmail.com,USA,2023-05-31,Basic,799.17
4764,Tara Nguyen,tara.nguyen@example.com,UK,2021-07-05,Standard,3671.89
4765,Elaine Wilson,elaine.wilson@customer.net,Australia,2020-05-15,Premium,42065.26
4766,Steven Flores,steven.flores@customer.net,India,2024-09-25,Standard,4677.18
4767,Daniel Terry,daniel.terry@customer.net,UK,2024-09-17,Basic,345.46
4768,Janet Ayala,janet.ayala@ecommerce.io,USA,2021-03-05,Basic,426.32
4769,Timothy Ballard,timothy.ballard@example.com,Canada,2021-10-12,Standard,4657.49
4770,Tracy Jenkins,tracy.jenkins@ecommerce.io,India,2024-04-26,Standard,2510.56
4771,Jimmy Carter,jimmy.carter@ecommerce.io,France,2020-01-30,Standard,3292.15
4772,William Wu,william.wu@shopmail.com,France,2021-05-29,Standard,3707.32
4773,Kirsten Brown,kirsten.brown@example.com,UK,2023-09-09,Basic,984.33
4774,Kelsey Green,kelsey.green@ecommerce.io,Canada,2020-10-28,Premium,34280.31
4775,Louis Myers,louis.myers@example.com,India,2021-04-22,Basic,972.50
4776,Scott Ross,scott.ross@shopmail.com,Canada,2022-12-02,Standard,2121.47
4777,Rita Adams,rita.adams@example.com,Germany,2021-01-26,Basic,859.95
4778,Jessica Morgan,jessica.morgan@shopmail.com,USA,2023-02-28,Premium,38484.58
4779,Lori Parker,lori.parker@customer.net,Canada,2022-12-26,Standard,2747.15
4780,Robert Armstrong,robert.armstrong@ecommerce.io,USA,2023-09-06,Standard,2235.05
4781,Garrett Harris,garrett.harris@customer.net,Australia,2021-07-01,Standard,4973.72
4782,Colleen Gould,colleen.gould@shopmail.com,UK,2020-01-08,Standard,3003.44
4783,Christina Rivera,christina.rivera@shopmail.com,India,2023-05-26,Basic,388.00
4784,Cassidy Smith,cassidy.smith@customer.net,Australia,2022-11-19,Standard,4223.92
4785,Jennifer Lang,jennifer.lang@customer.net,UK,2021-05-16,Standard,3586.81
4786,Christopher Bush,christopher.bush@customer.net,USA,2024-02-18,Standard,3571.30
4787,Rhonda Wang,rhonda.wang@customer.net,Australia,2023-06-29,Basic,781.07
4788,Angela Pena,angela.pena@customer.net,India,2022-09-11,Premium,18164.10
4789,April Cox,april.cox@example.com,India,2022-06-27,Standard,1769.88
4790,James Moore,james.moore@customer.net,UK,2024-09-23,Premium,31566.00
4791,Amanda Heath,amanda.heath@example.com,Canada,2020-07-07,Standard,4926.90
4792,Jerome Solis,jerome.solis@example.com,Germany,2023-01-12,Standard,3002.61
4793,Renee Rivera,renee.rivera@shopmail.com,Germany,2024-08-13,Standard,2447.26
4794,Jason Quinn,jason.quinn@ecommerce.io,Germany,2023-06-29,Standard,3195.04
4795,Shelby Johnson,shelby.johnson@customer.net,UK,2021-04-27,Basic,220.17
4796,Andrew Bentley,andrew.bentley@shopmail.com,Australia,2022-08-28,Basic,207.14
4797,Curtis Sanders,curtis.sanders@example.com,UK,2024-12-15,Standard,1685.05
4798,Todd Moore,todd.moore@example.com,USA,2023-12-21,Standard,4250.21
4799,Kevin Hall,kevin.hall@customer.net,Canada,2024-08-14,Basic,345.46
4800,Kelsey Wright,kelsey.wright@customer.net,USA,2023-10-06,Basic,899.71
4801,Joseph Martinez,joseph.martinez@customer.net,Germany,2023-04-04,Standard,2291.84
4802,Kristen Rios,kristen.rios@customer.net,Germany,2022-10-13,Standard,2255.84
4803,David Yang,david.yang@example.com,India,2024-12-04,Standard,4459.58
4804,Joseph Miller,joseph.miller@example.com,India,2022-07-15,Standard,3995.79
4805,Charles Bowen,charles.bowen@example.com,Canada,2023-04-09,Standard,1259.21
4806,Kathryn Perry,kathryn.perry@example.com,France,2023-04-04,Standard,2210.00
4807,Alexis Greer,alexis.greer@customer.net,UK,2022-04-09,Standard,4307.10
4808,Cassidy Hernandez,cassidy.hernandez@ecommerce.io,France,2022-11-14,Standard,2773.18
4809,Jill Sparks,jill.sparks@example.com,India,2020-11-14,Standard,4837.94
4810,James Obrien,james.obrien@customer.net,USA,2020-11-05,Standard,1951.18
4811,Larry Morris,larry.morris@example.com,UK,2020-08-22,Standard,4742.62
4812,William Johnson,william.johnson@example.com,Australia,2024-10-06,Basic,400.37
4813,Joshua Harris,joshua.harris@example.com,UK,2023-03-07,Premium,34116.83
4814,Joseph Douglas,joseph.douglas@customer.net,India,2023-09-04,Standard,4136.55
4815,Thomas Carter,thomas.carter@shopmail.com,India,2024-07-13,Premium,6194.88
4816,Christopher Rasmussen,christopher.rasmussen@example.com,Germany,2022-03-05,Basic,743.74
4817,Ann Webb,ann.webb@example.com,India,2020-08-30,Basic,142.37
4818,Rebecca Ferguson,rebecca.ferguson@shopmail.com,Germany,2024-05-15,Standard,1586.94
4819,John Smith,john.smith@customer.net,France,2023-05-27,Standard,4573.86
4820,Tyler Long,tyler.long@customer.net,Australia,2021-09-14,Standard,3429.89
4821,Nathan Payne,nathan.payne@example.com,UK,2024-01-01,Standard,2264.73
4822,Daniel Walker,daniel.walker@ecommerce.io,Germany,2022-11-12,Standard,3456.73
4823,Theresa Sanders,theresa.sanders@shopmail.com,UK,2021-11-23,Basic,418.88
4824,Jesse Wood,jesse.wood@customer.net,Germany,2021-04-28,Standard,3958.94
4825,Anna Day,anna.day@shopmail.com,USA,2021-10-23,Basic,396.34
4826,Martin Pacheco,martin.pacheco@ecommerce.io,Germany,2023-10-16,Standard,4620.27
4827,Theresa Davis,theresa.davis@example.com,France,2022-09-06,Standard,3471.47
4828,Gary Hancock,gary.hancock@shopmail.com,France,2021-07-14,Standard,3843.63
4829,Tracy Wright,tracy.wright@example.com,Canada,2022-01-22,Standard,4927.42
4830,Donald Jensen,donald.jensen@example.com,USA,2021-09-29,Standard,1255.57
4831,Thomas Sharp,thomas.sharp@example.com,Australia,2023-12-07,Basic,192.16
4832,Ashley Hall,ashley.hall@shopmail.com,Australia,2024-06-12,Premium,19521.68
4833,Katrina King,katrina.king@customer.net,France,2022-06-28,Premium,10122.39
4834,Larry Morgan,larry.morgan@customer.net,India,2024-05-09,Standard,3135.26
4835,Edward Morris,edward.morris@example.com,France,2023-08-01,Premium,24705.98
4836,Annette Russell,annette.russell@customer.net,France,2020-04-19,Basic,886.34
4837,Adam Vaughn,adam.vaughn@ecommerce.io,India,2024-05-12,Premium,33240.34
4838,Kari Norton,kari.norton@ecommerce.io,Canada,2022-04-23,Standard,4905.31
4839,Amy Edwards,amy.edwards@ecommerce.io,USA,2024-04-08,Standard,4958.70
4840,Denise Morris,denise.morris@customer.net,Australia,2024-10-19,Basic,484.55
4841,Jeanne Robertson,jeanne.robertson@example.com,USA,2022-06-03,Standard,1871.72
4842,Michele Haney,michele.haney@ecommerce.io,Germany,2021-03-23,Premium,39127.21
4843,Christopher Garcia,christopher.garcia@shopmail.com,India,2020-08-31,Standard,2420.27
4844,Holly Bennett,holly.bennett@ecommerce.io,Germany,2023-12-17,Basic,925.30
4845,Katherine Martin,katherine.martin@shopmail.com,Australia,2022-06-18,Standard,1934.09
4846,Kaitlin Martin,kaitlin.martin@shopmail.com,Australia,2020-03-18,Standard,1546.82
4847,Samuel Stanton,samuel.stanton@ecommerce.io,France,2022-01-24,Basic,929.59
4848,Benjamin Coleman,benjamin.coleman@shopmail.com,India,2021-04-09,Standard,1906.56
4849,George Pratt,george.pratt@customer.net,India,2024-02-17,Standard,2491.39
4850,Tony Curry,tony.curry@ecommerce.io,France,2021-05-21,Standard,3332.31
4851,Amy Ross,amy.ross@example.com,Germany,2021-02-28,Basic,369.90
4852,Kenneth Graham,kenneth.graham@customer.net,Australia,2021-06-05,Basic,449.90
4853,Kelly Weeks,kelly.weeks@ecommerce.io,Australia,2023-07-18,Basic,615.07
4854,Erica Mills,erica.mills@example.com,Australia,2022-09-24,Standard,2070.94
4855,Christina Watson,christina.watson@example.com,Germany,2020-05-10,Basic,497.76
4856,Debra Thomas,debra.thomas@shopmail.com,UK,2020-06-06,Standard,3054.48
4857,Alexandra Harris,alexandra.harris@example.com,Australia,2024-09-04,Premium,47425.64
4858,Christina Klein,christina.klein@example.com,UK,2024-06-01,Basic,786.89
4859,April King,april.king@customer.net,Germany,2023-12-02,Basic,900.42
4860,Steven Mayer,steven.mayer@ecommerce.io,India,2023-02-25,Basic,283.06
4861,Sara Cortez,sara.cortez@customer.net,Canada,2020-02-22,Standard,3943.78
4862,Melissa Taylor,melissa.taylor@shopmail.com,France,2022-04-09,Premium,17987.70
4863,Alice Calderon,alice.calderon@shopmail.com,UK,2024-04-27,Standard,4736.95
4864,Alejandro Butler,alejandro.butler@customer.net,India,2023-07-23,Basic,413.09
4865,Edward Jones,edward.jones@example.com,France,2024-01-26,Basic,681.23
4866,Tiffany Collins,tiffany.collins@shopmail.com,USA,2023-02-16,Standard,4562.77
4867,Jacob Benson,jacob.benson@customer.net,Germany,2020-09-09,Standard,3399.13
4868,Amanda Rivera,amanda.rivera@customer.net,Germany,2022-06-10,Standard,4810.19
4869,Bruce Harrison,bruce.harrison@ecommerce.io,Australia,2022-03-18,Premium,46187.18
4870,Eric Bell,eric.bell@example.com,UK,2024-06-12,Standard,4396.12
4871,Angie Perez,angie.perez@shopmail.com,Canada,2023-06-10,Premium,31477.24
4872,Courtney Reilly,courtney.reilly@shopmail.com,Australia,2022-06-15,Premium,48737.72
4873,Joshua Hoover,joshua.hoover@customer.net,Germany,2022-01-03,Standard,3468.79
4874,Miranda Silva,miranda.silva@customer.net,India,2022-07-15,Premium,32642.07
4875,Kevin Weber,kevin.weber@ecommerce.io,Canada,2024-07-25,Standard,2614.42
4876,Richard Scott,richard.scott@example.com,France,2020-12-02,Standard,1845.16
4877,Amber Hopkins,amber.hopkins@ecommerce.io,USA,2022-07-26,Basic,373.64
4878,Chris Hernandez,chris.hernandez@ecommerce.io,Germany,2024-12-10,Standard,2228.68
4879,Jessica Ramirez,jessica.ramirez@customer.net,India,2020-04-17,Basic,199.04
4880,Jose Garcia,jose.garcia@customer.net,India,2020-09-19,Standard,2518.44
4881,Laura Matthews,laura.matthews@ecommerce.io,Australia,2023-08-09,Premium,22162.65
4882,Katie Rivera,katie.rivera@ecommerce.io,Canada,2023-04-08,Standard,4031.73
4883,Kelsey Vargas,kelsey.vargas@customer.net,Australia,2022-06-17,Standard,2502.52
4884,Joshua Aguirre,joshua.aguirre@example.com,Canada,2023-05-29,Basic,140.48
4885,Monica Barnett,monica.barnett@ecommerce.io,USA,2021-01-01,Standard,3971.80
4886,Thomas Jackson,thomas.jackson@example.com,Australia,2024-01-18,Standard,4915.08
4887,Krista Hays,krista.hays@ecommerce.io,India,2021-08-13,Basic,932.82
4888,Christopher Pratt,christopher.pratt@customer.net,Germany,2020-10-15,Standard,1722.27
4889,Dwayne Martin,dwayne.martin@shopmail.com,France,2020-01-02,Basic,370.62
4890,Nancy Morris,nancy.morris@shopmail.com,USA,2021-06-01,Basic,932.64
4891,Paula Williams,paula.williams@example.com,Canada,2023-11-07,Standard,2928.81
4892,William Gonzales,william.gonzales@shopmail.com,UK,2022-01-02,Standard,1371.18
4893,Elizabeth Murphy,elizabeth.murphy@customer.net,France,2022-11-24,Standard,2866.23
4894,Vincent Wilson,vincent.wilson@shopmail.com,USA,2020-10-01,Basic,887.36
4895,Ann Bennett,ann.bennett@example.com,France,2021-10-21,Premium,17843.67
4896,Paul Wells,paul.wells@customer.net,Germany,2020-07-13,Standard,3055.33
4897,Larry Boyd,larry.boyd@ecommerce.io,France,2020-04-15,Premium,7689.85
4898,Alyssa Ware,alyssa.ware@customer.net,UK,2020-06-24,Basic,380.82
4899,Megan Moses,megan.moses@ecommerce.io,USA,2020-05-12,Standard,2000.68
4900,Sonia Bass,sonia.bass@customer.net,UK,2023-07-16,Standard,1415.54
4901,Jennifer Larsen,jennifer.larsen@customer.net,India,2023-01-28,Basic,169.85
4902,Ann Henry,ann.henry@example.com,France,2023-10-07,Standard,2621.56
4903,Kristina Jennings,kristina.jennings@customer.net,Canada,2020-09-20,Standard,2322.67
4904,Angela Graham,angela.graham@example.com,Germany,2023-08-08,Standard,3191.66
4905,Michael Johnson,michael.johnson@shopmail.com,India,2022-05-26,Basic,839.77
4906,Michael Owens,michael.owens@shopmail.com,India,2024-01-17,Standard,1288.41
4907,Elizabeth Chandler,elizabeth.chandler@shopmail.com,Australia,2024-03-01,Basic,276.56
4908,Jason Castro,jason.castro@example.com,UK,2021-02-03,Standard,1216.92
4909,Whitney Ayers,whitney.ayers@customer.net,India,2021-11-17,Basic,979.13
4910,Patrick White,patrick.white@ecommerce.io,Australia,2020-02-08,Standard,3701.12
4911,Julie Smith,julie.smith@shopmail.com,UK,2021-08-13,Basic,766.81
4912,Scott Fox,scott.fox@shopmail.com,USA,2022-04-06,Premium,23398.59
4913,Adam Collins,adam.collins@ecommerce.io,USA,2021-06-08,Premium,19389.13
4914,Clinton Wood,clinton.wood@shopmail.com,USA,2020-07-14,Standard,4932.42
4915,Jon Dorsey,jon.dorsey@shopmail.com,UK,2024-10-04,Standard,3960.75
4916,Catherine Johnson,catherine.johnson@shopmail.com,India,2020-10-06,Premium,17504.39
4917,Joshua Mendoza,joshua.mendoza@ecommerce.io,UK,2024-11-14,Premium,48979.18
4918,Bradley Dominguez,bradley.dominguez@shopmail.com,USA,2022-02-01,Premium,22000.13
4919,Johnny Garrett,johnny.garrett@example.com,Australia,2024-02-22,Standard,3455.80
4920,Teresa Morrow,teresa.morrow@example.com,USA,2024-04-01,Premium,14348.05
4921,Michelle Pennington,michelle.pennington@shopmail.com,UK,2023-03-25,Standard,1404.11
4922,Wendy Chen,wendy.chen@shopmail.com,Canada,2021-01-06,Standard,3068.09
4923,Tracy Wells,tracy.wells@example.com,India,2021-03-15,Basic,242.49
4924,Nancy Christensen,nancy.christensen@ecommerce.io,Canada,2024-08-31,Basic,873.93
4925,Lindsey Johnson,lindsey.johnson@ecommerce.io,UK,2021-03-19,Standard,2217.12
4926,Anthony Shannon,anthony.shannon@ecommerce.io,India,2024-07-04,Standard,2191.80
4927,Eric Fitzgerald,eric.fitzgerald@example.com,UK,2021-06-24,Standard,3334.60
4928,Monica Anderson,monica.anderson@shopmail.com,Canada,2020-12-22,Standard,3981.69
4929,Robert Singleton,robert.singleton@ecommerce.io,UK,2022-06-14,Basic,775.32
4930,Brian Walsh,brian.walsh@customer.net,Australia,2024-11-10,Standard,4283.78
4931,Bryan Davis,bryan.davis@ecommerce.io,UK,2023-06-27,Standard,2887.59
4932,Amy Lucero,amy.lucero@customer.net,India,2024-05-04,Standard,1368.46
4933,James Mendez,james.mendez@customer.net,Germany,2022-01-29,Standard,4256.30
4934,Allen Hood,allen.hood@example.com,Canada,2022-09-26,Standard,4056.12
4935,Melanie Stewart,melanie.stewart@shopmail.com,Canada,2024-05-31,Standard,1985.15
4936,Jenna Bullock,jenna.bullock@example.com,France,2022-05-03,Standard,2665.96
4937,Brenda Blackburn,brenda.blackburn@customer.net,India,2022-01-26,Premium,14862.90
4938,Zachary Shepard,zachary.shepard@ecommerce.io,UK,2021-08-13,Standard,4512.63
4939,Richard Monroe,richard.monroe@ecommerce.io,India,2022-03-17,Basic,490.87
4940,Elizabeth Brown,elizabeth.brown@shopmail.com,Canada,2021-03-02,Standard,3244.77
4941,Mandy Mason,mandy.mason@customer.net,UK,2024-04-09,Standard,3535.16
4942,Jessica Miller,jessica.miller@ecommerce.io,Australia,2021-05-26,Basic,238.69
4943,Scott Hill,scott.hill@customer.net,Germany,2023-04-28,Standard,1602.94
4944,James Wagner,james.wagner@customer.net,USA,2020-11-16,Premium,33842.91
4945,Gerald Francis,gerald.francis@customer.net,UK,2024-03-05,Basic,662.77
4946,Mary Smith,mary.smith@ecommerce.io,Canada,2021-03-11,Basic,946.17
4947,Joshua Bell,joshua.bell@ecommerce.io,France,2024-03-14,Standard,2716.66
4948,Matthew Carroll,matthew.carroll@example.com,Germany,2024-05-26,Standard,1405.07
4949,Heather Knight,heather.knight@shopmail.com,Canada,2023-03-04,Basic,523.35
4950,Steven Wilson,steven.wilson@example.com,Germany,2020-07-15,Standard,2417.94
4951,Christopher Blair,christopher.blair@example.com,USA,2022-03-17,Standard,4587.75
4952,Jacob Garza,jacob.garza@shopmail.com,Australia,2022-08-03,Standard,1353.54
4953,Tammy Wang,tammy.wang@customer.net,India,2021-03-02,Standard,2895.94
4954,Kristina Robinson,kristina.robinson@customer.net,Australia,2020-12-06,Standard,4100.06
4955,Nicholas Miller,nicholas.miller@example.com,Canada,2023-01-03,Basic,652.19
4956,Jennifer Wright,jennifer.wright@example.com,France,2020-10-13,Basic,447.94
4957,Mary May,mary.may@shopmail.com,USA,2020-09-26,Standard,4916.85
4958,Rachel Lee,rachel.lee@customer.net,India,2021-02-06,Basic,632.94
4959,Katelyn Anderson,katelyn.anderson@customer.net,Germany,2021-01-11,Standard,2293.26
4960,Brian Mccarthy,brian.mccarthy@shopmail.com,Australia,2023-03-30,Standard,4965.98
4961,Gregory Taylor,gregory.taylor@customer.net,India,2023-12-09,Standard,2186.15
4962,Leslie Perez,leslie.perez@shopmail.com,India,2021-01-26,Basic,638.06
4963,Jacob Stephenson,jacob.stephenson@ecommerce.io,USA,2021-03-16,Standard,2581.65
4964,Gregory Phillips,gregory.phillips@example.com,Australia,2020-08-12,Standard,1726.09
4965,Heidi Baker,heidi.baker@customer.net,Australia,2021-08-21,Standard,3268.63
4966,Tracy Lane,tracy.lane@customer.net,Germany,2023-10-08,Premium,6150.87
4967,Michael May,michael.may@shopmail.com,UK,2021-11-04,Standard,1882.69
4968,Shannon Welch,shannon.welch@example.com,Germany,2020-08-08,Premium,12641.37
4969,Marie Johnson,marie.johnson@example.com,USA,2022-04-01,Basic,798.46
4970,Mary Cruz,mary.cruz@ecommerce.io,Australia,2023-04-13,Standard,1135.55
4971,Amanda Clark,amanda.clark@shopmail.com,UK,2021-04-19,Basic,344.96
4972,Jacqueline Reed,jacqueline.reed@customer.net,Australia,2022-05-08,Standard,4332.92
4973,Lisa Hogan,lisa.hogan@shopmail.com,Australia,2021-07-14,Standard,3133.92
4974,Jared Lyons,jared.lyons@example.com,India,2023-02-27,Premium,29547.29
4975,William Gallegos,william.gallegos@example.com,Australia,2020-05-07,Standard,4820.05
4976,Laura Davis,laura.davis@customer.net,France,2021-03-19,Basic,133.93
4977,Kiara Scott,kiara.scott@example.com,USA,2022-03-31,Basic,109.38
4978,Taylor Johnson,taylor.johnson@example.com,India,2020-02-21,Standard,1190.24
4979,Darius Barrett,darius.barrett@shopmail.com,USA,2020-11-04,Standard,3118.55
4980,Jacob Taylor,jacob.taylor@customer.net,India,2022-05-04,Basic,933.25
4981,Brenda Watson,brenda.watson@example.com,Australia,2020-05-28,Standard,4504.68
4982,Nicholas Chapman,nicholas.chapman@shopmail.com,Canada,2020-10-22,Standard,1487.98
4983,Arthur Haynes,arthur.haynes@shopmail.com,Canada,2022-10-24,Basic,905.79
4984,Crystal Booth,crystal.booth@ecommerce.io,France,2021-06-18,Basic,899.34
4985,Alan Fisher,alan.fisher@shopmail.com,Canada,2021-02-08,Basic,167.22
4986,Matthew Wong,matthew.wong@customer.net,France,2023-10-06,Premium,9327.58
4987,Craig Gentry,craig.gentry@example.com,UK,2023-01-18,Basic,443.94
4988,Kevin Owens,kevin.owens@customer.net,USA,2024-10-17,Premium,36585.05
4989,Jacob Johnson,jacob.johnson@customer.net,USA,2021-02-20,Premium,44460.73
4990,Lisa Bryant,lisa.bryant@example.com,France,2023-10-28,Basic,378.49
4991,Barbara Graham,barbara.graham@example.com,UK,2021-09-13,Basic,915.59
4992,Reginald Flowers,reginald.flowers@example.com,UK,2022-12-02,Standard,3222.58
4993,Johnny Brooks,johnny.brooks@ecommerce.io,USA,2020-09-01,Standard,1530.08
4994,Matthew Gregory,matthew.gregory@ecommerce.io,Canada,2020-10-06,Standard,4634.56
4995,Kevin Arellano,kevin.arellano@example.com,India,2023-05-29,Basic,291.81
4996,Natalie Hines,natalie.hines@ecommerce.io,Germany,2022-02-18,Standard,2178.26
4997,Rachel Hunter,rachel.hunter@example.com,UK,2023-02-08,Standard,4154.47
4998,Robert Schroeder,robert.schroeder@customer.net,Canada,2023-06-12,Premium,48678.16
4999,Stephanie Morales,stephanie.morales@customer.net,USA,2024-05-21,Standard,3310.38
5000,Anthony Hunt,anthony.hunt@shopmail.com,Australia,2020-11-06,Standard,1475.88
5001,Sandra Tanner,sandra.tanner@example.com,USA,2023-12-25,Standard,1949.87
5002,Tammy Bender,tammy.bender@shopmail.com,Canada,2020-04-15,Basic,469.87
5003,James Compton,james.compton@shopmail.com,Germany,2020-05-16,Standard,2626.08
5004,Karen Anderson,karen.anderson@ecommerce.io,Canada,2020-12-08,Standard,4993.36
5005,Mason Choi,mason.choi@customer.net,Australia,2021-09-30,Premium,45203.95
5006,Tara Parker,tara.parker@ecommerce.io,Canada,2022-09-23,Premium,37429.88
5007,Katie Solis,katie.solis@customer.net,France,2023-01-16,Premium,31874.48
5008,Stephen Martin,stephen.martin@ecommerce.io,Germany,2022-03-10,Standard,3418.04
5009,Aaron Hernandez,aaron.hernandez@shopmail.com,USA,2020-03-03,Standard,2476.98
5010,Nicole Turner,nicole.turner@ecommerce.io,Germany,2022-07-13,Standard,2391.47
5011,Christopher Young,christopher.young@customer.net,UK,2022-01-18,Standard,2456.25
5012,James Davis,james.davis@shopmail.com,India,2021-01-12,Standard,2793.02
5013,John Cohen,john.cohen@customer.net,UK,2022-03-09,Basic,463.79
5014,Megan Brooks,megan.brooks@ecommerce.io,Germany,2022-01-21,Basic,123.30
5015,Thomas Cooper,thomas.cooper@example.com,Germany,2020-02-16,Standard,3653.35
5016,Thomas Mcdaniel,thomas.mcdaniel@ecommerce.io,USA,2024-09-13,Premium,15011.70
5017,Holly Durham,holly.durham@customer.net,France,2023-08-20,Basic,960.15
5018,Elizabeth Guerra,elizabeth.guerra@shopmail.com,Canada,2020-03-23,Standard,4149.81
5019,Jasmin Hines,jasmin.hines@example.com,USA,2020-01-08,Standard,4873.66
5020,Cody Anderson,cody.anderson@customer.net,Germany,2023-01-13,Basic,639.55
5021,Kathryn Anderson,kathryn.anderson@example.com,Germany,2020-10-04,Standard,3145.19
5022,Kerri Villanueva,kerri.villanueva@customer.net,UK,2021-01-28,Premium,27567.60
5023,Lori Cross,lori.cross@ecommerce.io,India,2024-06-11,Premium,34682.04
5024,Roger Long,roger.long@shopmail.com,France,2020-10-30,Premium,13144.16
5025,Charles Freeman,charles.freeman@ecommerce.io,USA,2023-01-02,Standard,2110.87
5026,Joy Willis,joy.willis@shopmail.com,France,2021-01-29,Standard,2431.66
5027,Jeffrey Franklin,jeffrey.franklin@ecommerce.io,USA,2020-01-03,Standard,2091.68
5028,Katrina Wood,katrina.wood@ecommerce.io,Germany,2023-05-24,Premium,41114.02
5029,Matthew Morrow,matthew.morrow@example.com,Australia,2020-08-24,Standard,4744.05
5030,Cheryl Walton,cheryl.walton@example.com,India,2024-10-12,Standard,4782.77
5031,Robin Brewer,robin.brewer@ecommerce.io,India,2022-06-26,Standard,4710.58
5032,Devin Lopez,devin.lopez@shopmail.com,India,2020-01-16,Premium,40619.55
5033,Jason Graham,jason.graham@example.com,Australia,2023-12-05,Standard,4744.03
5034,Matthew Valdez,matthew.valdez@customer.net,France,2020-03-24,Standard,3395.18
5035,Ronald Mitchell,ronald.mitchell@shopmail.com,USA,2020-09-18,Standard,4706.54
5036,Paul Nicholson,paul.nicholson@example.com,USA,2021-09-06,Premium,9604.70
5037,Austin Mullen,austin.mullen@ecommerce.io,UK,2021-09-09,Standard,1308.81
5038,Robert Martin,robert.martin@shopmail.com,India,2024-04-09,Standard,3042.15
5039,Faith Flowers,faith.flowers@ecommerce.io,Canada,2022-08-19,Basic,600.10
5040,Steven Miller,steven.miller@ecommerce.io,Australia,2024-12-14,Basic,665.93
5041,Gina Garcia,gina.garcia@shopmail.com,USA,2023-08-06,Standard,3039.76
5042,Michelle Lara,michelle.lara@shopmail.com,USA,2022-02-28,Standard,1888.05
5043,Alexander Flores,alexander.flores@example.com,Australia,2021-04-10,Standard,2858.64
5044,Autumn Cruz,autumn.cruz@example.com,Australia,2020-10-25,Standard,1389.39
5045,Shawn Tucker,shawn.tucker@customer.net,Canada,2021-05-05,Basic,839.82
5046,Susan Morales,susan.morales@example.com,Canada,2024-07-25,Standard,2327.73
5047,Kelsey Turner,kelsey.turner@ecommerce.io,Germany,2024-05-25,Standard,2488.33
5048,Jonathan Walters,jonathan.walters@example.com,France,2024-04-04,Standard,2113.03
5049,Cassandra Lang,cassandra.lang@example.com,India,2022-05-08,Standard,3410.97
5050,Shannon Watson,shannon.watson@example.com,Australia,2021-09-02,Standard,2437.14
5051,Thomas Rogers,thomas.rogers@customer.net,USA,2022-02-11,Premium,8000.49
5052,Amanda Diaz,amanda.diaz@ecommerce.io,Germany,2022-07-30,Premium,15826.67
5053,Kristen Pollard,kristen.pollard@ecommerce.io,Canada,2022-06-28,Standard,4574.72
5054,Amanda Reyes,amanda.reyes@ecommerce.io,UK,2022-06-28,Premium,23646.85
5055,Emily Hernandez,emily.hernandez@customer.net,Australia,2023-02-21,Basic,162.20
5056,Matthew Villa,matthew.villa@example.com,UK,2022-01-02,Standard,1879.81
5057,Brittany Gonzalez,brittany.gonzalez@ecommerce.io,UK,2022-09-07,Premium,37529.87
5058,Lisa Luna,lisa.luna@shopmail.com,Australia,2023-06-09,Standard,4395.52
5059,Spencer Williams,spencer.williams@ecommerce.io,Germany,2024-05-03,Standard,4349.45
5060,Juan Martinez,juan.martinez@shopmail.com,Canada,2024-07-01,Basic,888.80
5061,Tracy Richardson,tracy.richardson@ecommerce.io,Australia,2021-01-12,Premium,15817.47
5062,Pamela Parks,pamela.parks@ecommerce.io,UK,2021-03-11,Premium,18566.67
5063,Johnny Rogers,johnny.rogers@example.com,Canada,2020-06-12,Premium,25446.61
5064,Kenneth Fuentes,kenneth.fuentes@example.com,Australia,2021-11-08,Premium,20390.36
5065,Amy White,amy.white@customer.net,France,2020-08-09,Basic,394.87
5066,Michael Smith,michael.smith@customer.net,Canada,2024-09-28,Standard,4826.75
5067,Mark Fields,mark.fields@customer.net,UK,2024-09-04,Basic,549.09
5068,Caitlin Howard,caitlin.howard@example.com,UK,2021-07-22,Basic,248.09
5069,Benjamin Rodgers,benjamin.rodgers@shopmail.com,India,2021-03-12,Standard,1886.49
5070,John Miller,john.miller@ecommerce.io,Australia,2023-05-13,Premium,18100.25
5071,Cody Acosta,cody.acosta@shopmail.com,India,2020-06-18,Premium,19497.13
5072,Cynthia Jordan,cynthia.jordan@shopmail.com,France,2022-03-03,Standard,1905.44
5073,Joshua Bonilla,joshua.bonilla@shopmail.com,France,2022-06-10,Standard,2569.24
5074,Hannah Sanchez,hannah.sanchez@example.com,Germany,2020-11-19,Basic,189.29
5075,Margaret Conley,margaret.conley@shopmail.com,France,2020-10-11,Standard,4316.88
5076,Jessica Mills,jessica.mills@example.com,Germany,2022-08-08,Premium,29370.83
5077,Stephen Jones,stephen.jones@example.com,Canada,2023-11-02,Basic,316.66
5078,Nathan Thomas,nathan.thomas@customer.net,Germany,2023-05-22,Premium,14446.22
5079,Tiffany Little,tiffany.little@example.com,Germany,2021-03-29,Basic,987.58
5080,Nicole Reyes,nicole.reyes@example.com,UK,2020-09-05,Basic,855.10
5081,Tina Miller,tina.miller@example.com,Canada,2022-12-24,Standard,4120.94
5082,Sara Curry,sara.curry@example.com,UK,2020-11-05,Basic,140.57
5083,Roberto Johnson,roberto.johnson@example.com,USA,2023-03-26,Premium,15771.18
5084,Stephanie Scott,stephanie.scott@ecommerce.io,France,2021-04-07,Standard,2957.64
5085,Denise Andrade,denise.andrade@example.com,USA,2020-04-29,Standard,3584.51
5086,Mary Hamilton,mary.hamilton@ecommerce.io,Germany,2020-07-22,Premium,21955.23
5087,Darren Lee,darren.lee@ecommerce.io,Germany,2024-01-05,Premium,37307.37
5088,Jose Turner,jose.turner@customer.net,USA,2022-11-18,Standard,3959.85
5089,Willie Dickerson,willie.dickerson@ecommerce.io,USA,2024-01-29,Standard,2797.99
5090,John Lindsey,john.lindsey@shopmail.com,UK,2020-01-01,Basic,357.09
5091,Nicholas Kennedy,nicholas.kennedy@shopmail.com,UK,2024-03-01,Basic,310.90
5092,Kathleen Kim,kathleen.kim@customer.net,Germany,2024-05-20,Basic,581.03
5093,Julie Osborne,julie.osborne@ecommerce.io,Germany,2021-08-16,Premium,24849.15
5094,Joshua Powers,joshua.powers@shopmail.com,Germany,2020-01-27,Standard,4129.49
5095,Cassandra Browning,cassandra.browning@ecommerce.io,India,2021-12-23,Premium,13811.53
5096,Erika Nelson,erika.nelson@example.com,USA,2023-10-04,Standard,2805.44
5097,Richard Smith,richard.smith@customer.net,Australia,2022-05-26,Standard,2359.93
5098,Robert Anderson,robert.anderson@customer.net,Australia,2024-04-04,Standard,2672.36
5099,Joseph George,joseph.george@shopmail.com,France,2020-06-26,Premium,41961.51
5100,Theresa Flores,theresa.flores@customer.net,France,2020-04-22,Standard,2627.12
5101,Jeffrey Smith,jeffrey.smith@example.com,UK,2020-09-27,Premium,16065.79
5102,Mark Brown,mark.brown@customer.net,Germany,2023-07-06,Standard,3188.38
5103,Keith Joseph,keith.joseph@example.com,Germany,2023-07-12,Basic,843.32
5104,Margaret Matthews,margaret.matthews@shopmail.com,Canada,2021-05-18,Standard,1541.93
5105,Cynthia Murphy,cynthia.murphy@customer.net,USA,2023-01-09,Premium,21008.11
5106,Paul Spears,paul.spears@shopmail.com,Germany,2024-08-03,Premium,33609.15
5107,Alexander Peterson,alexander.peterson@ecommerce.io,Germany,2021-03-27,Basic,920.45
5108,Michael Wallace,michael.wallace@ecommerce.io,India,2020-11-07,Premium,32282.33
5109,Steven Newton,steven.newton@example.com,USA,2024-03-08,Premium,16017.85
5110,Jason Wolfe,jason.wolfe@shopmail.com,France,2024-03-20,Basic,584.09
5111,Emily Scott,emily.scott@shopmail.com,India,2021-05-13,Basic,732.74
5112,Antonio Phelps,antonio.phelps@shopmail.com,Canada,2022-06-14,Premium,20506.08
5113,Tammy Welch,tammy.welch@customer.net,Germany,2023-06-08,Standard,1834.77
5114,Anna Reed,anna.reed@ecommerce.io,USA,2022-10-02,Basic,693.20
5115,Jared Mercer,jared.mercer@customer.net,Germany,2021-12-02,Standard,3280.50
5116,Mike Carter,mike.carter@ecommerce.io,UK,2022-12-08,Basic,225.51
5117,Leslie Craig,leslie.craig@ecommerce.io,Australia,2024-11-18,Premium,6365.02
5118,Anthony Weber,anthony.weber@ecommerce.io,UK,2023-12-05,Standard,2711.88
5119,Garrett Bell,garrett.bell@customer.net,Germany,2024-11-08,Standard,4172.06
5120,Ryan Forbes,ryan.forbes@ecommerce.io,USA,2024-07-07,Standard,1578.00
5121,Andrew Mcpherson,andrew.mcpherson@ecommerce.io,Canada,2021-12-08,Premium,14927.33
5122,Angela Henry,angela.henry@shopmail.com,Germany,2024-09-04,Basic,428.89
5123,Jimmy Morse,jimmy.morse@customer.net,France,2022-08-19,Standard,4909.71
5124,David Lawson,david.lawson@customer.net,France,2021-08-24,Standard,3354.72
5125,Melissa Davis,melissa.davis@ecommerce.io,India,2024-06-30,Premium,30999.03
5126,Jeffery Gay,jeffery.gay@example.com,USA,2021-09-20,Basic,466.12
5127,Ashley White,ashley.white@example.com,Germany,2023-03-30,Premium,10832.62
5128,Erik Waters,erik.waters@ecommerce.io,Germany,2022-12-29,Standard,4715.24
5129,Jessica Morales,jessica.morales@shopmail.com,India,2023-10-08,Basic,148.81
5130,Ricky Potter,ricky.potter@shopmail.com,India,2022-07-05,Standard,4503.26
5131,Robert Greene,robert.greene@shopmail.com,France,2021-04-18,Basic,765.73
5132,Luis Cox,luis.cox@customer.net,France,2024-05-11,Basic,293.96
5133,Daniel Dyer,daniel.dyer@ecommerce.io,India,2020-10-10,Standard,1291.80
5134,Susan Gill,susan.gill@ecommerce.io,Germany,2024-11-14,Standard,4130.32
5135,Louis Nichols,louis.nichols@example.com,UK,2020-10-28,Standard,4149.69
5136,Philip Trevino,philip.trevino@customer.net,Germany,2023-01-31,Standard,4935.86
5137,Troy Marshall,troy.marshall@example.com,Canada,2021-12-07,Standard,4889.86
5138,Margaret Cole,margaret.cole@customer.net,India,2024-12-01,Basic,223.25
5139,Sandra Thompson,sandra.thompson@ecommerce.io,Australia,2023-09-04,Premium,7337.28
5140,Keith Patel,keith.patel@shopmail.com,Australia,2023-06-05,Premium,28836.49
5141,Matthew Marshall,matthew.marshall@customer.net,France,2023-10-25,Premium,42839.42
5142,Gerald Solomon,gerald.solomon@shopmail.com,India,2021-05-12,Basic,273.76
5143,Patrick Delgado,patrick.delgado@shopmail.com,Australia,2020-04-24,Standard,4705.86
5144,Terri Jenkins,terri.jenkins@ecommerce.io,Canada,2020-05-11,Standard,3871.07
5145,Dana Montgomery,dana.montgomery@customer.net,India,2024-02-03,Standard,2781.07
5146,Dillon Harvey,dillon.harvey@customer.net,Australia,2021-03-25,Standard,3683.61
5147,Yolanda Greene,yolanda.greene@customer.net,UK,2020-01-09,Basic,201.54
5148,Jessica Dougherty,jessica.dougherty@shopmail.com,USA,2024-08-09,Basic,954.23
5149,Mark Wright,mark.wright@ecommerce.io,France,2021-07-03,Premium,10692.51
5150,Ashley Kennedy,ashley.kennedy@shopmail.com,UK,2024-03-21,Basic,291.26
5151,Christopher Wood,christopher.wood@customer.net,USA,2024-06-05,Basic,558.56
5152,Julia Stephenson,julia.stephenson@customer.net,Germany,2024-01-22,Basic,766.06
5153,Destiny Arnold,destiny.arnold@shopmail.com,Germany,2020-01-18,Premium,43331.96
5154,Michelle Jefferson,michelle.jefferson@ecommerce.io,France,2021-08-08,Standard,4562.61
5155,Evan Wood,evan.wood@shopmail.com,USA,2023-02-25,Basic,986.83
5156,Nancy Thompson,nancy.thompson@ecommerce.io,France,2024-01-04,Basic,850.55
5157,Sharon Morse,sharon.morse@shopmail.com,UK,2021-06-19,Premium,32973.42
5158,Marcus Carter,marcus.carter@example.com,France,2021-03-16,Basic,436.78
5159,Patricia Clark,patricia.clark@example.com,USA,2020-08-09,Basic,909.03
5160,Steven Sanchez,steven.sanchez@example.com,Germany,2021-12-07,Standard,4148.33
5161,Carrie Fritz,carrie.fritz@example.com,France,2024-12-02,Standard,1195.15
5162,Laura Kaufman,laura.kaufman@example.com,Canada,2021-06-06,Basic,674.25
5163,Vincent Rodriguez,vincent.rodriguez@example.com,Canada,2021-05-10,Premium,7874.35
5164,Cassandra Rivera,cassandra.rivera@ecommerce.io,USA,2023-11-08,Standard,1854.31
5165,Samantha Moore,samantha.moore@example.com,Canada,2022-11-20,Standard,3582.90
5166,Steven Rivers,steven.rivers@customer.net,Canada,2021-12-22,Standard,3022.74
5167,Adam Johnson,adam.johnson@example.com,USA,2022-04-05,Premium,28234.38
5168,Erica Camacho,erica.camacho@ecommerce.io,Germany,2020-08-13,Standard,2948.23
5169,Wendy Atkins,wendy.atkins@ecommerce.io,USA,2020-07-05,Basic,965.86
5170,Chad Butler,chad.butler@shopmail.com,Germany,2024-06-06,Standard,4647.59
5171,Jordan Baldwin,jordan.baldwin@shopmail.com,Germany,2023-12-08,Premium,9627.38
5172,David Frank,david.frank@ecommerce.io,France,2022-03-08,Premium,24093.20
5173,Deborah Ferguson,deborah.ferguson@customer.net,USA,2020-06-23,Basic,611.88
5174,Andrew Castillo,andrew.castillo@customer.net,Germany,2021-12-30,Standard,3316.57
5175,Jessica Carter,jessica.carter@shopmail.com,Australia,2021-02-11,Basic,243.85
5176,Raymond Short,raymond.short@example.com,Australia,2021-10-19,Premium,43917.69
5177,Kayla Cox,kayla.cox@shopmail.com,Canada,2021-01-23,Standard,2022.33
5178,Jennifer Hunt,jennifer.hunt@example.com,France,2021-12-13,Standard,2687.93
5179,Debra Patterson,debra.patterson@shopmail.com,France,2022-01-26,Standard,1987.65
5180,David Thomas,david.thomas@shopmail.com,France,2023-09-05,Basic,633.94
5181,Jose Bryan,jose.bryan@shopmail.com,Canada,2020-11-22,Basic,449.11
5182,Karen Rodriguez,karen.rodriguez@example.com,Germany,2024-05-09,Standard,3801.60
5183,Gary Gutierrez,gary.gutierrez@example.com,USA,2023-10-27,Standard,2321.00
5184,Matthew Durham,matthew.durham@customer.net,Germany,2023-01-27,Basic,536.39
5185,Laura Clark,laura.clark@example.com,India,2024-11-26,Basic,798.73
5186,Colton May,colton.may@ecommerce.io,UK,2020-11-18,Premium,45542.76
5187,Charles Nolan,charles.nolan@customer.net,India,2022-02-25,Standard,2719.99
5188,Travis Sanchez,travis.sanchez@shopmail.com,Canada,2021-10-10,Standard,1278.53
5189,Jordan Phillips,jordan.phillips@example.com,UK,2021-10-17,Standard,1503.13
5190,Sean Cobb,sean.cobb@ecommerce.io,Germany,2020-08-06,Standard,4873.12
5191,Holly Carroll,holly.carroll@customer.net,India,2021-01-25,Premium,47361.96
5192,Brooke Juarez,brooke.juarez@customer.net,UK,2024-12-19,Premium,37492.71
5193,Earl Roberts,earl.roberts@customer.net,India,2024-08-24,Premium,15069.21
5194,Jeffrey Wood,jeffrey.wood@shopmail.com,Germany,2024-06-12,Basic,527.60
5195,Michael Carter,michael.carter@example.com,USA,2024-12-04,Standard,4039.82
5196,Shirley Moore,shirley.moore@ecommerce.io,UK,2023-11-20,Standard,3929.95
5197,Cynthia Alvarez,cynthia.alvarez@customer.net,UK,2020-01-03,Standard,4120.93
5198,Scott Phillips,scott.phillips@customer.net,USA,2020-10-26,Premium,8293.25
5199,Julia Neal,julia.neal@ecommerce.io,UK,2021-01-31,Basic,365.68
5200,Dwayne Carter,dwayne.carter@shopmail.com,Australia,2020-04-16,Standard,2395.20
5201,Patrick Walsh,patrick.walsh@customer.net,Germany,2020-07-11,Standard,4029.57
5202,Anthony Lewis,anthony.lewis@customer.net,USA,2023-10-20,Basic,621.66
5203,Kevin Silva,kevin.silva@example.com,Germany,2022-01-17,Standard,3839.11
5204,Jordan Griffith,,Germany,2024-04-25,Standard,2821.04
5205,Julie Ferrell,julie.ferrell@customer.net,France,2024-10-16,Standard,1938.11
5206,Richard Montgomery,richard.montgomery@ecommerce.io,USA,2020-02-05,Standard,3459.97
5207,George Cooper,george.cooper@shopmail.com,India,2024-09-15,Standard,2126.20
5208,Eric Farrell,eric.farrell@customer.net,Australia,2023-12-30,Premium,21403.82
5209,Leon Brooks,leon.brooks@shopmail.com,Australia,2021-01-08,Basic,214.47
5210,Michelle Washington,michelle.washington@example.com,India,2021-06-13,Premium,15974.48
5211,Gary Fox,gary.fox@example.com,Germany,2020-02-13,Standard,2447.38
5212,Gregory Prince,gregory.prince@shopmail.com,Germany,2020-04-12,Standard,4049.05
5213,Alexis Arroyo,alexis.arroyo@example.com,USA,2021-11-04,Standard,1148.57
5214,Matthew Parker,matthew.parker@example.com,USA,2022-03-23,Basic,737.96
5215,Jeffrey Ramirez,jeffrey.ramirez@customer.net,USA,2020-03-03,Basic,553.53
5216,Kimberly Mccormick,kimberly.mccormick@ecommerce.io,France,2023-03-17,Premium,37299.55
5217,Debra Kelly,debra.kelly@customer.net,Canada,2023-05-09,Standard,2822.86
5218,Stephen Durham,stephen.durham@shopmail.com,UK,2021-10-14,Standard,2156.09
5219,Rebecca Larsen,rebecca.larsen@shopmail.com,Canada,2022-10-04,Standard,4577.72
5220,Megan Logan,megan.logan@example.com,Canada,2023-03-14,Standard,2611.68
5221,Alexandria Perez,alexandria.perez@ecommerce.io,Germany,2021-05-11,Standard,4881.20
5222,James Beck,james.beck@customer.net,Australia,2022-03-04,Basic,867.76
5223,Raymond Garcia,raymond.garcia@shopmail.com,India,2020-11-15,Standard,1091.78
5224,Mark Jones,mark.jones@customer.net,Australia,2020-10-11,Standard,4269.15
5225,Angela Nichols,angela.nichols@ecommerce.io,UK,2024-05-13,Standard,3073.79
5226,Judith Salas,judith.salas@ecommerce.io,Canada,2024-10-23,Standard,4555.89
5227,Tara Brown,tara.brown@customer.net,Australia,2020-09-20,Basic,361.09
5228,Ashley Wright,ashley.wright@example.com,Australia,2024-12-08,Premium,38058.68
5229,Jonathan Stevenson,jonathan.stevenson@example.com,France,2022-03-12,Standard,3656.28
5230,Hannah Curtis,hannah.curtis@customer.net,India,2020-02-05,Premium,19383.33
5231,John Norris,john.norris@ecommerce.io,Canada,2021-03-02,Standard,4295.61
5232,Stephen Williams,stephen.williams@example.com,Germany,2023-08-27,Standard,1811.67
5233,Chelsea Arnold,chelsea.arnold@shopmail.com,UK,2021-10-17,Premium,45437.02
5234,Christopher Lee,christopher.lee@shopmail.com,Germany,2023-05-10,Basic,741.49
5235,Mariah Brown,mariah.brown@shopmail.com,India,2020-01-27,Basic,180.47
5236,Rebecca Mills,rebecca.mills@example.com,France,2020-04-17,Premium,28684.55
5237,Bruce Perez,bruce.perez@shopmail.com,USA,2023-02-06,Standard,2773.47
5238,Brenda Perkins,brenda.perkins@example.com,India,2021-09-26,Premium,43412.36
5239,Steven Herrera,steven.herrera@example.com,UK,2022-12-14,Standard,3574.79
5240,Kimberly Flores,kimberly.flores@ecommerce.io,Australia,2021-07-24,Basic,158.02
5241,Cynthia Gonzalez,cynthia.gonzalez@shopmail.com,France,2023-10-30,Standard,1202.29
5242,Darren Miller,darren.miller@example.com,Canada,2023-12-17,Basic,298.56
5243,James Daniels,james.daniels@customer.net,USA,2021-05-11,Standard,4081.26
5244,Jason Freeman,jason.freeman@example.com,France,2024-06-03,Standard,4243.10
5245,Ashley Perkins,ashley.perkins@shopmail.com,Australia,2023-07-24,Premium,24309.02
5246,Michelle Rodriguez,michelle.rodriguez@ecommerce.io,India,2022-07-28,Premium,45235.83
5247,Olivia Waters,olivia.waters@customer.net,India,2020-01-08,Basic,884.63
5248,James Shaffer,james.shaffer@shopmail.com,USA,2024-08-23,Basic,876.85
5249,Christina Bryant,christina.bryant@ecommerce.io,Australia,2023-01-28,Premium,47609.49
5250,Aaron Webster,aaron.webster@shopmail.com,USA,2024-10-31,Standard,3451.49
5251,Carolyn Vasquez,carolyn.vasquez@shopmail.com,France,2022-07-06,Standard,3474.94
5252,Gregory Hunter,gregory.hunter@shopmail.com,USA,2023-02-16,Standard,3338.12
5253,Willie Bean,willie.bean@ecommerce.io,UK,2023-09-28,Premium,23998.58
5254,Kevin Camacho,kevin.camacho@customer.net,Australia,2024-11-03,Standard,2423.91
5255,John Hill,john.hill@example.com,Germany,2024-07-21,Premium,26861.98
5256,Anna Parker,anna.parker@example.com,France,2022-10-11,Standard,2914.86
5257,Scott Rowland,scott.rowland@shopmail.com,Australia,2022-12-23,Basic,588.42
5258,Sonya Freeman,sonya.freeman@customer.net,UK,2022-06-04,Basic,590.27
5259,Luis Mccann,luis.mccann@ecommerce.io,USA,2020-06-28,Basic,755.84
5260,Thomas Martin,thomas.martin@shopmail.com,Germany,2022-04-02,Standard,1687.59
5261,Cameron Reynolds,cameron.reynolds@customer.net,Germany,2022-06-09,Premium,24973.40
5262,Kevin Schaefer,kevin.schaefer@example.com,France,2023-12-03,Basic,719.01
5263,Scott Little,scott.little@customer.net,USA,2022-03-20,Standard,4958.04
5264,Amanda White,amanda.white@shopmail.com,France,2023-08-05,Standard,3408.91
5265,Kimberly Hines,kimberly.hines@example.com,Germany,2021-08-19,Basic,622.70
5266,Jason Shaw,jason.shaw@ecommerce.io,France,2023-01-01,Standard,1424.69
5267,Luke Moreno,luke.moreno@customer.net,Germany,2022-08-10,Standard,1609.18
5268,Dakota Evans,dakota.evans@customer.net,Germany,2021-08-29,Standard,1099.75
5269,Chelsea Duncan,chelsea.duncan@ecommerce.io,Australia,2022-12-25,Basic,122.17
5270,Eric Moore,eric.moore@example.com,Australia,2021-08-18,Premium,10615.93
5271,Katie Floyd,katie.floyd@customer.net,Canada,2022-09-15,Standard,3205.74
5272,Melissa Bishop,melissa.bishop@example.com,India,2020-10-11,Premium,31560.41
5273,Eric Frye,eric.frye@ecommerce.io,India,2022-03-22,Basic,415.83
5274,Tina Valdez,tina.valdez@customer.net,USA,2023-08-20,Premium,10136.78
5275,Kristina Chan,kristina.chan@customer.net,USA,2020-04-24,Basic,885.73
5276,Joseph Cantu,joseph.cantu@example.com,USA,2024-01-11,Standard,3413.88
5277,Thomas Chase,thomas.chase@shopmail.com,France,2022-07-04,Standard,3244.71
5278,Kevin Thomas,kevin.thomas@ecommerce.io,Australia,2022-08-06,Basic,993.18
5279,Matthew Gomez,matthew.gomez@example.com,India,2020-10-16,Standard,3358.60
5280,Julie Cole,julie.cole@example.com,Australia,2024-12-01,Premium,11746.65
5281,Ronald Long,ronald.long@example.com,Australia,2022-11-04,Standard,2565.70
5282,Robert Gill,robert.gill@customer.net,Canada,2020-12-16,Standard,3286.48
5283,Richard Schmitt,richard.schmitt@customer.net,Australia,2023-08-10,Basic,640.65
5284,Michael Trujillo,michael.trujillo@shopmail.com,UK,2021-04-10,Premium,43294.19
5285,Theresa Wang,theresa.wang@shopmail.com,India,2020-08-31,Standard,3535.95
5286,Andrew Bush,andrew.bush@shopmail.com,USA,2020-01-28,Premium,40210.66
5287,Jason Moran,jason.moran@shopmail.com,USA,2020-10-05,Standard,4249.54
5288,Kenneth Brooks,kenneth.brooks@customer.net,Australia,2023-12-26,Basic,481.13
5289,Marc Gibbs,marc.gibbs@customer.net,Canada,2021-05-04,Standard,2878.29
5290,Mark Castro,mark.castro@ecommerce.io,USA,2023-11-29,Basic,828.08
5291,James Lewis,james.lewis@example.com,India,2023-08-07,Standard,4050.56
5292,Wesley Gates,wesley.gates@ecommerce.io,Germany,2023-10-21,Standard,4107.89
5293,Daniel Sanchez,daniel.sanchez@example.com,Australia,2022-02-18,Standard,3171.00
5294,Mark Castillo,mark.castillo@shopmail.com,Canada,2023-08-15,Standard,2215.72
5295,Jennifer Harrison,jennifer.harrison@shopmail.com,Canada,2021-11-07,Basic,752.10
5296,Teresa Williams,teresa.williams@customer.net,France,2023-01-03,Standard,3650.64
5297,Donna Watts,donna.watts@shopmail.com,Australia,2024-03-10,Standard,4490.32
5298,Regina Tucker,regina.tucker@ecommerce.io,France,2024-02-27,Standard,4424.60
5299,Joshua Lawson,joshua.lawson@ecommerce.io,Australia,2023-01-25,Standard,4778.80
5300,Nicholas Garcia,nicholas.garcia@customer.net,India,2022-10-09,Standard,1863.34
5301,Danielle Hill,danielle.hill@ecommerce.io,France,2021-10-03,Basic,316.30
5302,Mike Mclean,mike.mclean@customer.net,Germany,2022-01-17,Premium,28603.62
5303,Daniel Taylor,daniel.taylor@ecommerce.io,UK,2020-11-21,Premium,39791.28
5304,Kara Nguyen,kara.nguyen@shopmail.com,Australia,2024-08-25,Standard,3595.31
5305,Kimberly Gutierrez,kimberly.gutierrez@customer.net,France,2023-11-15,Standard,2348.87
7167,Edward Hernandez,edward.hernandez@ecommerce.io,USA,2024-04-11,Standard,3896.24
5307,Kent Gonzalez,kent.gonzalez@example.com,Canada,2024-01-16,Standard,1127.52
5308,Christopher Sanchez,christopher.sanchez@ecommerce.io,Germany,2022-08-07,Premium,12433.32
5309,Ashley Farmer,ashley.farmer@example.com,Germany,2021-02-07,Basic,352.33
5310,Jose Schmidt,jose.schmidt@shopmail.com,France,2020-04-03,Basic,727.25
5311,Kelly Johnson,kelly.johnson@customer.net,UK,2024-09-25,Standard,4888.44
5312,Kelsey Jones,kelsey.jones@ecommerce.io,Australia,2023-07-11,Standard,4877.98
5313,Kristi Dawson,kristi.dawson@example.com,USA,2022-05-13,Premium,11196.83
5314,Lee Castaneda,lee.castaneda@ecommerce.io,USA,2021-12-26,Standard,1153.81
5315,Rebecca Griffin,rebecca.griffin@example.com,Canada,2021-12-04,Premium,6042.18
5316,Nicole Lopez,nicole.lopez@example.com,Canada,2021-03-05,Premium,20453.80
5317,Taylor Murray,taylor.murray@shopmail.com,Germany,2023-05-06,Basic,338.34
5318,Mason Byrd,mason.byrd@shopmail.com,India,2021-04-03,Standard,4002.39
5319,Jane Scott,jane.scott@ecommerce.io,UK,2020-06-10,Standard,4189.95
5320,Julie Johnson,julie.johnson@example.com,USA,2020-10-18,Basic,315.10
5321,David Jenkins,david.jenkins@example.com,Canada,2024-11-14,Standard,1667.48
5322,Randy Tucker,randy.tucker@customer.net,India,2021-06-25,Standard,1595.95
5323,Brandon Rice,brandon.rice@customer.net,UK,2024-07-08,Standard,3671.35
5324,Robin Hunt,robin.hunt@example.com,France,2022-01-14,Premium,27315.96
5325,Allen Kim,allen.kim@ecommerce.io,Canada,2021-08-22,Standard,2368.89
5326,Antonio Gordon,antonio.gordon@customer.net,USA,2024-06-22,Premium,32163.28
5327,Lauren Tyler,lauren.tyler@example.com,France,2021-04-20,Basic,391.76
5328,Travis Andrews,travis.andrews@ecommerce.io,Canada,2024-08-24,Premium,21086.56
5329,Cynthia Navarro,cynthia.navarro@shopmail.com,Australia,2022-07-18,Basic,728.68
5330,Annette Mccann,annette.mccann@customer.net,UK,2022-08-28,Basic,267.83
5331,Kimberly Schmidt,kimberly.schmidt@customer.net,Germany,2021-02-13,Basic,322.71
5332,Lauren Mathis,lauren.mathis@example.com,India,2020-10-14,Standard,4383.42
5333,Christopher Nielsen,christopher.nielsen@customer.net,Canada,2022-05-16,Standard,3876.57
5334,Chelsea Kaiser,chelsea.kaiser@shopmail.com,India,2022-05-21,Basic,331.60
5335,Karen Wang,,USA,2022-11-18,Premium,16589.24
5336,Ryan Hill,ryan.hill@customer.net,Germany,2020-11-23,Premium,5635.20
5337,Shannon Gilmore,shannon.gilmore@example.com,Germany,2023-03-15,Standard,1936.17
5338,Joanne Santos,joanne.santos@customer.net,UK,2020-02-11,Standard,4160.40
5339,Charles Holland,charles.holland@ecommerce.io,USA,2022-06-11,Standard,3978.93
5340,Matthew Rose,matthew.rose@ecommerce.io,Canada,2020-03-07,Basic,741.05
5341,Heather Wilkins,heather.wilkins@shopmail.com,India,2020-09-13,Basic,922.94
5342,Ryan Smith,ryan.smith@customer.net,Germany,2021-04-11,Basic,709.03
5343,Autumn Smith,autumn.smith@shopmail.com,India,2021-03-16,Premium,17617.87
5344,Maria Smith,maria.smith@example.com,Canada,2022-10-25,Standard,2376.63
5345,Jeffrey Simmons,jeffrey.simmons@ecommerce.io,Australia,2020-11-07,Basic,151.47
5346,Jonathan Walker,jonathan.walker@shopmail.com,Germany,2021-09-01,Standard,2465.07
5347,Emily Nguyen,emily.nguyen@shopmail.com,France,2020-12-25,Basic,806.89
5348,Stephen Ortega,stephen.ortega@shopmail.com,Canada,2020-09-28,Standard,2885.52
5349,Kayla Andrews,kayla.andrews@customer.net,Germany,2022-08-13,Basic,266.32
5350,Michael Beard,michael.beard@example.com,Australia,2021-11-09,Standard,2171.22
5351,Michelle Hernandez,michelle.hernandez@ecommerce.io,Australia,2021-06-13,Premium,13733.71
5352,Kendra Harris,kendra.harris@shopmail.com,Australia,2021-09-04,Premium,16192.92
5353,Hunter Johnson,hunter.johnson@ecommerce.io,UK,2024-06-17,Basic,176.10
5354,Carolyn Kirk,carolyn.kirk@shopmail.com,Australia,2023-04-13,Premium,26771.40
5355,Kimberly Fernandez,kimberly.fernandez@example.com,Canada,2020-02-02,Premium,23360.01
5356,Stephanie Murphy,stephanie.murphy@example.com,Australia,2022-08-15,Standard,3419.83
5357,Leslie Hall,leslie.hall@ecommerce.io,India,2020-05-11,Standard,4638.81
5358,Jason Turner,jason.turner@shopmail.com,France,2020-08-16,Standard,4367.41
5359,Roger Nelson,roger.nelson@example.com,Australia,2020-04-19,Premium,37901.94
5360,Sharon Robinson,sharon.robinson@shopmail.com,UK,2020-07-19,Standard,3374.82
5361,Michael Taylor,michael.taylor@example.com,India,2021-10-21,Standard,2770.61
5362,Rachel Gonzales,rachel.gonzales@customer.net,India,2022-09-18,Standard,1455.63
5363,Mary Brooks,mary.brooks@shopmail.com,France,2022-11-18,Premium,35710.01
5364,Scott Manning,scott.manning@customer.net,Australia,2021-08-21,Standard,2385.03
5365,Jodi James,jodi.james@example.com,Canada,2024-11-03,Standard,1785.99
5366,Sean Ross,sean.ross@ecommerce.io,USA,2020-01-22,Standard,4235.46
5367,Jamie James,jamie.james@shopmail.com,India,2023-08-16,Premium,21977.77
5368,Lisa Davis,lisa.davis@shopmail.com,France,2022-10-09,Basic,599.46
5369,Gregory Gentry,gregory.gentry@shopmail.com,Australia,2021-09-26,Premium,33707.80
5370,Jenny Martinez,jenny.martinez@shopmail.com,France,2021-10-09,Basic,552.70
5371,Katherine Martinez,katherine.martinez@customer.net,USA,2021-05-01,Standard,3594.30
5372,Tracy Jacobs,tracy.jacobs@example.com,France,2024-05-18,Premium,37347.20
5373,Kara Stewart,kara.stewart@customer.net,Australia,2023-11-13,Standard,2836.95
5374,James Galloway,james.galloway@example.com,France,2023-12-27,Standard,3894.41
5375,Lauren Ward,lauren.ward@customer.net,France,2022-10-31,Standard,1385.03
5376,Jonathan Rodriguez,jonathan.rodriguez@shopmail.com,India,2023-01-30,Premium,34926.39
5377,Stephen Smith,stephen.smith@example.com,USA,2024-11-19,Standard,4001.37
5378,Linda Ross,linda.ross@shopmail.com,Canada,2022-02-07,Premium,7704.79
5379,Meredith Gomez,meredith.gomez@shopmail.com,UK,2020-01-06,Standard,1394.16
5380,Sonya Copeland,sonya.copeland@shopmail.com,Canada,2024-06-18,Standard,1944.18
5381,Ryan Abbott,ryan.abbott@shopmail.com,Australia,2024-02-06,Premium,8455.88
5382,Kevin Key,kevin.key@customer.net,France,2020-09-05,Basic,751.30
5383,Christopher Schneider,christopher.schneider@shopmail.com,Germany,2024-09-18,Standard,1036.15
5384,Peter Ruiz,peter.ruiz@example.com,Australia,2023-12-07,Standard,2915.54
5385,Stephanie Hill,stephanie.hill@customer.net,France,2020-01-26,Standard,2863.43
5386,Deborah Morris,deborah.morris@ecommerce.io,Australia,2022-09-22,Standard,2713.64
5387,Donald Wright,donald.wright@example.com,USA,2021-12-25,Premium,10823.07
5388,Anne Anderson,anne.anderson@example.com,India,2020-04-13,Standard,4866.09
5389,Eric Neal,eric.neal@customer.net,USA,2022-06-07,Basic,317.30
5390,Kathryn Brown,kathryn.brown@example.com,India,2023-09-01,Standard,3685.17
5391,Leah Cline,leah.cline@ecommerce.io,USA,2021-01-04,Basic,295.02
5392,Donna Watson,donna.watson@ecommerce.io,USA,2024-04-15,Premium,9955.81
5393,Robert Moore,robert.moore@example.com,France,2021-06-26,Basic,818.69
5394,Gerald Mayer,gerald.mayer@ecommerce.io,Canada,2022-05-10,Standard,3422.03
5395,Tammy Harmon,tammy.harmon@customer.net,Canada,2021-11-24,Premium,22526.84
5396,Lisa White,lisa.white@shopmail.com,Germany,2022-05-26,Premium,27433.23
5397,Natasha Rodriguez,natasha.rodriguez@customer.net,Australia,2023-11-02,Standard,4243.52
5398,Francisco Jimenez,francisco.jimenez@customer.net,India,2020-10-16,Standard,4385.83
5399,Kevin Garrett,kevin.garrett@ecommerce.io,Germany,2020-08-06,Standard,1537.89
5400,Regina Baker,regina.baker@customer.net,India,2022-06-21,Standard,3175.61
5401,Manuel Logan,manuel.logan@ecommerce.io,Canada,2022-10-09,Basic,286.73
5402,Martin Oneal,martin.oneal@customer.net,Australia,2021-08-09,Premium,42042.39
5403,Austin Wiggins,austin.wiggins@shopmail.com,UK,2023-11-08,Premium,34487.45
5404,Robin Williams,robin.williams@ecommerce.io,Australia,2022-02-18,Basic,965.27
5405,Nicholas George,nicholas.george@customer.net,Germany,2020-12-26,Standard,2976.96
5406,Alicia Moore,alicia.moore@shopmail.com,USA,2021-08-30,Standard,4805.71
5407,Alexis Prince,alexis.prince@customer.net,Germany,2024-05-14,Premium,9354.30
5408,Christopher Mcneil,christopher.mcneil@example.com,Canada,2021-01-15,Standard,2182.09
5409,Daniel Alvarez,daniel.alvarez@customer.net,France,2024-02-18,Standard,2685.99
5410,Tonya Chase,tonya.chase@customer.net,Canada,2022-09-08,Basic,124.49
5411,Amanda Taylor,amanda.taylor@ecommerce.io,Germany,2023-01-08,Standard,4907.83
5412,Carrie Walsh,carrie.walsh@customer.net,USA,2021-03-19,Standard,2509.62
5413,Larry Harrison,larry.harrison@shopmail.com,USA,2020-02-27,Standard,2113.22
5414,Rebecca Anderson,rebecca.anderson@shopmail.com,Germany,2024-02-01,Standard,1908.05
5415,Diana Diaz,diana.diaz@ecommerce.io,France,2021-01-05,Basic,772.14
5416,Christina Moran,christina.moran@example.com,Australia,2023-08-11,Premium,12545.02
5417,Tim Goodman,tim.goodman@customer.net,Canada,2023-05-10,Basic,300.75
5418,Melissa Gonzalez,melissa.gonzalez@ecommerce.io,USA,2022-02-11,Premium,38427.21
5419,Jeffrey Anderson,jeffrey.anderson@example.com,USA,2023-01-17,Standard,2806.65
5420,Sheri Perez,sheri.perez@shopmail.com,Canada,2022-09-09,Premium,10583.47
5421,Christopher Davis,christopher.davis@example.com,France,2020-08-21,Premium,25085.75
5422,Richard Eaton,richard.eaton@customer.net,Australia,2020-04-19,Standard,4391.93
5423,Daniel Perez,daniel.perez@customer.net,France,2023-06-09,Standard,3916.39
5424,Jack Hopkins,jack.hopkins@ecommerce.io,India,2023-03-26,Basic,529.36
5425,Mark Dickson,mark.dickson@customer.net,France,2023-05-14,Standard,1227.52
5426,Elizabeth Meyer,elizabeth.meyer@shopmail.com,USA,2022-10-01,Premium,10590.75
5427,Barbara Stephenson,barbara.stephenson@customer.net,India,2021-11-18,Standard,4951.38
5428,Kathleen Anderson,kathleen.anderson@example.com,France,2023-06-23,Standard,3138.15
5429,Robert Stanley,robert.stanley@example.com,Germany,2020-06-06,Premium,27163.22
5430,Beth Michael,beth.michael@ecommerce.io,Germany,2024-10-30,Standard,1973.02
5431,Austin Bullock,austin.bullock@shopmail.com,India,2020-07-11,Basic,251.35
5432,Paul Williams,paul.williams@ecommerce.io,India,2021-12-22,Standard,2794.53
5433,James White,james.white@customer.net,USA,2022-05-07,Premium,31850.76
5434,Douglas Johnson,douglas.johnson@shopmail.com,Germany,2023-02-22,Standard,3028.47
5435,Laura Martin,laura.martin@shopmail.com,France,2024-10-12,Premium,36038.37
5436,Marcus Armstrong,marcus.armstrong@example.com,Germany,2022-12-22,Standard,4912.12
5437,Timothy Cooper,timothy.cooper@example.com,USA,2024-04-12,Premium,14323.17
5438,Courtney Montoya,courtney.montoya@customer.net,USA,2022-05-22,Basic,992.00
5439,Barbara Hayes,barbara.hayes@shopmail.com,USA,2022-03-07,Standard,1887.21
5440,Jason Howell,jason.howell@shopmail.com,Germany,2020-09-03,Basic,822.10
5441,Amy Wilson,amy.wilson@customer.net,France,2024-10-29,Standard,3107.53
5442,Joshua Mack,,India,2024-10-02,Standard,1181.64
5443,Sandra Rogers,sandra.rogers@example.com,UK,2022-09-02,Standard,3690.22
5444,Patricia Scott,patricia.scott@ecommerce.io,Canada,2022-11-22,Standard,4106.10
5445,Lindsay Freeman,lindsay.freeman@ecommerce.io,Australia,2022-05-12,Standard,4615.22
5446,Ana Alvarado,ana.alvarado@shopmail.com,Australia,2023-05-09,Basic,925.36
5447,Elizabeth Peterson,elizabeth.peterson@example.com,UK,2022-09-13,Standard,4402.45
5448,April Brown,april.brown@shopmail.com,France,2023-07-18,Basic,238.71
5449,Michael May,michael.may@ecommerce.io,USA,2022-06-15,Basic,827.85
5450,Tami Martinez,tami.martinez@shopmail.com,Canada,2023-02-16,Premium,44626.31
5451,Jeremy Ellis,jeremy.ellis@ecommerce.io,India,2022-10-07,Premium,44044.08
5452,Daniel Pierce,daniel.pierce@example.com,India,2023-12-11,Basic,992.31
5453,Kenneth Marks,kenneth.marks@customer.net,India,2020-03-17,Basic,209.36
5454,Kurt Graham,kurt.graham@shopmail.com,France,2023-05-10,Standard,2044.48
5455,Tracey Miller,tracey.miller@shopmail.com,Australia,2024-05-01,Standard,3219.43
5456,Michelle Wagner,michelle.wagner@example.com,Canada,2022-03-08,Standard,1870.51
5457,Raymond Pugh,raymond.pugh@shopmail.com,USA,2024-04-29,Premium,41044.09
5458,Yolanda Lee,yolanda.lee@ecommerce.io,India,2023-06-27,Standard,1184.57
5459,Mary Walker,mary.walker@ecommerce.io,Canada,2024-12-11,Standard,4153.04
5460,Alvin Quinn,alvin.quinn@shopmail.com,Australia,2021-07-22,Standard,4658.67
5461,Michael Burke,michael.burke@shopmail.com,Australia,2020-08-08,Premium,25740.60
5462,Edward Heath,edward.heath@shopmail.com,Canada,2023-08-25,Standard,4782.83
5463,Alicia Mcbride,alicia.mcbride@customer.net,Germany,2022-11-06,Basic,157.93
5464,Michael Hall,michael.hall@shopmail.com,France,2022-08-21,Basic,272.90
5465,Stacey Schmidt,stacey.schmidt@example.com,Germany,2023-11-19,Standard,1544.34
5466,Nicholas Garcia,nicholas.garcia@shopmail.com,Australia,2021-08-24,Standard,4898.48
5467,Gabriel Walters,gabriel.walters@shopmail.com,Canada,2020-09-28,Basic,685.41
5468,Christine Bridges,christine.bridges@ecommerce.io,USA,2023-11-10,Standard,3466.92
5469,Karen Hernandez,karen.hernandez@shopmail.com,India,2024-07-15,Basic,155.20
5470,Sheri Lynch,sheri.lynch@shopmail.com,UK,2024-02-11,Standard,1938.75
5471,Michele Ramirez,michele.ramirez@example.com,USA,2024-12-30,Standard,3177.11
5472,Susan Rush,susan.rush@ecommerce.io,Canada,2021-07-03,Standard,1672.78
5473,Kenneth Santana,kenneth.santana@ecommerce.io,UK,2023-10-02,Basic,986.72
5474,Teresa English,teresa.english@ecommerce.io,UK,2024-07-13,Premium,42655.28
5475,Taylor Taylor,taylor.taylor@ecommerce.io,Germany,2022-04-22,Standard,2404.15
5476,Sharon Smith,sharon.smith@example.com,USA,2023-09-30,Basic,762.25
5477,John Peters,john.peters@example.com,Canada,2022-05-03,Standard,4958.77
5478,Larry Leblanc,larry.leblanc@ecommerce.io,USA,2021-09-24,Premium,27274.68
5479,Christie Chung,christie.chung@example.com,UK,2022-08-15,Premium,6751.91
5480,Brian Jenkins,brian.jenkins@shopmail.com,Canada,2024-09-13,Standard,2299.15
5481,Douglas Carson,douglas.carson@example.com,France,2024-08-15,Premium,13058.75
5482,Kathy Roman,kathy.roman@example.com,USA,2023-08-09,Basic,279.67
5483,Stephanie Sanchez,stephanie.sanchez@ecommerce.io,UK,2024-03-14,Standard,3311.63
5484,Kristie Lucas,kristie.lucas@example.com,Australia,2020-12-23,Basic,317.68
5485,Peter Lee,peter.lee@customer.net,Germany,2023-04-09,Standard,3655.86
5486,Mary Jones,mary.jones@shopmail.com,India,2020-12-09,Basic,612.86
5487,Tabitha Hill,tabitha.hill@customer.net,USA,2023-03-10,Standard,2000.19
5488,Patricia Martinez,,France,2023-10-18,Basic,114.62
5489,Jodi Blackburn,jodi.blackburn@shopmail.com,India,2024-06-14,Standard,2222.18
5490,Edwin Ramos,edwin.ramos@shopmail.com,Canada,2020-01-05,Standard,2514.19
5491,Emily Hodges,emily.hodges@shopmail.com,Canada,2022-04-19,Standard,1765.26
5492,Alex Wilson,alex.wilson@shopmail.com,UK,2021-06-11,Basic,287.82
5493,Larry Garcia,larry.garcia@customer.net,Germany,2023-06-07,Standard,2017.61
5494,Courtney Ruiz,courtney.ruiz@customer.net,India,2024-07-13,Premium,21288.71
5495,Donna Evans,donna.evans@ecommerce.io,UK,2024-01-29,Standard,3248.08
5496,David Paul,david.paul@shopmail.com,France,2021-11-06,Standard,2374.10
5497,Shawn Jones,shawn.jones@shopmail.com,Canada,2024-08-08,Standard,4331.46
5498,Tiffany Lozano,tiffany.lozano@ecommerce.io,UK,2024-04-03,Standard,4410.26
5499,Matthew Nelson,matthew.nelson@ecommerce.io,France,2021-07-11,Standard,4516.55
5500,Vanessa James,vanessa.james@example.com,UK,2023-03-11,Basic,484.23
5501,Patricia Rodriguez,patricia.rodriguez@customer.net,Canada,2021-10-31,Basic,288.58
5502,Steven Richards,steven.richards@customer.net,Germany,2021-11-03,Standard,1179.21
5503,Nancy Holt,nancy.holt@shopmail.com,USA,2020-03-18,Standard,4048.09
5504,Laura Blake,laura.blake@ecommerce.io,Canada,2020-10-06,Basic,595.43
5505,Jeffrey Garcia,jeffrey.garcia@shopmail.com,Canada,2021-08-06,Basic,765.61
5506,Whitney Morrison,whitney.morrison@customer.net,Australia,2022-02-11,Standard,3065.38
5507,Carol Cox,carol.cox@customer.net,France,2023-01-08,Standard,3445.16
5508,Molly Ortega,molly.ortega@example.com,Germany,2023-12-06,Standard,1425.97
5509,Mary Richmond,mary.richmond@example.com,India,2024-11-03,Basic,879.88
5510,Robert Little,robert.little@example.com,USA,2024-09-29,Standard,2043.45
5511,Michelle Ramirez,michelle.ramirez@example.com,USA,2020-02-23,Standard,4853.50
5512,Jennifer Hill,jennifer.hill@ecommerce.io,India,2024-01-06,Standard,4729.37
5513,Johnathan Romero,johnathan.romero@ecommerce.io,Germany,2022-09-10,Standard,4317.08
5514,Robert Huff,robert.huff@ecommerce.io,USA,2023-08-29,Standard,2354.83
5515,Tonya Miller,tonya.miller@customer.net,USA,2023-11-06,Standard,1383.69
5516,Craig Shaffer,craig.shaffer@ecommerce.io,Canada,2023-02-26,Standard,4547.27
5517,John Simpson,john.simpson@shopmail.com,Canada,2023-11-22,Standard,1829.95
5518,Brittany Wade,brittany.wade@customer.net,France,2022-11-25,Basic,394.90
5519,Dalton Norman,dalton.norman@ecommerce.io,Canada,2024-04-04,Basic,918.40
5520,Jeanette Castro,jeanette.castro@customer.net,Germany,2024-10-20,Standard,3829.64
5521,Mary Bennett,mary.bennett@shopmail.com,Germany,2021-12-03,Basic,379.78
5522,April Schaefer,april.schaefer@ecommerce.io,UK,2024-06-16,Premium,30244.55
5523,Patrick Guzman,patrick.guzman@shopmail.com,Canada,2024-06-29,Premium,25056.62
5524,Brittany Leon,brittany.leon@example.com,India,2020-09-23,Standard,2321.75
5525,Stephanie Johnston,stephanie.johnston@shopmail.com,France,2021-10-24,Basic,884.16
5526,David Gallagher,david.gallagher@customer.net,Australia,2020-12-19,Basic,780.01
5527,Michael Chambers,michael.chambers@ecommerce.io,France,2024-06-05,Basic,164.21
5528,Rebecca Fisher,rebecca.fisher@shopmail.com,France,2023-08-17,Standard,2150.09
5529,Phillip Garner,phillip.garner@customer.net,India,2023-02-19,Standard,4472.69
5530,Michael French,michael.french@shopmail.com,Canada,2022-11-14,Standard,2403.18
5531,Melissa Berry,melissa.berry@example.com,USA,2024-04-25,Premium,8575.99
5532,Alexandra Bentley,alexandra.bentley@customer.net,France,2023-03-29,Basic,439.64
5533,Lisa Fuller,lisa.fuller@shopmail.com,USA,2024-04-03,Standard,2175.78
5534,Kimberly Caldwell,kimberly.caldwell@ecommerce.io,UK,2024-11-13,Basic,913.33
5535,Anthony Bradley,anthony.bradley@ecommerce.io,France,2022-02-09,Standard,4035.95
5536,Andrew Bautista,andrew.bautista@shopmail.com,Germany,2021-11-01,Premium,23672.93
5537,Corey Knapp,corey.knapp@shopmail.com,Australia,2022-05-15,Premium,14703.44
5538,Laurie Daniel,laurie.daniel@ecommerce.io,UK,2023-07-11,Standard,3380.53
5539,Melissa King,melissa.king@customer.net,Australia,2024-02-21,Standard,3874.92
5540,Loretta Cooper,loretta.cooper@example.com,Australia,2020-11-04,Standard,1784.71
5541,Teresa Wright,teresa.wright@customer.net,USA,2022-09-03,Standard,3856.26
5542,Sean Williams,sean.williams@example.com,Germany,2024-12-12,Basic,297.86
5543,Stephen Ritter,stephen.ritter@customer.net,Canada,2021-07-27,Premium,43987.41
5544,Jose Leon,jose.leon@customer.net,UK,2023-10-14,Standard,2653.91
5545,Jason Townsend,jason.townsend@shopmail.com,Germany,2022-06-29,Premium,29218.22
5546,Amy Morris,amy.morris@customer.net,India,2022-10-12,Standard,2059.86
5547,Richard Bailey,richard.bailey@ecommerce.io,France,2021-07-12,Standard,3736.55
5548,Lisa Kirk,lisa.kirk@ecommerce.io,India,2022-10-25,Standard,3851.45
5549,Melissa Cook,melissa.cook@ecommerce.io,India,2021-01-24,Premium,25075.63
5550,Christina Singh,christina.singh@ecommerce.io,India,2024-11-15,Standard,1109.99
5551,Mary Perez,mary.perez@shopmail.com,Germany,2022-03-08,Basic,519.16
5552,Maria Garcia,maria.garcia@ecommerce.io,USA,2021-06-27,Standard,4488.48
5553,Jennifer Fowler,jennifer.fowler@customer.net,Germany,2022-08-14,Premium,20961.12
5554,Lawrence Crawford,lawrence.crawford@customer.net,Canada,2021-02-13,Standard,2192.19
5555,Jacob Reyes,jacob.reyes@customer.net,India,2021-03-01,Premium,34328.33
5556,Joseph Zimmerman,joseph.zimmerman@example.com,India,2020-03-07,Standard,3573.40
5557,Michael Shaffer,michael.shaffer@ecommerce.io,Australia,2020-03-09,Premium,40833.89
5558,Paula Fischer,paula.fischer@ecommerce.io,Australia,2022-11-02,Standard,1600.06
5559,Susan Morris,susan.morris@ecommerce.io,Canada,2021-05-15,Basic,572.80
5560,Daniel Perkins,daniel.perkins@ecommerce.io,Australia,2023-09-07,Basic,480.40
5561,Regina Graves,regina.graves@shopmail.com,UK,2024-11-06,Standard,3707.34
5562,Ann Sherman,ann.sherman@customer.net,USA,2023-07-16,Basic,715.18
5563,Amanda Sanders,amanda.sanders@example.com,India,2020-03-16,Basic,334.21
5564,Heather Gonzalez,heather.gonzalez@example.com,USA,2020-05-02,Premium,38102.55
5565,Christopher Harper,christopher.harper@ecommerce.io,India,2022-05-13,Basic,170.02
5566,Natalie Sullivan,natalie.sullivan@customer.net,India,2021-10-05,Standard,4974.47
5567,Jose Baldwin,jose.baldwin@example.com,Australia,2024-12-21,Premium,19322.67
5568,Amanda Sanders,amanda.sanders@customer.net,India,2021-07-20,Standard,2607.17
5569,Samantha Garcia,samantha.garcia@ecommerce.io,Germany,2022-07-07,Premium,24127.26
5570,Stephanie Olsen,stephanie.olsen@customer.net,France,2022-09-24,Premium,35101.83
5571,Paige Carter,paige.carter@customer.net,Australia,2023-04-10,Standard,2646.43
5572,Ashley Miller,ashley.miller@customer.net,France,2024-12-18,Standard,1589.04
5573,Yvonne Ramos,yvonne.ramos@ecommerce.io,Australia,2020-09-29,Standard,2475.44
5574,Billy Kelley,billy.kelley@ecommerce.io,USA,2022-12-14,Standard,3567.62
5575,Elizabeth Hill,elizabeth.hill@shopmail.com,Australia,2021-04-21,Premium,36124.49
5576,Troy Whitaker,troy.whitaker@shopmail.com,France,2023-12-13,Premium,13367.11
5577,Tonya Sanchez,tonya.sanchez@ecommerce.io,India,2020-02-05,Standard,2262.18
5578,Jeremiah Wong,jeremiah.wong@shopmail.com,France,2022-12-31,Basic,480.10
5579,Jason Smith,jason.smith@example.com,Canada,2020-04-22,Basic,419.10
5580,John Smith,john.smith@example.com,France,2022-03-06,Standard,2504.39
5581,Cheryl Massey,cheryl.massey@ecommerce.io,Germany,2024-11-11,Standard,1974.54
5582,Robert Arnold,robert.arnold@example.com,Canada,2022-07-18,Standard,3932.93
5583,Ashley Gutierrez,ashley.gutierrez@shopmail.com,Canada,2022-07-21,Standard,2196.93
5584,Melanie Carpenter,melanie.carpenter@shopmail.com,USA,2021-01-19,Standard,2309.26
5585,Courtney Oneal,courtney.oneal@example.com,USA,2024-03-08,Standard,4495.05
5586,Tiffany Francis,tiffany.francis@shopmail.com,India,2022-10-30,Premium,26638.29
5587,Jasmine Holden,jasmine.holden@ecommerce.io,USA,2023-01-05,Standard,4663.11
5588,Linda Baker,linda.baker@customer.net,Germany,2021-09-27,Standard,4702.68
5589,Mitchell Mccullough,mitchell.mccullough@customer.net,Canada,2020-07-14,Basic,283.41
5590,Sharon Flores,sharon.flores@ecommerce.io,USA,2022-11-01,Basic,706.88
5591,Michael Rubio,michael.rubio@ecommerce.io,France,2022-02-04,Premium,13801.79
5592,Dennis Heath,dennis.heath@customer.net,India,2021-10-13,Basic,581.06
5593,Valerie Wright,valerie.wright@shopmail.com,France,2022-12-15,Premium,39911.91
5594,Amanda Anderson,amanda.anderson@shopmail.com,Australia,2020-08-31,Standard,2955.84
5595,Tina Mueller,tina.mueller@ecommerce.io,France,2024-07-10,Standard,3479.51
5596,William Alvarez,william.alvarez@ecommerce.io,Australia,2024-12-19,Basic,709.67
5597,Lawrence Aguirre,lawrence.aguirre@shopmail.com,France,2022-02-07,Basic,397.26
5598,Cassandra Cortez,cassandra.cortez@example.com,Germany,2022-08-01,Basic,410.65
5599,Jennifer Newman,jennifer.newman@shopmail.com,France,2021-02-24,Standard,4769.86
5600,Angela Galloway,angela.galloway@shopmail.com,Canada,2022-12-26,Premium,39299.21
5601,Steven Andrews,steven.andrews@example.com,Australia,2020-04-23,Standard,4971.01
5602,Brian Montgomery,brian.montgomery@example.com,India,2021-06-12,Basic,879.53
5603,Tyler Graham,tyler.graham@shopmail.com,Australia,2023-05-27,Premium,49191.33
5604,Stephanie Jackson,stephanie.jackson@shopmail.com,USA,2023-11-12,Premium,32371.98
5605,Ann Hansen,ann.hansen@customer.net,Australia,2024-09-18,Standard,1968.65
5606,Brian Bailey,brian.bailey@example.com,India,2023-04-18,Basic,761.95
5607,Mikayla Hernandez,mikayla.hernandez@example.com,France,2021-10-05,Premium,11963.19
5608,Evelyn Jones,evelyn.jones@ecommerce.io,USA,2020-06-27,Basic,366.15
5609,Jennifer Hudson,jennifer.hudson@shopmail.com,UK,2020-06-20,Standard,2329.36
5610,Stacey Luna,stacey.luna@ecommerce.io,UK,2024-10-04,Standard,1215.90
5611,Jennifer Henry,jennifer.henry@shopmail.com,USA,2021-01-23,Premium,7649.87
5612,Janet Bender,janet.bender@example.com,Germany,2022-06-22,Standard,3131.30
5613,Valerie Lewis,valerie.lewis@example.com,USA,2023-06-16,Standard,4999.27
5614,Shannon Ryan,shannon.ryan@ecommerce.io,France,2023-01-29,Basic,372.77
5615,Emily Rivera,emily.rivera@ecommerce.io,Germany,2022-04-13,Basic,767.28
5616,Ashley Liu,,Australia,2024-06-26,Basic,374.88
5617,Sophia Thomas,sophia.thomas@ecommerce.io,USA,2024-05-22,Basic,602.53
5618,Amber Maldonado,amber.maldonado@example.com,UK,2022-04-12,Basic,944.88
5619,Leonard Smith,leonard.smith@ecommerce.io,Canada,2020-11-08,Basic,149.57
5620,Chelsea Joseph,chelsea.joseph@example.com,France,2024-02-11,Standard,4214.77
5621,Michael Wilson,michael.wilson@example.com,Australia,2024-03-12,Premium,22210.04
5622,Tiffany Austin,tiffany.austin@example.com,USA,2020-04-30,Standard,4580.69
5623,Alyssa Cross,alyssa.cross@shopmail.com,UK,2023-09-22,Basic,325.05
5624,Jessica Wright,jessica.wright@example.com,Germany,2023-01-01,Basic,227.26
5625,Carolyn Blake,carolyn.blake@shopmail.com,UK,2023-11-08,Basic,175.35
5626,Harry White,harry.white@ecommerce.io,Australia,2022-04-03,Basic,253.45
5627,Debra Simpson,debra.simpson@customer.net,UK,2020-03-03,Basic,576.17
5628,David Davis,david.davis@customer.net,France,2024-06-25,Standard,4729.59
5629,Sophia Berry,sophia.berry@example.com,USA,2021-12-08,Premium,30591.64
5630,Stacy Hughes,stacy.hughes@ecommerce.io,Germany,2020-09-22,Premium,39202.85
5631,Rick Horton,rick.horton@customer.net,USA,2023-12-11,Standard,1804.95
5632,Dillon Cooper,dillon.cooper@example.com,Australia,2023-09-15,Premium,25848.62
5633,Cody Kelly,cody.kelly@ecommerce.io,France,2022-10-07,Basic,761.51
5634,Jasmine Koch,jasmine.koch@shopmail.com,France,2022-08-06,Standard,4757.10
5635,Victor Lopez,victor.lopez@ecommerce.io,USA,2021-08-27,Premium,20060.47
5636,Richard Perez,richard.perez@example.com,Canada,2023-10-18,Basic,996.26
5637,Valerie Schultz,valerie.schultz@example.com,Australia,2020-10-28,Basic,922.17
5638,Matthew Walton,matthew.walton@customer.net,USA,2024-07-08,Basic,442.09
5639,Alexandria Smith,alexandria.smith@example.com,UK,2024-06-08,Standard,4741.21
5640,Catherine Hendrix,catherine.hendrix@example.com,Germany,2024-05-22,Premium,21137.55
5641,Brian Brooks,brian.brooks@customer.net,Canada,2022-07-12,Standard,4818.48
5642,Gary Stuart,gary.stuart@ecommerce.io,USA,2024-01-10,Standard,3318.29
5643,Allison Smith,allison.smith@example.com,Australia,2022-10-26,Standard,4888.21
5644,Paul Johnson,paul.johnson@ecommerce.io,Germany,2022-03-14,Standard,4851.75
5645,Rebecca Elliott,rebecca.elliott@example.com,USA,2022-03-07,Standard,2316.92
5646,Michele Sosa,michele.sosa@customer.net,India,2020-10-02,Basic,298.50
5647,Jacob Oliver,jacob.oliver@customer.net,Australia,2024-12-07,Standard,2523.67
5648,Hunter Robinson,hunter.robinson@shopmail.com,USA,2021-02-25,Standard,2557.41
5649,Michael Wiggins,michael.wiggins@customer.net,Australia,2020-09-19,Basic,896.54
5650,Rita Greene,rita.greene@example.com,USA,2020-07-19,Premium,40971.40
5651,Audrey Vance,audrey.vance@customer.net,USA,2021-07-26,Basic,533.79
5652,Jasmine Hobbs,jasmine.hobbs@customer.net,USA,2024-03-23,Standard,3309.67
5653,Gregory Hernandez,gregory.hernandez@example.com,UK,2021-11-05,Premium,10456.39
5654,Lori Johnson,lori.johnson@ecommerce.io,India,2022-12-03,Basic,628.18
5655,Benjamin Medina,benjamin.medina@ecommerce.io,Australia,2021-05-18,Basic,604.11
5656,Susan Shepard,susan.shepard@ecommerce.io,Canada,2020-05-30,Basic,630.21
5657,Lindsay Collins,lindsay.collins@ecommerce.io,Germany,2024-07-14,Basic,607.02
5658,Kelly Bailey,kelly.bailey@ecommerce.io,UK,2021-09-22,Premium,24822.49
5659,Henry Stone,henry.stone@ecommerce.io,USA,2024-02-15,Standard,2635.36
5660,Rachel Jimenez,rachel.jimenez@example.com,India,2023-03-01,Standard,2325.52
5661,Carrie Osborn,carrie.osborn@customer.net,Germany,2020-01-17,Standard,4231.31
5662,Samantha Pace,samantha.pace@customer.net,India,2023-07-07,Standard,3114.88
5663,Sarah Kelley,sarah.kelley@ecommerce.io,Germany,2023-11-11,Basic,694.75
5664,Paul West,paul.west@shopmail.com,Canada,2024-05-04,Standard,3654.13
5665,Darren Spencer,darren.spencer@shopmail.com,India,2024-12-19,Standard,1635.40
5666,Matthew Diaz,matthew.diaz@example.com,India,2024-04-13,Basic,199.70
5667,John Roth,john.roth@shopmail.com,Canada,2021-03-05,Standard,1166.94
5668,Jacob Powell,jacob.powell@ecommerce.io,Germany,2023-01-01,Basic,754.74
5669,Michael Rangel,michael.rangel@customer.net,Germany,2022-04-18,Standard,3556.55
5670,Samantha Cochran,samantha.cochran@customer.net,Canada,2021-10-25,Standard,4206.84
5671,Renee Zimmerman,renee.zimmerman@ecommerce.io,Australia,2021-07-28,Standard,3298.13
5672,Mary Garcia,mary.garcia@customer.net,Canada,2020-10-27,Basic,171.41
5673,April Alvarado,april.alvarado@shopmail.com,USA,2022-09-05,Standard,2289.51
5674,Luke Rose,luke.rose@ecommerce.io,France,2023-07-11,Standard,1634.56
5675,Bailey Patel,bailey.patel@customer.net,Canada,2023-01-05,Standard,3834.15
5676,Phillip Payne,phillip.payne@example.com,Australia,2020-05-11,Basic,735.18
5677,James Flores,james.flores@customer.net,Australia,2024-12-22,Standard,4931.04
5678,Seth Gonzalez,seth.gonzalez@customer.net,Canada,2024-04-06,Premium,10413.52
5679,Sheryl Simmons,sheryl.simmons@example.com,India,2023-06-17,Basic,656.94
5680,Ryan Miller,ryan.miller@ecommerce.io,UK,2021-07-03,Standard,3452.51
5681,Andrew Garcia,andrew.garcia@ecommerce.io,USA,2024-04-20,Standard,2432.76
5682,Anna Lynch,anna.lynch@ecommerce.io,USA,2023-06-06,Standard,2613.21
5683,Kevin Gay,kevin.gay@customer.net,UK,2024-01-19,Standard,1031.75
5684,Kelli Townsend,kelli.townsend@shopmail.com,Canada,2024-02-17,Basic,553.89
5685,Holly Rose,holly.rose@example.com,Germany,2024-05-25,Premium,13625.21
5686,Bobby Arroyo,bobby.arroyo@ecommerce.io,France,2022-08-31,Premium,34349.35
5687,Kurt Matthews,kurt.matthews@ecommerce.io,UK,2020-09-15,Premium,28594.65
5688,Rachel Daniels,rachel.daniels@shopmail.com,Canada,2024-04-30,Basic,696.54
5689,Danielle Stevenson,danielle.stevenson@customer.net,Germany,2023-02-07,Premium,7196.89
5690,Amanda Williams,amanda.williams@ecommerce.io,Germany,2023-09-03,Standard,3776.63
5691,Kevin Lopez,kevin.lopez@example.com,Canada,2020-01-17,Basic,814.27
5692,Tamara Williams,tamara.williams@ecommerce.io,France,2020-01-11,Premium,8239.53
5693,Marcia Russo,marcia.russo@shopmail.com,Germany,2024-03-11,Basic,317.81
5694,Joanna Warren,joanna.warren@customer.net,Germany,2024-03-09,Basic,537.37
5695,Gregory Wood,gregory.wood@ecommerce.io,Canada,2021-07-12,Basic,475.15
5696,Holly Lozano,holly.lozano@shopmail.com,France,2020-11-11,Premium,45162.33
5697,Corey Dodson,corey.dodson@customer.net,Germany,2024-10-18,Premium,17029.56
5698,Patricia Joseph,,Australia,2023-12-05,Basic,224.01
5699,Charles Harris,charles.harris@ecommerce.io,Australia,2021-02-26,Premium,22778.95
5700,Jamie Bowman,jamie.bowman@ecommerce.io,France,2023-03-20,Standard,1251.87
5701,Alexis Weeks,alexis.weeks@shopmail.com,Australia,2022-12-22,Standard,4284.05
5702,Jamie Norris,jamie.norris@customer.net,Australia,2023-07-07,Standard,4701.95
5703,Sandra Smith,sandra.smith@ecommerce.io,Australia,2020-03-28,Premium,12682.06
5704,John Cervantes,john.cervantes@ecommerce.io,Canada,2024-01-19,Premium,44873.01
5705,Marie Joyce,marie.joyce@shopmail.com,France,2021-05-18,Basic,874.81
5706,Valerie Serrano,valerie.serrano@customer.net,Canada,2024-11-26,Standard,2280.10
5707,Nathan Monroe,nathan.monroe@shopmail.com,Germany,2021-01-08,Premium,23755.32
5708,Bradley Thomas,bradley.thomas@ecommerce.io,Germany,2022-09-05,Standard,3565.39
5709,John Barnett,john.barnett@customer.net,USA,2022-07-02,Standard,3244.71
5710,Nicole Henderson,nicole.henderson@example.com,India,2022-09-11,Basic,847.12
5711,Ashley Shields,ashley.shields@example.com,France,2022-10-30,Premium,7910.33
5712,Connie Harris,connie.harris@ecommerce.io,USA,2020-11-09,Standard,3290.35
5713,Natasha Doyle,natasha.doyle@ecommerce.io,USA,2024-06-13,Standard,2227.28
5714,Joseph Vaughn,joseph.vaughn@ecommerce.io,UK,2023-10-08,Basic,190.28
5715,Robert Gutierrez,robert.gutierrez@shopmail.com,France,2024-04-04,Basic,705.67
5716,Joshua Santana,joshua.santana@ecommerce.io,Australia,2023-03-14,Standard,2903.47
5717,Lisa Freeman,lisa.freeman@customer.net,Canada,2022-02-15,Standard,4120.53
5718,Carol Sims,carol.sims@example.com,Germany,2020-02-08,Standard,2446.58
5719,Randall Dominguez,randall.dominguez@ecommerce.io,Australia,2024-06-13,Standard,3833.45
5720,Shane Alvarado,shane.alvarado@ecommerce.io,UK,2024-04-17,Standard,2727.64
5721,Jeffrey Walsh,jeffrey.walsh@customer.net,USA,2021-11-19,Standard,4439.29
5722,Darius Barrera,darius.barrera@shopmail.com,UK,2024-01-26,Basic,102.41
5723,Tracy White,tracy.white@example.com,Germany,2022-04-09,Standard,4786.44
5724,Mark Harding,mark.harding@ecommerce.io,India,2020-08-18,Standard,2383.10
5725,Jonathan Becker,jonathan.becker@customer.net,Germany,2020-09-12,Standard,4976.44
5726,Sarah Sanders,sarah.sanders@example.com,USA,2021-11-13,Standard,3573.80
5727,Amanda Mitchell,amanda.mitchell@shopmail.com,India,2021-08-12,Standard,3458.25
5728,Ashley Rodriguez,ashley.rodriguez@example.com,India,2023-09-12,Standard,2049.66
5729,David Carson,david.carson@shopmail.com,UK,2021-12-22,Standard,4770.34
5730,Nicole Clements,nicole.clements@ecommerce.io,Germany,2021-06-05,Standard,1415.45
5731,Angela Jimenez,angela.jimenez@customer.net,Canada,2020-07-14,Standard,2574.03
5732,David Cowan,david.cowan@ecommerce.io,Germany,2021-03-14,Standard,3478.30
5733,Taylor Rodriguez,taylor.rodriguez@shopmail.com,India,2020-10-23,Standard,3145.63
5734,Jeremy Whitaker,jeremy.whitaker@ecommerce.io,France,2020-02-06,Basic,850.59
5735,Jack Farmer,jack.farmer@ecommerce.io,Germany,2024-03-09,Standard,3391.22
5736,Lindsay Allen,lindsay.allen@ecommerce.io,France,2020-07-19,Basic,688.26
5737,Christina Kim,christina.kim@shopmail.com,India,2022-12-23,Standard,4093.65
5738,Douglas Harper,douglas.harper@example.com,India,2021-01-31,Standard,2642.18
5739,Blake Peck,blake.peck@ecommerce.io,Germany,2020-01-04,Standard,2202.33
5740,Katie Lopez,katie.lopez@ecommerce.io,Germany,2024-07-10,Standard,3371.61
5741,Jason Stewart,jason.stewart@example.com,Canada,2024-02-03,Basic,981.17
5742,Ashley Fry,ashley.fry@customer.net,Australia,2024-07-15,Standard,4226.55
5743,Matthew Clements,matthew.clements@ecommerce.io,USA,2023-02-12,Standard,2397.20
5744,Sandra Bell,sandra.bell@ecommerce.io,USA,2022-11-27,Standard,3851.47
5745,James Schneider,james.schneider@ecommerce.io,Canada,2024-01-02,Standard,4066.33
5746,Peter Hernandez,peter.hernandez@customer.net,USA,2021-01-26,Premium,32381.74
5747,Kelly Brown,kelly.brown@example.com,USA,2022-07-31,Standard,2391.74
5748,Jack Lee,jack.lee@example.com,India,2020-08-02,Standard,2753.32
5749,Diane Gonzales,diane.gonzales@customer.net,Germany,2023-03-19,Premium,40575.99
5750,Monica Jones,monica.jones@example.com,Germany,2023-01-17,Standard,2729.90
5751,John Rice,john.rice@ecommerce.io,Canada,2023-10-24,Standard,1391.47
5752,Angela Thomas,angela.thomas@shopmail.com,USA,2024-03-14,Basic,818.31
5753,Tamara Brown,tamara.brown@shopmail.com,Australia,2023-01-30,Standard,4082.60
5754,Gail Ortiz,,Germany,2022-04-02,Basic,709.17
5755,Amanda Montgomery,amanda.montgomery@shopmail.com,India,2022-05-27,Standard,2947.23
5756,Geoffrey Cantu,geoffrey.cantu@ecommerce.io,Australia,2022-12-15,Standard,3377.39
5757,Mitchell Thomas,mitchell.thomas@example.com,Germany,2020-09-19,Premium,10977.77
5758,Dale Hall,dale.hall@ecommerce.io,India,2020-06-23,Standard,4868.15
5759,Patrick Hart,patrick.hart@ecommerce.io,India,2020-08-06,Standard,4013.13
5760,Lisa Mack,lisa.mack@example.com,Canada,2021-01-23,Standard,1188.51
5761,David Walker,david.walker@ecommerce.io,UK,2022-10-05,Standard,3541.01
5762,Courtney Elliott,courtney.elliott@shopmail.com,Germany,2022-04-09,Basic,865.96
5763,Charles Banks,charles.banks@ecommerce.io,Germany,2023-12-29,Basic,794.70
5764,Renee Pineda,renee.pineda@customer.net,India,2024-08-06,Standard,4537.76
5765,Deanna Campbell,deanna.campbell@ecommerce.io,France,2020-02-15,Basic,276.42
5766,Christina Cole,christina.cole@example.com,Australia,2020-04-15,Basic,922.76
5767,Kaitlin Vega,kaitlin.vega@shopmail.com,India,2022-01-15,Standard,4096.72
5768,Cheyenne Reed,cheyenne.reed@ecommerce.io,France,2024-07-24,Standard,1613.47
5769,Vanessa Gibson,vanessa.gibson@shopmail.com,India,2021-12-02,Basic,263.33
5770,Samantha Hernandez,samantha.hernandez@customer.net,UK,2024-02-02,Basic,523.79
5771,Amanda Ward,amanda.ward@ecommerce.io,Australia,2024-05-13,Standard,4199.68
5772,Drew Walsh,drew.walsh@customer.net,Germany,2023-04-09,Premium,9665.88
5773,Greg Coffey,greg.coffey@shopmail.com,UK,2024-06-19,Basic,822.04
5774,Yvette Macias,yvette.macias@shopmail.com,Canada,2024-11-10,Premium,12158.00
5775,Micheal Smith,micheal.smith@example.com,France,2022-09-28,Standard,4158.87
5776,Linda Thomas,linda.thomas@shopmail.com,India,2021-11-13,Standard,4240.05
5777,Steve Page,steve.page@customer.net,India,2024-04-02,Basic,386.63
5778,Amber Perez,amber.perez@ecommerce.io,Germany,2022-02-01,Basic,730.06
5779,Richard Larsen,richard.larsen@ecommerce.io,Canada,2021-08-09,Premium,46604.04
5780,Michael Mcmahon,michael.mcmahon@example.com,India,2024-05-01,Premium,35938.96
5781,Robert Butler,robert.butler@ecommerce.io,USA,2021-03-13,Standard,2528.19
5782,Jessica Wallace,jessica.wallace@example.com,Australia,2021-11-23,Standard,1577.54
5783,Paul Cox,paul.cox@example.com,Australia,2023-04-29,Standard,1865.55
5784,Mark Ross,mark.ross@customer.net,France,2021-09-08,Basic,802.29
5785,Jennifer Harris,jennifer.harris@ecommerce.io,India,2022-10-14,Standard,4756.40
5786,Jay Lee,jay.lee@shopmail.com,UK,2020-02-27,Standard,4784.47
5787,James Russo,james.russo@shopmail.com,UK,2021-05-12,Standard,2294.57
5788,Donna Montgomery,donna.montgomery@example.com,USA,2021-01-13,Basic,498.62
5789,Rachel Kelley,rachel.kelley@customer.net,USA,2021-02-04,Standard,1006.48
5790,Kathryn Russell,kathryn.russell@customer.net,Canada,2022-08-17,Standard,4631.75
5791,Dawn Lewis,dawn.lewis@example.com,Germany,2023-09-16,Premium,34925.55
5792,Donald Rodriguez,donald.rodriguez@shopmail.com,India,2022-08-10,Standard,2508.87
5793,Denise Evans,denise.evans@ecommerce.io,USA,2022-09-16,Basic,478.96
5794,Marissa Hampton,marissa.hampton@example.com,Australia,2022-05-02,Standard,1742.17
5795,Cindy Williams,cindy.williams@shopmail.com,USA,2021-07-31,Premium,29552.01
5796,Jeff Arnold,jeff.arnold@customer.net,France,2020-04-11,Basic,691.09
5797,Eric Cruz,eric.cruz@customer.net,India,2023-03-22,Premium,15006.67
5798,Zachary White,zachary.white@shopmail.com,Germany,2024-09-26,Standard,2189.49
5799,Scott Benson,scott.benson@customer.net,Canada,2023-06-13,Standard,2717.60
5800,Paul Estrada,paul.estrada@example.com,Germany,2020-03-16,Standard,2291.61
5801,Joshua Reese,joshua.reese@shopmail.com,France,2023-10-28,Basic,118.39
5802,Anna Moore,anna.moore@ecommerce.io,India,2024-06-21,Basic,612.22
5803,Richard Casey,richard.casey@customer.net,Australia,2020-02-01,Basic,306.52
5804,James Jenkins,james.jenkins@example.com,Australia,2023-05-05,Premium,25278.29
5805,Taylor Parrish,taylor.parrish@example.com,Australia,2024-11-03,Premium,21819.37
5806,David Velazquez,david.velazquez@shopmail.com,Germany,2023-01-20,Standard,1568.81
5807,Leslie Fitzpatrick,leslie.fitzpatrick@example.com,Germany,2021-07-21,Standard,1700.61
5808,Cheryl Moss,cheryl.moss@shopmail.com,USA,2023-05-10,Basic,324.07
5809,Nancy Lowe,nancy.lowe@shopmail.com,India,2024-11-26,Basic,406.84
5810,Kristin Miller,kristin.miller@example.com,UK,2020-12-22,Premium,10088.67
5811,Alan Atkins,alan.atkins@example.com,France,2023-12-20,Standard,3040.18
5812,Brian Phelps,brian.phelps@ecommerce.io,France,2020-01-22,Standard,1566.26
5813,Lawrence Winters,lawrence.winters@shopmail.com,UK,2024-05-01,Basic,994.29
5814,James Hernandez,james.hernandez@ecommerce.io,UK,2023-10-29,Standard,4356.78
5815,Jason Pittman,jason.pittman@example.com,Germany,2022-01-11,Standard,2794.54
5816,Michael Blankenship,michael.blankenship@ecommerce.io,India,2020-06-21,Basic,532.02
5817,Brandy Clayton,brandy.clayton@ecommerce.io,Germany,2023-03-21,Standard,1870.69
5818,Thomas Padilla,thomas.padilla@ecommerce.io,USA,2020-02-23,Standard,4504.33
5819,Keith Garcia,keith.garcia@ecommerce.io,USA,2024-07-12,Basic,788.64
5820,Anna Lester,anna.lester@shopmail.com,UK,2020-06-26,Premium,30711.06
5821,Edwin Perry,edwin.perry@customer.net,France,2023-03-30,Standard,1047.74
5822,Amanda Montgomery,amanda.montgomery@customer.net,USA,2022-10-06,Standard,4715.79
5823,Eric Tran,eric.tran@customer.net,Australia,2020-02-24,Premium,13651.05
5824,Terrence Lucero,terrence.lucero@customer.net,USA,2023-03-19,Standard,2213.86
5825,Hannah Mckee,hannah.mckee@customer.net,USA,2021-11-06,Premium,9195.02
5826,Theresa Beck,theresa.beck@shopmail.com,India,2023-07-23,Standard,3524.79
5827,Dwayne Wallace,dwayne.wallace@shopmail.com,UK,2022-07-06,Standard,2540.74
5828,Katelyn Taylor,katelyn.taylor@customer.net,India,2024-09-01,Standard,2614.85
5829,Parker Gray,parker.gray@customer.net,India,2020-05-04,Standard,1037.56
5830,George Smith,george.smith@ecommerce.io,Canada,2023-09-05,Standard,4371.17
5831,Hailey Meyers,hailey.meyers@customer.net,Australia,2023-07-24,Basic,701.47
5832,Sarah Richards,sarah.richards@example.com,Australia,2024-04-10,Standard,2889.68
5833,Hunter Shannon,hunter.shannon@shopmail.com,UK,2020-12-28,Standard,2056.79
5834,Tara Potts,tara.potts@customer.net,Canada,2024-03-26,Basic,985.27
5835,Ashley Blackwell,ashley.blackwell@ecommerce.io,India,2021-11-27,Basic,204.68
5836,Vanessa Tanner,vanessa.tanner@ecommerce.io,France,2024-10-24,Premium,6943.51
5837,Casey Taylor,casey.taylor@customer.net,Australia,2024-06-30,Standard,1868.87
5838,Kevin Long,kevin.long@example.com,Canada,2022-03-03,Premium,5879.02
5839,Edward Haney,edward.haney@ecommerce.io,UK,2022-09-17,Standard,1205.86
5840,Krystal Caldwell,krystal.caldwell@ecommerce.io,India,2023-04-02,Standard,3872.48
5841,Suzanne Flores,suzanne.flores@customer.net,Germany,2024-08-30,Standard,1469.47
5842,Jennifer Rush,jennifer.rush@customer.net,France,2022-08-26,Premium,22649.21
5843,Christopher Morrison,christopher.morrison@ecommerce.io,Canada,2023-10-11,Basic,768.86
5844,Lauren Smith,lauren.smith@customer.net,UK,2022-11-14,Standard,3261.10
5845,Patricia Butler,patricia.butler@shopmail.com,Germany,2023-10-31,Standard,3306.46
5846,Gary York,gary.york@ecommerce.io,Canada,2023-10-25,Standard,1098.92
5847,James Ramirez,james.ramirez@example.com,France,2022-11-05,Standard,2031.28
5848,Abigail Moon,abigail.moon@ecommerce.io,Australia,2022-05-03,Standard,1045.63
5849,Tracy Bullock,tracy.bullock@shopmail.com,India,2023-08-24,Standard,3871.31
5850,Brett Allen,brett.allen@shopmail.com,France,2020-09-27,Standard,4725.95
5851,Kristopher Cole,kristopher.cole@customer.net,USA,2023-07-03,Basic,790.78
5852,Ryan Williams,ryan.williams@customer.net,Germany,2022-06-18,Standard,3384.57
5853,Karen Wolf,karen.wolf@shopmail.com,France,2023-03-03,Standard,4572.32
5854,Stephen Miller,stephen.miller@customer.net,UK,2022-10-14,Standard,2873.74
5855,Andrea Anderson,andrea.anderson@customer.net,USA,2023-10-04,Premium,40339.61
5856,Tiffany Weber,tiffany.weber@customer.net,India,2021-05-03,Premium,49476.02
5857,Jessica Smith,jessica.smith@customer.net,UK,2021-01-18,Premium,34731.00
5858,Oscar Conway,oscar.conway@shopmail.com,Canada,2021-02-17,Premium,12378.36
5859,Norman Johnson,norman.johnson@shopmail.com,USA,2024-06-01,Premium,11439.39
5860,Emily Terry,emily.terry@shopmail.com,Canada,2021-07-27,Standard,2516.34
5861,Matthew Pratt,matthew.pratt@example.com,India,2024-10-03,Basic,956.74
5862,Melissa Mueller,melissa.mueller@ecommerce.io,Australia,2021-04-09,Standard,3720.20
5863,Richard Peterson,richard.peterson@ecommerce.io,Australia,2020-09-24,Premium,13582.81
5864,Sherri Ball,sherri.ball@customer.net,Canada,2024-05-13,Standard,1562.30
5865,Andrea Burns,andrea.burns@shopmail.com,France,2021-12-04,Standard,1969.76
5866,Joseph Gentry,joseph.gentry@example.com,USA,2024-05-27,Basic,444.29
5867,Samantha Miller,samantha.miller@ecommerce.io,France,2024-12-19,Basic,845.23
5868,Elizabeth Flores,elizabeth.flores@customer.net,India,2021-11-28,Standard,1981.64
5869,William Wilson,william.wilson@example.com,Canada,2020-12-07,Premium,21294.95
5870,Lisa Drake,lisa.drake@shopmail.com,France,2024-06-30,Basic,105.82
5871,Daniel Jones,daniel.jones@customer.net,Germany,2024-04-05,Standard,4973.43
5872,Nathaniel Moore,nathaniel.moore@ecommerce.io,Canada,2024-06-27,Basic,126.88
5873,Laurie Maxwell,laurie.maxwell@customer.net,France,2022-12-21,Standard,3550.17
5874,Michelle Smith,michelle.smith@customer.net,USA,2023-10-22,Standard,1721.71
5875,Alexander Roman,alexander.roman@shopmail.com,UK,2020-09-07,Standard,1996.43
5876,Molly Williamson,molly.williamson@customer.net,USA,2020-07-09,Premium,32964.44
5877,Eric Sims,eric.sims@ecommerce.io,France,2022-04-01,Basic,968.01
5878,Monica Murray,monica.murray@shopmail.com,France,2024-07-19,Basic,524.78
5879,Morgan Hartman,morgan.hartman@customer.net,UK,2024-12-18,Standard,3077.58
5880,Daniel Martinez,daniel.martinez@example.com,Canada,2024-06-29,Standard,1630.02
5881,Janet Gonzalez,janet.gonzalez@ecommerce.io,India,2022-04-17,Standard,1694.72
5882,Julie Miller,julie.miller@customer.net,Australia,2023-03-28,Basic,453.07
5883,Christopher Bean,christopher.bean@customer.net,USA,2021-04-25,Standard,1778.79
5884,Adam Moody,adam.moody@example.com,Germany,2020-01-10,Premium,5872.38
5885,Jesse Williams,jesse.williams@example.com,UK,2022-12-15,Premium,26945.07
5886,Christopher Flores,christopher.flores@example.com,UK,2020-02-13,Standard,1588.56
5887,Alyssa Alvarez,alyssa.alvarez@example.com,USA,2024-01-21,Premium,44935.11
5888,James Travis,james.travis@ecommerce.io,Canada,2020-05-16,Standard,2593.40
5889,Catherine Lopez,catherine.lopez@shopmail.com,Australia,2024-11-06,Standard,3784.70
5890,Keith Lowe,keith.lowe@ecommerce.io,Germany,2022-04-30,Premium,10922.36
5891,Michelle Brown,michelle.brown@example.com,India,2020-07-19,Standard,2422.05
5892,Jackson Smith,jackson.smith@customer.net,Canada,2021-07-18,Standard,1683.24
5893,Gregory Gonzalez,gregory.gonzalez@customer.net,USA,2022-09-12,Premium,29054.92
5894,Douglas Weaver,douglas.weaver@ecommerce.io,Australia,2023-01-16,Basic,938.80
5895,Teresa Graves,teresa.graves@shopmail.com,USA,2023-03-19,Basic,970.84
5896,Jacqueline Jones,jacqueline.jones@customer.net,UK,2021-05-02,Standard,3755.18
5897,Jacob Morris,jacob.morris@example.com,Germany,2020-04-10,Standard,4182.48
5898,Victoria Martin,victoria.martin@ecommerce.io,Germany,2023-05-02,Basic,238.18
5899,Cynthia Vargas,cynthia.vargas@customer.net,USA,2021-07-02,Premium,38368.70
5900,Carolyn Hunter,carolyn.hunter@example.com,France,2023-07-22,Standard,2841.21
5901,Justin Simmons,justin.simmons@example.com,Australia,2020-08-06,Premium,30447.33
5902,Madison Moss,madison.moss@customer.net,Australia,2020-09-27,Standard,1110.84
5903,Alyssa Pena,alyssa.pena@example.com,France,2020-09-24,Premium,7079.91
5904,Tammy King,tammy.king@shopmail.com,France,2024-01-22,Basic,748.78
5905,Karen Brown,karen.brown@shopmail.com,Australia,2020-11-01,Premium,48628.91
5906,Bryan Cooper,bryan.cooper@example.com,India,2021-07-04,Standard,3301.40
5907,Jessica Harvey,jessica.harvey@customer.net,France,2021-11-28,Basic,554.97
5908,Lisa Miller,lisa.miller@example.com,Canada,2023-01-01,Standard,4858.67
5909,Kathy Moran,kathy.moran@ecommerce.io,Canada,2024-07-18,Standard,1499.57
5910,Alexander Garner,alexander.garner@shopmail.com,India,2023-05-22,Standard,3583.70
5911,Christopher Chapman,christopher.chapman@shopmail.com,USA,2024-05-31,Premium,25999.05
5912,Sabrina Ward,sabrina.ward@customer.net,Canada,2023-11-26,Basic,873.29
5913,Erin Gregory,erin.gregory@ecommerce.io,UK,2021-09-04,Basic,605.16
5914,Cameron Baker,cameron.baker@shopmail.com,France,2022-04-23,Standard,1633.81
5915,Mary Hayes,mary.hayes@example.com,France,2023-01-22,Premium,15698.06
5916,Judy Castillo,judy.castillo@ecommerce.io,Australia,2023-03-23,Premium,47861.14
5917,Victor Hines,victor.hines@customer.net,Australia,2022-07-09,Basic,312.07
5918,Lawrence Duarte,lawrence.duarte@customer.net,Australia,2024-06-04,Basic,514.98
5919,James Matthews,james.matthews@ecommerce.io,Canada,2021-01-26,Premium,33591.04
5920,Brad Gomez,brad.gomez@ecommerce.io,India,2021-09-15,Premium,33018.62
5921,Steven Murray,steven.murray@customer.net,UK,2023-05-21,Standard,4897.95
5922,Sandra Mathis,sandra.mathis@customer.net,USA,2021-11-22,Standard,4616.01
5923,Teresa Ford,teresa.ford@ecommerce.io,UK,2022-11-27,Basic,879.89
5924,Rachel Hayes,rachel.hayes@shopmail.com,France,2023-03-16,Standard,1187.50
5925,Douglas Christensen,douglas.christensen@ecommerce.io,France,2023-08-18,Basic,116.89
5926,Robert Johnson,robert.johnson@ecommerce.io,Germany,2023-04-05,Standard,4456.58
5927,Donald Stewart,donald.stewart@example.com,Australia,2020-04-12,Basic,610.86
5928,Veronica Chen,veronica.chen@example.com,Germany,2023-12-02,Premium,20945.15
5929,Reginald Smith,reginald.smith@customer.net,UK,2021-08-12,Standard,4515.92
5930,Lacey Stanley,lacey.stanley@shopmail.com,UK,2022-01-19,Standard,2046.80
5931,Gerald Watkins,gerald.watkins@example.com,UK,2022-04-24,Premium,40185.06
5932,Ivan Davis,ivan.davis@example.com,Australia,2021-07-03,Standard,4691.81
5933,Peter Hernandez,peter.hernandez@example.com,USA,2023-10-22,Standard,2328.35
5934,Matthew Smith,matthew.smith@example.com,Australia,2020-08-20,Standard,4008.57
5935,Philip Torres,philip.torres@shopmail.com,Germany,2021-09-28,Premium,46014.92
5936,Stephanie Dunn,stephanie.dunn@ecommerce.io,Germany,2023-03-16,Standard,4878.63
5937,Jeremy Tucker,jeremy.tucker@example.com,Australia,2020-05-14,Premium,28476.65
5938,Jennifer Reynolds,jennifer.reynolds@shopmail.com,UK,2021-11-06,Premium,32486.87
5939,Stacey Moore,stacey.moore@ecommerce.io,Germany,2024-06-28,Basic,375.56
5940,Tanya Brown,tanya.brown@shopmail.com,India,2024-06-13,Premium,48327.22
5941,Suzanne Jones,suzanne.jones@ecommerce.io,France,2022-05-04,Standard,3737.57
5942,Marcus Woods,marcus.woods@customer.net,India,2022-09-03,Basic,817.53
5943,Keith Young,keith.young@ecommerce.io,UK,2024-11-02,Premium,31780.78
5944,Sherry Lara,sherry.lara@shopmail.com,Germany,2024-04-24,Basic,921.50
5945,Robert Smith,robert.smith@customer.net,Australia,2024-05-15,Basic,312.65
5946,Kyle Moore,kyle.moore@example.com,Australia,2021-02-19,Standard,1573.00
5947,Crystal Sutton,crystal.sutton@example.com,Australia,2023-07-26,Standard,1222.41
5948,Roy Martinez,roy.martinez@customer.net,Germany,2020-05-18,Standard,4458.66
5949,David Campbell,david.campbell@ecommerce.io,UK,2022-07-13,Standard,3012.95
5950,Jenny Roman,jenny.roman@ecommerce.io,Canada,2021-06-16,Standard,3634.63
5951,Michelle Wood,michelle.wood@ecommerce.io,UK,2023-08-06,Premium,16186.29
5952,Tara Brown,tara.brown@customer.net,France,2020-10-21,Standard,3896.47
5953,Sergio Butler,sergio.butler@customer.net,Germany,2022-01-14,Basic,830.28
5954,Jason Nguyen,jason.nguyen@shopmail.com,France,2021-02-06,Standard,2223.11
5955,Jesus Wiggins,jesus.wiggins@customer.net,France,2020-02-09,Standard,2108.71
5956,Larry Moon,larry.moon@shopmail.com,India,2023-11-11,Basic,412.08
5957,Teresa Buchanan,teresa.buchanan@shopmail.com,Canada,2022-07-24,Standard,1792.51
5958,Angela Ray,angela.ray@example.com,UK,2021-05-19,Basic,117.72
5959,Mark Lee,mark.lee@ecommerce.io,Canada,2021-05-24,Standard,3516.29
5960,David Morris,david.morris@shopmail.com,USA,2021-01-05,Basic,987.18
5961,Cynthia Maddox,cynthia.maddox@example.com,India,2021-01-01,Standard,1610.11
5962,Jeremy Watkins,jeremy.watkins@ecommerce.io,USA,2023-07-21,Basic,613.05
5963,Joel Weiss,joel.weiss@customer.net,UK,2020-04-22,Standard,1966.91
5964,Tracy Harrison,tracy.harrison@ecommerce.io,USA,2022-03-29,Standard,1192.79
5965,Andrew Dixon,andrew.dixon@shopmail.com,Canada,2020-07-15,Standard,4275.41
5966,Cody Christensen,cody.christensen@example.com,Canada,2021-12-31,Standard,2297.06
5967,Cindy Miller,cindy.miller@example.com,India,2023-04-18,Basic,960.42
5968,Travis Morrison,travis.morrison@example.com,Canada,2020-11-07,Standard,1609.25
5969,Patricia Mullen,patricia.mullen@ecommerce.io,Canada,2022-03-16,Standard,2222.19
5970,Joseph Cole,joseph.cole@shopmail.com,Canada,2024-07-23,Premium,21751.77
5971,Kimberly Moody,kimberly.moody@ecommerce.io,UK,2022-11-11,Premium,41035.30
5972,Joshua Thomas,joshua.thomas@customer.net,India,2022-11-24,Premium,8391.55
5973,Melanie Brown,melanie.brown@shopmail.com,India,2024-02-09,Premium,48817.29
5974,John Schultz,john.schultz@example.com,Canada,2024-01-05,Standard,3971.69
5975,Mark Summers,mark.summers@ecommerce.io,France,2021-06-04,Basic,938.44
5976,Timothy Thomas,timothy.thomas@customer.net,USA,2021-11-13,Basic,722.81
5977,Joseph Flores,joseph.flores@ecommerce.io,Canada,2022-10-13,Basic,954.45
5978,Tricia Jacobs,tricia.jacobs@customer.net,Germany,2024-06-21,Basic,307.55
5979,Amanda Holloway,amanda.holloway@shopmail.com,Canada,2022-04-18,Basic,321.43
5980,Debbie Rosario,debbie.rosario@customer.net,USA,2024-03-05,Basic,469.47
5981,Carla Martinez,carla.martinez@example.com,Australia,2023-10-03,Basic,885.35
5982,Jessica Moss,jessica.moss@customer.net,UK,2021-10-09,Standard,1525.69
5983,James Lindsey,james.lindsey@example.com,Germany,2022-06-11,Basic,945.59
5984,Justin Gibbs,justin.gibbs@ecommerce.io,UK,2020-04-22,Standard,2257.57
5985,Rodney Cardenas,rodney.cardenas@customer.net,France,2024-07-14,Standard,2434.00
5986,Alex Green,alex.green@customer.net,Germany,2024-12-01,Standard,1309.39
5987,Douglas Johnson,douglas.johnson@shopmail.com,Australia,2022-05-15,Premium,6079.04
5988,Denise Farmer,denise.farmer@example.com,Australia,2024-04-16,Basic,633.57
5989,Christian Marshall,christian.marshall@example.com,Canada,2024-04-16,Premium,38943.96
5990,Renee Hernandez,renee.hernandez@example.com,Australia,2021-03-19,Basic,639.91
5991,Connie Peters,connie.peters@example.com,France,2023-05-01,Standard,1828.50
5992,Brittney Blake,brittney.blake@customer.net,Australia,2020-08-22,Standard,2543.49
5993,Daniel Hill,daniel.hill@example.com,Germany,2022-11-06,Standard,2892.53
5994,Joshua Mccarthy,joshua.mccarthy@ecommerce.io,USA,2022-12-16,Standard,4269.20
5995,Shawn Martin,shawn.martin@customer.net,France,2020-04-03,Standard,4972.04
5996,David Blanchard,david.blanchard@customer.net,Canada,2022-03-30,Standard,4034.98
5997,David Parrish,david.parrish@shopmail.com,Germany,2022-09-07,Standard,1704.39
5998,Angela Wood,angela.wood@customer.net,UK,2024-01-03,Premium,26972.38
5999,Leslie Le,leslie.le@example.com,Australia,2023-10-01,Basic,949.28
6000,Andrea Fuller,andrea.fuller@shopmail.com,Australia,2021-01-30,Standard,2832.41
6001,Debbie Foster,debbie.foster@ecommerce.io,USA,2022-08-12,Standard,3063.06
6002,Mark Huff,mark.huff@example.com,France,2021-03-30,Basic,144.75
6003,Austin Campbell,austin.campbell@customer.net,France,2024-04-05,Standard,3393.66
6004,Ariel Carroll,ariel.carroll@ecommerce.io,USA,2023-08-06,Standard,2021.21
6005,Nicole Brown,nicole.brown@shopmail.com,Germany,2022-08-03,Basic,902.53
6006,Jennifer Anderson,jennifer.anderson@customer.net,Canada,2023-03-01,Standard,1141.27
6007,Caleb Jones,caleb.jones@customer.net,Germany,2022-02-02,Standard,1273.51
6008,Edward Mills,edward.mills@customer.net,USA,2020-06-21,Standard,2699.95
6009,Shelby Young,shelby.young@example.com,Canada,2023-10-01,Standard,3430.48
6010,Karen Compton,karen.compton@customer.net,UK,2021-09-13,Standard,1995.78
6011,Matthew Gutierrez,matthew.gutierrez@example.com,Australia,2023-09-05,Basic,495.01
6012,Karen Vasquez,karen.vasquez@shopmail.com,USA,2024-01-14,Standard,1129.49
6013,Amy Warren,amy.warren@ecommerce.io,Germany,2021-11-09,Standard,4033.69
6014,Darlene Foster,darlene.foster@customer.net,Australia,2022-09-03,Standard,2928.44
6015,Eric Carson,eric.carson@shopmail.com,USA,2022-02-14,Standard,2980.52
6016,Lisa West,lisa.west@example.com,France,2024-05-22,Standard,1643.55
6017,Darius Pruitt,darius.pruitt@ecommerce.io,Canada,2023-01-26,Standard,2921.95
6018,Jose Allen,jose.allen@example.com,UK,2021-06-21,Premium,34915.39
6019,Deanna Grant,deanna.grant@ecommerce.io,India,2021-08-17,Premium,20165.69
6020,Brian Cameron,brian.cameron@example.com,Canada,2021-08-28,Premium,31543.43
6021,Jeremiah Williams,jeremiah.williams@example.com,Australia,2023-02-28,Premium,31376.71
6022,Jeffery Hall,jeffery.hall@shopmail.com,France,2024-09-29,Standard,2983.90
6023,Elijah Harrell,elijah.harrell@shopmail.com,France,2022-11-10,Standard,2913.24
6024,Vincent Morris,vincent.morris@example.com,Germany,2021-03-15,Standard,1052.76
6025,Katelyn Santiago,katelyn.santiago@ecommerce.io,UK,2022-12-13,Basic,297.78
6026,Andrew Cannon,andrew.cannon@example.com,USA,2023-04-03,Standard,1317.87
6027,Travis Caldwell,travis.caldwell@shopmail.com,France,2021-09-21,Standard,3473.85
6028,Heidi Pierce,heidi.pierce@example.com,Germany,2023-11-17,Standard,4894.63
6029,Billy Lawrence,billy.lawrence@customer.net,France,2023-03-05,Standard,4847.10
6030,Jason Aguilar,jason.aguilar@ecommerce.io,Germany,2024-03-25,Standard,2549.94
6031,Adrian Miles,adrian.miles@customer.net,Australia,2021-02-02,Standard,2436.91
6032,Bonnie Richardson,bonnie.richardson@customer.net,UK,2020-10-24,Standard,2347.30
6033,Rachel Martin,rachel.martin@ecommerce.io,Australia,2022-04-07,Standard,1222.75
6034,Jason Herrera,jason.herrera@shopmail.com,USA,2020-09-22,Premium,15100.46
6035,Rose Garner,rose.garner@example.com,Canada,2022-02-21,Basic,769.20
6036,Juan Hawkins,juan.hawkins@example.com,UK,2022-01-06,Standard,1315.25
6037,William Moore,william.moore@example.com,India,2021-06-21,Standard,1409.16
6038,James Lawson,james.lawson@shopmail.com,India,2024-10-31,Standard,3027.36
6039,Matthew Murphy,matthew.murphy@ecommerce.io,USA,2022-04-25,Basic,462.29
6040,Jorge Wilson,jorge.wilson@example.com,India,2021-01-03,Premium,14787.94
6041,Justin Johnson,justin.johnson@ecommerce.io,India,2021-07-18,Premium,26866.14
6042,Carrie Curtis,carrie.curtis@customer.net,India,2021-01-31,Standard,2665.14
6043,William Sullivan,william.sullivan@customer.net,Germany,2023-06-06,Standard,2291.84
6044,Jack Williams,jack.williams@ecommerce.io,Canada,2021-09-12,Standard,1621.17
6045,Linda Newton,linda.newton@ecommerce.io,Australia,2023-02-11,Premium,11712.89
6046,Morgan Gonzalez,morgan.gonzalez@customer.net,UK,2024-01-23,Standard,1281.99
6047,Ashley Burgess,ashley.burgess@shopmail.com,Germany,2020-06-06,Basic,370.18
6048,Marissa Craig,marissa.craig@example.com,India,2024-09-07,Premium,44216.94
6049,Olivia Meyers,olivia.meyers@example.com,Australia,2020-11-08,Basic,442.23
6050,Michael Brown,michael.brown@example.com,Canada,2024-06-01,Standard,1486.09
6051,Connie Knight,connie.knight@customer.net,USA,2022-02-23,Basic,176.74
6052,Nicole King,nicole.king@example.com,India,2022-10-23,Standard,3271.44
6053,William Collins,william.collins@example.com,India,2023-04-03,Basic,823.81
6054,Javier White,javier.white@ecommerce.io,India,2022-02-13,Standard,4825.65
6055,Matthew Porter,matthew.porter@shopmail.com,Canada,2024-01-27,Standard,2944.81
6056,Jennifer Cortez,jennifer.cortez@shopmail.com,Canada,2020-05-09,Standard,4875.29
6057,Stephen Myers,stephen.myers@example.com,Canada,2020-07-09,Standard,1792.02
6058,Karen Mccall,karen.mccall@example.com,USA,2024-10-22,Premium,49973.92
6059,Timothy Carlson,,Canada,2020-01-20,Standard,4795.11
6060,Laura Estrada,laura.estrada@example.com,Australia,2023-12-12,Standard,1925.82
6061,Sharon Jones,sharon.jones@example.com,Germany,2024-11-24,Standard,3348.99
6062,Daniel Smith,daniel.smith@ecommerce.io,Germany,2020-03-19,Premium,27604.76
6063,Anthony Williams,anthony.williams@ecommerce.io,India,2020-04-07,Standard,4226.69
6064,Alex Hill,alex.hill@customer.net,USA,2021-08-29,Basic,694.52
6065,Aaron Wallace,aaron.wallace@shopmail.com,USA,2020-02-14,Standard,1791.73
6066,Jessica Ali,jessica.ali@ecommerce.io,India,2022-03-09,Standard,2087.07
6067,Colton Richardson,colton.richardson@shopmail.com,Germany,2021-11-02,Standard,3645.57
6068,Debbie Maddox,debbie.maddox@ecommerce.io,India,2020-04-21,Standard,2819.98
6069,Judy Watson,judy.watson@shopmail.com,UK,2024-10-22,Standard,4972.51
6070,Joshua Valdez,joshua.valdez@ecommerce.io,France,2023-07-08,Standard,3322.50
6071,Kenneth Johnson,kenneth.johnson@customer.net,USA,2023-05-22,Basic,948.31
6072,David Thomas,david.thomas@example.com,Australia,2021-04-13,Standard,2572.74
6073,Stephen Randolph,stephen.randolph@ecommerce.io,USA,2021-01-15,Basic,834.24
6074,Tonya Rocha,tonya.rocha@ecommerce.io,USA,2020-01-09,Standard,4333.82
6075,David Fields,david.fields@shopmail.com,Germany,2024-04-03,Premium,41407.91
6076,Stephanie Mcguire,stephanie.mcguire@example.com,Australia,2023-08-15,Standard,3226.08
6077,Nicole Frederick,nicole.frederick@customer.net,UK,2020-06-28,Standard,3741.78
6078,Greg Rodriguez,greg.rodriguez@example.com,France,2023-05-19,Premium,23272.09
6079,Jenny Gibson,jenny.gibson@customer.net,India,2020-07-12,Standard,1662.97
6080,Olivia Neal,olivia.neal@example.com,Germany,2021-08-14,Standard,1085.27
6081,Joshua Johnson,joshua.johnson@ecommerce.io,France,2022-03-30,Standard,2855.52
6082,Anna Brown,anna.brown@customer.net,India,2023-07-25,Standard,3544.60
6083,Heather Lewis,heather.lewis@ecommerce.io,France,2021-05-31,Basic,565.09
6084,Raymond Bennett,raymond.bennett@shopmail.com,Germany,2024-07-13,Standard,1426.09
6085,Benjamin Reynolds,benjamin.reynolds@customer.net,India,2022-08-17,Basic,103.54
6086,Steven Thompson,steven.thompson@customer.net,India,2024-10-30,Premium,14986.56
6087,Alexander Merritt,alexander.merritt@ecommerce.io,France,2021-02-08,Standard,4235.78
6088,Diane Chung,diane.chung@example.com,Germany,2022-12-16,Basic,192.94
6089,Nancy Mckinney,nancy.mckinney@example.com,Germany,2020-08-06,Basic,616.36
6090,Jennifer Harris,jennifer.harris@example.com,USA,2021-07-23,Basic,654.48
6091,Joseph Lambert,joseph.lambert@example.com,Canada,2021-08-09,Premium,18217.61
6092,Sylvia Lopez,sylvia.lopez@ecommerce.io,Canada,2024-10-05,Basic,632.73
6093,Hannah Patrick,hannah.patrick@shopmail.com,UK,2021-04-22,Standard,3662.33
6094,Wendy Williams,wendy.williams@customer.net,Australia,2021-12-02,Standard,2496.10
6095,Anna Vincent,anna.vincent@example.com,Germany,2024-05-08,Premium,35586.77
6096,Angelica Warner,angelica.warner@shopmail.com,Canada,2021-05-14,Basic,916.18
6097,Latoya Baldwin,latoya.baldwin@example.com,Canada,2023-06-18,Basic,725.26
6098,Julia Mitchell,julia.mitchell@shopmail.com,Germany,2023-07-07,Standard,2616.87
6099,Christopher Richardson,christopher.richardson@customer.net,Australia,2020-08-16,Standard,4828.98
6100,Lori Stephens,lori.stephens@customer.net,UK,2020-07-31,Standard,4977.80
6101,Nathaniel Winters,nathaniel.winters@ecommerce.io,India,2022-05-25,Standard,3777.88
6102,Jessica Fernandez,jessica.fernandez@customer.net,Australia,2024-01-20,Premium,11850.64
6103,Malik Fowler,malik.fowler@ecommerce.io,India,2022-12-13,Basic,438.50
6104,Richard Carpenter,richard.carpenter@shopmail.com,India,2023-06-27,Standard,1613.74
6105,Nathan Lucero,nathan.lucero@customer.net,France,2022-07-17,Standard,3655.13
6106,Katrina Hernandez,katrina.hernandez@example.com,UK,2021-07-14,Standard,3306.03
6107,Emily Preston,emily.preston@customer.net,France,2022-03-10,Basic,496.29
6108,Emma Russell,emma.russell@example.com,Canada,2022-01-15,Premium,30164.68
6109,Susan Miller,susan.miller@shopmail.com,India,2021-10-16,Premium,25812.84
6110,Jon Taylor,jon.taylor@example.com,Germany,2020-10-06,Premium,20255.05
6111,Sandy Brewer,sandy.brewer@shopmail.com,Canada,2024-03-16,Standard,2051.89
6112,Shannon Ryan,shannon.ryan@shopmail.com,India,2023-04-28,Standard,3140.46
6113,Erin Preston,erin.preston@example.com,USA,2021-08-29,Standard,3650.49
6114,Matthew Hull,matthew.hull@ecommerce.io,Canada,2022-09-22,Standard,1019.61
6115,Tonya Thomas,tonya.thomas@shopmail.com,Canada,2023-09-16,Basic,219.09
6116,Matthew Chen,matthew.chen@example.com,Australia,2023-01-12,Standard,4942.26
6117,Julie Rosales,julie.rosales@shopmail.com,Canada,2021-10-21,Standard,1504.57
6118,Ashley Rowland,ashley.rowland@example.com,Canada,2020-02-18,Basic,659.02
6119,Laura Summers,laura.summers@example.com,USA,2020-04-08,Premium,35006.41
6120,Randy Colon,randy.colon@example.com,Australia,2024-04-27,Basic,774.86
6121,Nicole Mooney,nicole.mooney@ecommerce.io,Germany,2020-05-31,Premium,23687.52
6122,Amy Stone,amy.stone@customer.net,UK,2023-02-24,Basic,332.13
6123,Barbara Scott,barbara.scott@example.com,UK,2020-06-28,Standard,4421.66
6124,Andrea Dunlap,andrea.dunlap@shopmail.com,Australia,2024-04-13,Premium,13694.78
6125,Jodi Sutton,jodi.sutton@customer.net,India,2023-03-19,Basic,662.04
6126,Kristin Burns,kristin.burns@customer.net,Germany,2020-09-18,Basic,276.98
6127,Mark Copeland,mark.copeland@example.com,USA,2021-06-24,Basic,698.78
6128,Nathaniel Giles,nathaniel.giles@customer.net,Australia,2024-12-25,Standard,4775.74
6129,Alexandra Weiss,alexandra.weiss@shopmail.com,Australia,2022-04-25,Standard,4424.31
6130,Jeffery Bell,jeffery.bell@ecommerce.io,Australia,2022-05-08,Basic,163.19
6131,Ricky Walton,ricky.walton@example.com,India,2022-12-22,Premium,29612.77
6132,Daniel Bowman,daniel.bowman@example.com,Germany,2021-03-12,Basic,775.59
6133,Shawn Flowers,shawn.flowers@customer.net,India,2021-08-11,Standard,1486.26
6134,Paula Lopez,paula.lopez@shopmail.com,India,2020-02-29,Standard,1622.16
6135,Aaron Leon,aaron.leon@example.com,Australia,2023-07-09,Standard,2745.45
6136,William Rodriguez,william.rodriguez@shopmail.com,Canada,2023-07-05,Standard,3437.96
6137,Drew Jones,drew.jones@customer.net,Germany,2021-07-14,Premium,5672.77
6138,Stephanie Allen,stephanie.allen@shopmail.com,India,2023-03-28,Standard,3665.70
6139,Richard Bryan,richard.bryan@shopmail.com,Australia,2021-01-02,Basic,979.76
6140,Amber Davis,amber.davis@shopmail.com,Australia,2024-07-06,Premium,23104.34
6141,Lisa Johnson,lisa.johnson@example.com,UK,2022-02-18,Standard,4552.25
6142,Anthony Martinez,anthony.martinez@ecommerce.io,France,2024-09-28,Standard,3498.47
6143,Jacob Parsons,jacob.parsons@shopmail.com,UK,2021-10-03,Standard,1740.04
6144,Charles King,charles.king@ecommerce.io,Canada,2021-09-09,Standard,3735.18
6145,Stephanie Henderson,stephanie.henderson@shopmail.com,India,2024-03-09,Standard,3519.18
6146,Michael Powell,michael.powell@customer.net,France,2020-08-19,Basic,884.90
6147,Heidi Evans,heidi.evans@example.com,Canada,2024-05-22,Basic,973.98
6148,Paul Clark,paul.clark@customer.net,Canada,2020-02-19,Standard,3420.00
6149,Roy Lawrence,roy.lawrence@ecommerce.io,France,2022-10-20,Standard,2915.61
6150,Timothy Mendez,timothy.mendez@ecommerce.io,Australia,2021-12-13,Basic,634.45
6151,Bobby Henry,bobby.henry@example.com,India,2023-08-04,Standard,4639.39
6152,Anthony Flores,anthony.flores@shopmail.com,India,2022-09-13,Standard,3122.59
6153,Anthony Haynes,anthony.haynes@example.com,UK,2021-12-30,Basic,619.41
6154,Michelle Reyes,michelle.reyes@example.com,Australia,2024-02-03,Standard,2065.79
6155,Amber Garcia,amber.garcia@shopmail.com,Germany,2020-12-10,Standard,1464.92
6156,Haley Oliver,haley.oliver@customer.net,Germany,2024-01-24,Premium,6011.93
6157,Michael Mata,michael.mata@ecommerce.io,France,2021-08-31,Premium,8260.71
6158,Tracy Johnson,tracy.johnson@shopmail.com,France,2021-10-16,Basic,410.23
6159,Benjamin Freeman,benjamin.freeman@customer.net,Germany,2024-04-25,Standard,1909.51
6160,Rebecca Wells,rebecca.wells@shopmail.com,France,2024-08-28,Standard,2436.01
6161,Amy Miller,amy.miller@ecommerce.io,India,2021-12-10,Standard,1269.79
6162,Jennifer Baldwin,jennifer.baldwin@shopmail.com,Canada,2024-01-14,Basic,506.30
6163,Sandra Gibson,sandra.gibson@example.com,USA,2022-09-08,Standard,3701.65
6164,Kaitlyn Allen,kaitlyn.allen@customer.net,USA,2021-03-23,Basic,739.44
6165,Tracey Johnson,tracey.johnson@ecommerce.io,Germany,2023-08-30,Standard,2852.07
6166,Kyle Waters,kyle.waters@example.com,UK,2022-01-17,Standard,4792.30
6167,Melissa Robinson,melissa.robinson@shopmail.com,UK,2021-03-01,Standard,1122.52
6168,Robert Smith,robert.smith@example.com,Canada,2022-03-25,Premium,48030.83
6169,David Huffman,david.huffman@shopmail.com,France,2020-12-06,Premium,33272.54
6170,Kimberly Walls,kimberly.walls@shopmail.com,France,2022-08-13,Basic,300.85
6171,Sean Shaw,sean.shaw@shopmail.com,India,2020-08-14,Basic,135.38
6172,Steven Terry,steven.terry@shopmail.com,USA,2020-12-17,Standard,3546.71
6173,Paul Buckley,paul.buckley@customer.net,Canada,2024-04-10,Standard,4678.62
6174,Desiree Williams,desiree.williams@shopmail.com,UK,2020-01-06,Standard,2887.74
6175,Brenda Wolfe,brenda.wolfe@customer.net,India,2020-02-16,Premium,29768.59
6176,Travis Barrera,travis.barrera@customer.net,Canada,2024-08-26,Premium,35303.81
6177,Kelly Martin,kelly.martin@shopmail.com,Germany,2023-06-09,Standard,3792.75
6178,Kelly Rivera,kelly.rivera@shopmail.com,Australia,2022-03-21,Basic,393.62
6179,Daniel Moore,daniel.moore@ecommerce.io,Canada,2021-11-10,Premium,9111.85
6180,Mary Gonzalez,mary.gonzalez@example.com,Canada,2024-12-17,Basic,172.69
6181,Todd Smith,todd.smith@ecommerce.io,Australia,2023-01-06,Standard,4074.33
6182,Kimberly Roman,kimberly.roman@shopmail.com,Germany,2024-12-01,Basic,255.63
6183,Rebecca Barton,rebecca.barton@example.com,UK,2022-05-06,Standard,1042.94
6184,Bradley White,bradley.white@shopmail.com,UK,2021-10-21,Standard,1153.15
6185,Matthew Vega,matthew.vega@shopmail.com,USA,2023-12-15,Basic,913.97
6186,Megan Perez,megan.perez@shopmail.com,India,2023-08-03,Standard,2098.63
6187,Sean Haynes,sean.haynes@ecommerce.io,India,2021-02-23,Basic,616.88
6188,Rhonda Garcia,rhonda.garcia@shopmail.com,India,2023-02-21,Basic,127.12
6189,Donald Yang,donald.yang@customer.net,Australia,2022-03-22,Standard,1884.45
6190,Stacey Hart,stacey.hart@customer.net,France,2022-02-28,Standard,4344.59
6191,Samuel Richardson,samuel.richardson@ecommerce.io,USA,2021-05-24,Standard,1825.37
6192,Holly Smith,holly.smith@ecommerce.io,Canada,2021-06-01,Premium,7892.49
6193,Alicia Benson,alicia.benson@example.com,Germany,2022-03-11,Premium,16875.64
6194,Cynthia Rodriguez,cynthia.rodriguez@example.com,Australia,2023-01-24,Standard,2149.58
6195,Thomas Ramirez,thomas.ramirez@ecommerce.io,France,2020-02-26,Basic,189.87
6196,Angela Henderson,angela.henderson@example.com,Germany,2022-04-13,Basic,369.39
6197,Cameron Baker,cameron.baker@customer.net,India,2023-11-20,Standard,1679.83
6198,Stacy Howard,stacy.howard@shopmail.com,Canada,2020-07-15,Premium,10355.69
6199,Richard Calhoun,richard.calhoun@example.com,Australia,2023-06-02,Premium,48394.57
6200,Rebecca Hutchinson,rebecca.hutchinson@customer.net,USA,2024-02-05,Standard,3875.35
6201,David Martin,david.martin@ecommerce.io,India,2020-11-28,Premium,36875.67
6202,Ashley Ortega,ashley.ortega@shopmail.com,Australia,2020-11-29,Standard,1532.64
6203,Sean Barajas,sean.barajas@example.com,Canada,2022-10-27,Basic,853.71
6204,Nathaniel Baker,nathaniel.baker@customer.net,Australia,2022-06-30,Premium,33618.25
6205,Carl Tyler,carl.tyler@ecommerce.io,Australia,2020-04-27,Standard,4818.59
6206,Jacob Gutierrez,jacob.gutierrez@ecommerce.io,Germany,2022-04-08,Basic,256.92
6207,Anita Hall,anita.hall@shopmail.com,France,2022-01-15,Standard,1186.89
6208,Dylan Anderson,dylan.anderson@example.com,Canada,2024-05-08,Premium,12162.08
6209,Jacqueline Smith,jacqueline.smith@customer.net,India,2021-01-06,Standard,2852.03
6210,Brian French,brian.french@shopmail.com,Germany,2020-03-23,Basic,298.94
6211,Daniel Wade,daniel.wade@ecommerce.io,France,2023-04-18,Basic,116.81
6212,Brenda Smith,brenda.smith@ecommerce.io,Canada,2024-07-01,Standard,4609.64
6213,Nicole Taylor,nicole.taylor@example.com,Australia,2024-04-03,Basic,633.71
6214,Samantha Valencia,samantha.valencia@customer.net,USA,2024-06-24,Premium,44998.11
6215,Laurie Lopez,laurie.lopez@shopmail.com,UK,2023-06-01,Basic,992.49
6216,Thomas Mendoza,thomas.mendoza@ecommerce.io,Australia,2024-04-22,Standard,2180.07
6217,Cory Hughes,cory.hughes@shopmail.com,USA,2021-10-29,Basic,762.81
6218,Cynthia Weaver,cynthia.weaver@customer.net,Germany,2021-10-19,Standard,2779.67
6219,Linda Thomas,linda.thomas@example.com,USA,2023-10-25,Standard,1753.47
6220,David Hicks,david.hicks@shopmail.com,USA,2023-12-22,Standard,2221.80
6221,Michelle Jones,michelle.jones@customer.net,UK,2022-06-24,Standard,4496.20
6222,William Archer,william.archer@example.com,USA,2022-03-07,Standard,1002.25
6223,Ashlee Wright,ashlee.wright@ecommerce.io,France,2023-03-14,Standard,2859.02
6224,Karen Franco,karen.franco@example.com,Canada,2023-09-12,Basic,935.53
6225,Michael Perez,michael.perez@example.com,India,2021-02-24,Premium,14063.79
6226,Jose Brown,jose.brown@customer.net,USA,2020-01-16,Basic,923.87
6227,Ryan Harrell,ryan.harrell@customer.net,Germany,2023-10-26,Premium,38675.00
6228,Kimberly Johnson,kimberly.johnson@shopmail.com,USA,2023-11-07,Premium,49477.52
6229,Emily Galvan,emily.galvan@customer.net,USA,2024-02-25,Standard,1467.33
6230,Peter Obrien,peter.obrien@customer.net,France,2024-12-15,Standard,4441.20
6231,Michelle Goodman,michelle.goodman@customer.net,USA,2023-07-21,Standard,4625.45
6232,David Mendez,david.mendez@customer.net,USA,2024-05-22,Standard,4425.20
6233,Krystal Oneal,krystal.oneal@customer.net,Australia,2023-01-12,Standard,4527.71
6234,Debbie Campos,debbie.campos@shopmail.com,France,2022-01-18,Standard,3935.52
6235,Eric George,eric.george@customer.net,France,2023-08-28,Basic,194.42
6236,Keith Mejia,keith.mejia@ecommerce.io,India,2021-04-25,Basic,972.24
6237,Ryan Johnson,ryan.johnson@shopmail.com,USA,2023-12-28,Standard,4637.47
6238,Carl Miller,carl.miller@example.com,Germany,2021-04-30,Standard,2985.77
6239,Patricia Thomas,patricia.thomas@ecommerce.io,India,2021-07-20,Standard,2250.53
6240,Darlene Wood,darlene.wood@ecommerce.io,India,2024-06-26,Standard,2238.83
6241,Phillip Marshall,phillip.marshall@example.com,Germany,2022-04-05,Premium,31168.87
6242,Lindsay Stark,lindsay.stark@customer.net,UK,2022-02-28,Basic,676.22
6243,Kevin Nichols,kevin.nichols@ecommerce.io,Australia,2021-04-20,Basic,367.95
6244,Mark Parker,mark.parker@ecommerce.io,France,2020-08-11,Standard,3757.48
6245,Stacy Dixon,stacy.dixon@ecommerce.io,UK,2021-11-29,Premium,31088.26
6246,Paul Pitts,paul.pitts@shopmail.com,France,2022-11-22,Basic,396.45
6247,Haley Dominguez,haley.dominguez@example.com,Germany,2024-07-21,Standard,3423.88
6248,Sandra Jacobs,sandra.jacobs@customer.net,Canada,2022-11-02,Basic,869.56
6249,Donna Berry,donna.berry@shopmail.com,Australia,2022-10-14,Standard,2319.46
6250,Taylor Davis,taylor.davis@example.com,Germany,2022-09-03,Standard,3104.99
6251,Tracy Peterson,tracy.peterson@shopmail.com,Canada,2023-10-18,Basic,135.05
6252,Zachary Welch,zachary.welch@shopmail.com,USA,2022-06-25,Basic,686.94
6253,John Adams,john.adams@customer.net,Germany,2022-03-05,Premium,9226.37
6254,Joseph Roberts,joseph.roberts@shopmail.com,Canada,2023-09-08,Basic,122.99
6255,William Edwards,william.edwards@customer.net,France,2022-12-30,Standard,1871.65
6256,Rebecca Solomon,rebecca.solomon@shopmail.com,UK,2021-02-08,Standard,3861.99
6257,Ashlee Bailey,ashlee.bailey@ecommerce.io,USA,2021-04-28,Standard,4616.76
6258,Kirk Petersen,kirk.petersen@ecommerce.io,UK,2023-02-09,Standard,2332.12
6259,Zachary Jenkins,zachary.jenkins@shopmail.com,UK,2020-06-27,Basic,788.48
6260,Joseph Coleman,joseph.coleman@customer.net,Canada,2021-02-04,Basic,242.76
6261,Donna Tate,donna.tate@ecommerce.io,India,2020-08-31,Standard,2138.97
6262,Pamela Taylor,pamela.taylor@ecommerce.io,France,2023-11-14,Standard,1214.52
6263,Kayla Phillips,kayla.phillips@shopmail.com,UK,2021-07-02,Premium,26693.21
6264,Gloria Ward,gloria.ward@customer.net,India,2023-06-08,Premium,19838.27
6265,Amy Morris,amy.morris@shopmail.com,Australia,2022-01-01,Premium,19128.35
6266,Lauren Perkins,lauren.perkins@customer.net,USA,2020-10-31,Standard,1146.99
6267,Glenn Hardy,glenn.hardy@customer.net,Canada,2020-05-30,Standard,1778.25
6268,Nancy Little,nancy.little@ecommerce.io,India,2022-01-08,Basic,607.24
6269,Jamie Tyler,jamie.tyler@customer.net,USA,2024-04-17,Basic,244.11
6270,Maria White,maria.white@shopmail.com,Australia,2023-05-07,Standard,1372.98
6271,Deborah Crawford,deborah.crawford@customer.net,Australia,2024-02-08,Standard,4023.30
6272,John Washington,john.washington@customer.net,Canada,2020-03-01,Premium,24691.98
6273,Joseph Carroll,joseph.carroll@shopmail.com,UK,2024-11-15,Standard,1597.71
6274,Amanda Thomas,amanda.thomas@shopmail.com,Australia,2023-12-25,Basic,669.09
6275,Catherine King,catherine.king@ecommerce.io,Canada,2022-05-08,Standard,3229.83
6276,Tammy Li,tammy.li@example.com,Canada,2022-01-29,Standard,2478.87
6277,Tonya Smith,tonya.smith@ecommerce.io,France,2021-11-12,Basic,145.95
6278,Jacob Villa,jacob.villa@shopmail.com,Australia,2021-11-12,Basic,485.83
6279,Sarah Gibson,sarah.gibson@customer.net,India,2023-01-08,Standard,3422.86
6280,Vicki Silva,vicki.silva@shopmail.com,UK,2023-08-16,Standard,1547.59
6281,Joshua Bradley,joshua.bradley@shopmail.com,France,2024-01-21,Standard,3402.42
6282,James Williams,james.williams@customer.net,USA,2020-02-29,Standard,3078.19
6283,Ronald Holden,ronald.holden@shopmail.com,Germany,2023-03-04,Standard,2508.12
6284,Caitlin Alvarez,caitlin.alvarez@shopmail.com,Germany,2024-12-27,Standard,4716.52
6285,Paul Wilson,paul.wilson@shopmail.com,UK,2020-05-07,Premium,30390.52
6286,Herbert Ward,herbert.ward@ecommerce.io,Australia,2020-02-17,Standard,2601.64
6287,Laurie Brown,laurie.brown@example.com,Germany,2023-08-10,Standard,4754.20
6288,Melanie Ramirez,melanie.ramirez@example.com,Canada,2023-10-20,Standard,1431.26
6289,Amy Adams,amy.adams@shopmail.com,France,2024-10-03,Premium,14395.33
6290,Kristen Frost,kristen.frost@example.com,Germany,2022-06-12,Standard,3396.53
6291,Gloria Harris,gloria.harris@example.com,Germany,2021-01-08,Basic,755.30
6292,Patricia Knight,patricia.knight@shopmail.com,Australia,2021-05-01,Standard,4019.64
6293,Alejandro Morgan,alejandro.morgan@example.com,Australia,2023-05-06,Basic,241.80
6294,Claudia Ramirez,claudia.ramirez@shopmail.com,USA,2020-01-06,Basic,865.09
6295,Russell Hall,russell.hall@customer.net,USA,2020-11-22,Standard,1693.35
6296,Christine Duncan,christine.duncan@example.com,France,2020-09-14,Standard,4537.84
6297,Joseph Tran,joseph.tran@customer.net,Germany,2024-03-13,Standard,2118.91
6298,Mary Hernandez,mary.hernandez@example.com,Canada,2021-08-08,Standard,3481.77
6299,Angela Stewart,angela.stewart@customer.net,India,2020-12-07,Standard,4562.66
6300,Jeffrey Shaffer,jeffrey.shaffer@example.com,Germany,2021-01-31,Basic,235.65
6301,Mandy Harris,mandy.harris@example.com,USA,2020-12-08,Standard,2685.55
6302,Christina Best,christina.best@example.com,Canada,2021-06-13,Standard,2663.83
6303,Christopher Yang,christopher.yang@ecommerce.io,UK,2024-02-25,Standard,4524.16
6304,Tiffany Nelson,tiffany.nelson@example.com,India,2023-03-08,Standard,2667.82
6305,Todd Davis,todd.davis@example.com,Australia,2022-05-23,Standard,4544.47
6306,Megan Walker,megan.walker@customer.net,UK,2023-11-23,Basic,664.86
6307,Stephen Martin,stephen.martin@ecommerce.io,UK,2022-01-10,Basic,514.93
6308,Glenn Robinson,glenn.robinson@customer.net,Australia,2021-05-28,Standard,2877.09
6309,Daniel Allen,daniel.allen@ecommerce.io,USA,2022-06-23,Standard,1014.41
6310,Kyle Riley,kyle.riley@ecommerce.io,Germany,2021-10-13,Standard,2914.21
6311,Carol Hughes,carol.hughes@example.com,Germany,2020-06-25,Standard,1569.12
6312,Jason Garcia,jason.garcia@customer.net,UK,2023-01-22,Standard,2225.26
6313,Christopher Marquez,christopher.marquez@example.com,India,2023-05-11,Standard,1545.32
6314,Scott Stevenson,scott.stevenson@shopmail.com,Germany,2023-11-08,Basic,747.60
6315,Patrick Gilbert,patrick.gilbert@customer.net,Canada,2020-09-01,Basic,493.79
6316,Omar Weaver,omar.weaver@shopmail.com,India,2022-10-06,Premium,8353.93
6317,Joseph Macias,joseph.macias@customer.net,USA,2021-11-16,Standard,2548.77
6318,Travis Clarke,travis.clarke@example.com,India,2021-02-16,Basic,166.84
6319,Alexandria Morris,alexandria.morris@customer.net,Germany,2021-09-17,Basic,999.51
6320,Victor Gilbert,victor.gilbert@ecommerce.io,Australia,2020-05-11,Basic,229.91
6321,Mary Obrien,mary.obrien@shopmail.com,USA,2024-12-07,Standard,1696.80
6322,Nathan Warner,nathan.warner@ecommerce.io,UK,2023-02-14,Basic,716.24
6323,Carolyn Hale,carolyn.hale@ecommerce.io,Australia,2023-11-05,Standard,2080.23
6324,Nicholas French,nicholas.french@example.com,USA,2023-03-27,Basic,643.54
6325,Jamie Edwards,jamie.edwards@ecommerce.io,France,2020-02-10,Basic,570.07
6326,Richard Wright,richard.wright@example.com,Germany,2020-01-03,Premium,36146.26
6327,Kelly Hall,kelly.hall@customer.net,Germany,2024-11-21,Basic,908.57
6328,Caroline Harrison,caroline.harrison@example.com,Germany,2022-08-15,Standard,3595.46
6329,Andrew Mcconnell,andrew.mcconnell@example.com,Germany,2024-08-20,Basic,356.71
6330,John Wolfe,john.wolfe@shopmail.com,Germany,2023-01-27,Standard,3315.92
6331,Shaun Mcbride,shaun.mcbride@customer.net,Germany,2023-12-03,Basic,236.50
6332,Paul Reed,paul.reed@customer.net,USA,2023-10-03,Basic,148.34
6333,Parker Henry,parker.henry@example.com,USA,2024-08-24,Basic,613.58
6334,Jennifer Blankenship,jennifer.blankenship@customer.net,USA,2024-07-27,Premium,9776.09
6335,Christopher Scott,christopher.scott@ecommerce.io,USA,2024-01-27,Standard,1706.44
6336,Jeremy Richardson,jeremy.richardson@shopmail.com,Canada,2023-09-24,Standard,2156.24
6337,Wendy Mendoza,wendy.mendoza@shopmail.com,Australia,2023-10-30,Standard,3471.09
6338,Gary Nash,gary.nash@example.com,Australia,2020-12-18,Premium,32904.68
6339,Deanna George,deanna.george@ecommerce.io,France,2024-06-07,Basic,642.74
6340,Lisa Singleton,lisa.singleton@customer.net,Australia,2023-11-19,Standard,3615.81
6341,Tiffany Diaz,tiffany.diaz@ecommerce.io,Australia,2021-04-16,Basic,881.34
6342,Kathleen Davis,kathleen.davis@customer.net,Australia,2021-09-25,Standard,2017.62
6343,Ruth Davis,ruth.davis@ecommerce.io,UK,2022-02-24,Basic,696.80
6344,Heather Williams,heather.williams@ecommerce.io,Australia,2023-08-21,Standard,1663.05
6345,Christian Frederick,christian.frederick@customer.net,Canada,2020-08-19,Standard,2396.89
6346,Shawn Carter,shawn.carter@customer.net,Canada,2020-03-21,Basic,947.04
6347,Michele Ramirez,michele.ramirez@ecommerce.io,USA,2021-01-19,Basic,314.52
6348,Ruth Perez,ruth.perez@shopmail.com,India,2022-06-28,Basic,810.47
6349,Larry Meyer,larry.meyer@customer.net,Australia,2023-03-20,Basic,794.30
6350,Jesse Davis,jesse.davis@customer.net,Germany,2022-12-28,Standard,1460.85
6351,Brett Pena,brett.pena@customer.net,India,2020-01-10,Standard,4349.93
6352,Kristen Mckay,kristen.mckay@customer.net,India,2020-06-30,Standard,4233.34
6353,Shelly Thompson,shelly.thompson@example.com,India,2022-01-13,Standard,3083.86
6354,Amy Mcmahon,amy.mcmahon@customer.net,France,2022-11-08,Standard,1315.36
6355,Patty Young,patty.young@example.com,France,2020-04-29,Standard,1845.76
6356,Lindsey Gonzalez,lindsey.gonzalez@ecommerce.io,France,2022-03-31,Basic,253.82
6357,Jennifer Jones,jennifer.jones@ecommerce.io,Germany,2021-06-07,Basic,338.98
6358,Craig Roth,craig.roth@customer.net,UK,2021-01-09,Premium,16629.67
6359,Guy Martinez,guy.martinez@ecommerce.io,UK,2022-06-22,Basic,762.97
6360,Steven Hodges,steven.hodges@example.com,USA,2023-11-17,Premium,48325.91
6361,Jennifer Hernandez,jennifer.hernandez@ecommerce.io,India,2023-11-20,Basic,875.44
6362,Sarah Sanchez,,Germany,2023-10-19,Basic,481.86
6363,Alan Foley,alan.foley@ecommerce.io,France,2021-03-31,Standard,4274.03
6364,Katie Palmer,katie.palmer@ecommerce.io,India,2023-03-27,Premium,23542.24
6365,Andrew Wagner,andrew.wagner@shopmail.com,USA,2024-08-03,Standard,3636.32
6366,Brian Taylor,brian.taylor@shopmail.com,Australia,2021-07-17,Basic,723.86
6367,Brandon Moore,brandon.moore@example.com,India,2020-03-22,Basic,896.27
6368,David Hensley,david.hensley@customer.net,Canada,2020-11-13,Premium,20577.44
6369,Mary Berry,mary.berry@customer.net,Australia,2020-10-01,Basic,107.79
6370,Joshua Sanchez,joshua.sanchez@ecommerce.io,France,2024-08-19,Basic,247.57
6371,Gregory Rodriguez,gregory.rodriguez@customer.net,India,2023-01-27,Standard,4457.85
6372,John Bowman,john.bowman@shopmail.com,USA,2024-10-14,Basic,782.83
6373,Karen Jones,karen.jones@ecommerce.io,France,2024-02-01,Standard,3159.33
6374,Nicholas Smith,nicholas.smith@customer.net,USA,2021-08-26,Standard,1698.02
6375,Steven Lindsey,steven.lindsey@customer.net,USA,2022-09-13,Standard,3884.23
6376,Erica Foster,erica.foster@customer.net,India,2024-12-06,Basic,262.21
6377,Amber Powell,amber.powell@example.com,Germany,2021-01-10,Standard,2996.15
6378,Alicia Hayden,alicia.hayden@ecommerce.io,Canada,2024-06-27,Standard,1576.23
6379,Sherry Gomez,sherry.gomez@shopmail.com,Germany,2022-07-02,Basic,877.85
6380,Catherine Higgins,catherine.higgins@customer.net,France,2023-01-14,Basic,572.26
6381,Kara Walton,kara.walton@ecommerce.io,Canada,2021-07-24,Basic,396.45
6382,Alexandra Russell,alexandra.russell@customer.net,India,2021-08-26,Standard,4865.90
6383,Wesley Porter,wesley.porter@example.com,USA,2023-06-04,Standard,4704.82
6384,Linda Clark,linda.clark@shopmail.com,Germany,2024-12-28,Premium,46262.26
6385,Carol Richardson,carol.richardson@customer.net,UK,2023-11-25,Standard,2814.71
6386,Kenneth Munoz,kenneth.munoz@example.com,Australia,2023-04-05,Standard,1835.18
6387,Robert Bennett,robert.bennett@shopmail.com,France,2023-05-19,Standard,1108.86
6388,Nathaniel Edwards,nathaniel.edwards@ecommerce.io,India,2022-12-17,Premium,17885.42
6389,James Smith,james.smith@shopmail.com,Germany,2024-01-12,Standard,4153.30
6390,Ryan Little,ryan.little@example.com,USA,2022-01-07,Standard,2638.36
6391,Dylan Grimes,dylan.grimes@shopmail.com,Australia,2020-09-27,Basic,731.11
6392,Krystal Curry,krystal.curry@example.com,India,2022-08-11,Standard,1112.89
6393,Deborah Turner,deborah.turner@ecommerce.io,France,2020-03-02,Standard,4465.56
6394,John Smith,john.smith@example.com,Germany,2020-03-12,Basic,218.19
6395,Jeremy Gonzales,jeremy.gonzales@ecommerce.io,UK,2021-05-23,Premium,7378.59
6396,Tommy Owens,tommy.owens@shopmail.com,India,2024-12-17,Basic,922.23
6397,Steven Khan,steven.khan@customer.net,USA,2023-01-04,Basic,472.47
6398,Steven Perry,steven.perry@ecommerce.io,Canada,2022-07-24,Standard,4488.82
6399,Brett Gould,brett.gould@shopmail.com,India,2020-05-08,Standard,4199.20
6400,Penny Livingston,penny.livingston@example.com,UK,2023-01-18,Premium,36433.78
6401,Kenneth Brown,kenneth.brown@shopmail.com,France,2022-09-26,Standard,3158.35
6402,Steven Hughes,steven.hughes@customer.net,Germany,2020-06-07,Basic,387.05
6403,Denise Hamilton,denise.hamilton@ecommerce.io,France,2024-10-30,Basic,559.59
6404,Carmen Kelly,carmen.kelly@customer.net,UK,2021-12-25,Standard,2732.03
6405,William Woods,william.woods@ecommerce.io,USA,2022-12-06,Basic,937.08
6406,Sarah Melton,sarah.melton@shopmail.com,Canada,2020-10-12,Premium,8421.19
6407,Timothy Gomez,timothy.gomez@customer.net,Germany,2023-04-11,Premium,6867.66
6408,James Weeks,james.weeks@ecommerce.io,Germany,2023-04-21,Basic,930.11
6409,Gabriel Gay,gabriel.gay@ecommerce.io,UK,2023-01-04,Standard,3006.01
6410,Dustin Dawson,dustin.dawson@ecommerce.io,Germany,2024-12-14,Premium,6620.15
6411,Joseph Johnson,joseph.johnson@shopmail.com,USA,2023-10-03,Premium,14909.87
6412,Jeffery Meyer,jeffery.meyer@customer.net,USA,2024-06-11,Standard,3934.35
6413,Andrew Powell,andrew.powell@shopmail.com,Australia,2020-11-22,Basic,926.17
6414,Lauren Stevens,lauren.stevens@customer.net,Germany,2022-12-07,Standard,2745.92
6415,Christy Mitchell,christy.mitchell@customer.net,India,2024-03-13,Standard,2922.12
6416,Brent Black,brent.black@customer.net,France,2023-12-09,Standard,3653.61
6417,David Gonzales,david.gonzales@customer.net,UK,2022-12-19,Standard,2851.07
6418,Tony Gallagher,tony.gallagher@example.com,Australia,2021-05-13,Standard,1598.17
6419,Barry Maxwell,barry.maxwell@customer.net,Germany,2023-02-23,Standard,1905.99
6420,Jessica Knight,jessica.knight@example.com,Australia,2020-01-15,Standard,2626.80
6421,Carlos Donaldson,carlos.donaldson@shopmail.com,India,2021-03-30,Standard,2063.84
6422,Sarah Gray,sarah.gray@ecommerce.io,Germany,2021-05-12,Standard,2368.49
6423,Donna Gonzales,donna.gonzales@shopmail.com,Australia,2020-09-21,Standard,4435.11
6424,Jennifer Adams,jennifer.adams@customer.net,Germany,2023-08-12,Basic,742.45
6425,Douglas Herman,douglas.herman@ecommerce.io,Canada,2021-03-12,Premium,20284.56
6426,Christopher Reyes,christopher.reyes@customer.net,UK,2020-05-04,Standard,4766.07
6427,Preston Williams,preston.williams@shopmail.com,Australia,2023-07-26,Basic,702.27
6428,Kevin Mckay,kevin.mckay@ecommerce.io,India,2024-07-17,Premium,25167.30
6429,James Hudson,james.hudson@ecommerce.io,Australia,2020-11-30,Basic,809.79
6430,Robert Mckenzie,robert.mckenzie@shopmail.com,Canada,2021-12-01,Premium,20198.80
6431,Edward Payne,edward.payne@shopmail.com,France,2024-06-17,Basic,504.88
6432,Jonathan Moon,jonathan.moon@customer.net,Australia,2020-03-20,Basic,363.85
6433,Aaron Jones,aaron.jones@customer.net,France,2023-01-05,Premium,43421.40
6434,Michele Baker,michele.baker@customer.net,Australia,2024-05-25,Premium,43890.21
6435,Timothy Jones,timothy.jones@customer.net,UK,2022-12-16,Standard,2563.90
6436,Taylor Zavala,taylor.zavala@ecommerce.io,Germany,2023-05-31,Basic,109.14
6437,Sandy Snyder,sandy.snyder@ecommerce.io,France,2023-10-06,Basic,934.69
6438,Christopher Stevens,,Germany,2024-03-08,Standard,1913.06
6439,Rachel Jensen,rachel.jensen@shopmail.com,France,2024-10-02,Premium,8174.89
6440,Tiffany Jefferson,tiffany.jefferson@ecommerce.io,France,2023-05-18,Standard,2321.18
6441,Stephanie Scott,stephanie.scott@customer.net,USA,2020-01-22,Standard,3636.94
6442,Angelica Small,angelica.small@shopmail.com,UK,2023-10-19,Standard,3459.84
6443,Lisa Rivera,lisa.rivera@ecommerce.io,UK,2022-05-13,Basic,347.13
6444,Elizabeth Rose,elizabeth.rose@example.com,Australia,2023-02-10,Standard,3378.56
6445,Elizabeth Conley,elizabeth.conley@example.com,UK,2024-01-11,Standard,1188.79
6446,Brittany Fleming,brittany.fleming@shopmail.com,France,2022-11-13,Basic,126.04
6447,Linda Osborne,linda.osborne@customer.net,USA,2024-11-10,Premium,39164.31
6448,John Briggs,john.briggs@shopmail.com,UK,2021-12-29,Premium,24093.43
6449,Ryan Nelson,ryan.nelson@ecommerce.io,France,2024-05-06,Standard,4992.85
6450,Shelby Turner,shelby.turner@example.com,USA,2022-01-19,Premium,41837.43
6451,Teresa Esparza,teresa.esparza@ecommerce.io,India,2024-07-13,Standard,1790.91
6452,Brett Vargas,brett.vargas@example.com,UK,2023-07-26,Standard,3623.75
6453,Laurie Scott,laurie.scott@customer.net,USA,2021-10-14,Standard,4704.01
6454,Madison Peters,madison.peters@customer.net,Australia,2023-06-25,Standard,2472.36
6455,Megan Robinson,megan.robinson@ecommerce.io,Canada,2022-10-10,Standard,2362.51
6456,Stephanie Marshall,stephanie.marshall@ecommerce.io,Canada,2020-02-22,Standard,4564.13
6457,Eric Garcia,eric.garcia@shopmail.com,Australia,2023-07-12,Standard,2546.89
6458,Amy Cox,amy.cox@example.com,Germany,2020-08-22,Standard,2201.45
6459,Julia Barnes,julia.barnes@ecommerce.io,USA,2023-02-19,Standard,1897.02
6460,Mark Miller,mark.miller@shopmail.com,Australia,2021-10-02,Standard,1523.93
6461,Francisco Olson,francisco.olson@ecommerce.io,UK,2024-07-14,Basic,939.73
6462,Sarah Jones,sarah.jones@shopmail.com,India,2024-04-04,Basic,166.88
6463,Lee Small,lee.small@example.com,India,2020-05-17,Standard,3441.03
6464,Ryan Briggs,ryan.briggs@example.com,Canada,2024-08-31,Basic,916.91
6465,Eric Kennedy,eric.kennedy@ecommerce.io,Canada,2020-11-01,Standard,1240.17
6466,Anthony Pace,anthony.pace@shopmail.com,Germany,2023-07-15,Standard,2542.87
6467,David Young,david.young@ecommerce.io,Germany,2021-02-18,Standard,1102.88
6468,Natasha Vasquez,natasha.vasquez@shopmail.com,Canada,2020-04-26,Basic,269.70
6469,Susan Chapman,susan.chapman@shopmail.com,UK,2024-01-21,Basic,943.47
6470,Richard Atkinson,richard.atkinson@ecommerce.io,Canada,2020-01-20,Basic,763.11
6471,Justin Bishop,justin.bishop@shopmail.com,India,2022-06-12,Premium,15509.82
6472,Frederick Moore,frederick.moore@example.com,France,2021-05-28,Standard,1361.02
6473,Mark Bennett,mark.bennett@example.com,India,2023-02-03,Basic,911.06
6474,Christopher Miller,christopher.miller@shopmail.com,Canada,2022-09-06,Standard,3286.70
6475,Laura Smith,laura.smith@example.com,Australia,2020-02-25,Standard,2129.25
6476,Amber Vasquez,amber.vasquez@ecommerce.io,USA,2020-10-06,Basic,820.43
6477,Christopher Cordova,christopher.cordova@shopmail.com,Canada,2021-09-11,Standard,2626.55
6478,Lindsey Wong,lindsey.wong@example.com,India,2020-08-21,Premium,14177.59
6479,Victoria Smith,victoria.smith@shopmail.com,Canada,2024-06-28,Standard,3009.36
6480,Gregory Anderson,gregory.anderson@example.com,UK,2021-03-14,Standard,3403.31
6481,Tonya Richardson,tonya.richardson@customer.net,Australia,2020-12-26,Standard,4569.98
6482,Gina Serrano,gina.serrano@customer.net,USA,2021-01-15,Standard,2974.28
6483,Michael Armstrong,michael.armstrong@shopmail.com,USA,2024-04-21,Standard,1465.99
6484,Billy Orozco,billy.orozco@shopmail.com,France,2020-06-25,Premium,44728.30
6485,Mark Williams,mark.williams@example.com,UK,2020-03-21,Basic,183.04
6486,Brandi Mcneil,brandi.mcneil@ecommerce.io,France,2020-03-11,Standard,1651.04
6487,Christina Underwood,christina.underwood@example.com,France,2023-01-21,Standard,3578.90
6488,James Jackson,james.jackson@customer.net,Australia,2022-04-24,Basic,371.82
6489,Peter Holder,peter.holder@shopmail.com,USA,2024-08-15,Standard,3289.12
6490,Daniel Watkins,daniel.watkins@example.com,France,2020-11-11,Standard,1280.41
6491,Christina Fox,christina.fox@ecommerce.io,Germany,2023-02-24,Standard,3908.24
6492,Marie Mitchell,marie.mitchell@example.com,Germany,2020-11-06,Standard,1934.02
6493,Calvin Obrien,calvin.obrien@customer.net,Germany,2020-04-20,Standard,4966.80
6494,Jordan Schneider,jordan.schneider@example.com,Germany,2020-06-23,Basic,110.21
6495,Holly Davis,holly.davis@example.com,France,2020-08-23,Standard,4551.43
6496,Catherine Barker,catherine.barker@customer.net,Canada,2020-03-14,Basic,388.95
6497,Antonio Phelps,antonio.phelps@example.com,UK,2024-01-19,Basic,285.35
6498,Elizabeth Neal,elizabeth.neal@shopmail.com,Canada,2024-06-24,Premium,16857.35
6499,Lisa Howard,lisa.howard@example.com,Germany,2020-06-05,Standard,2024.41
6500,William Carter,william.carter@customer.net,Canada,2020-04-28,Standard,4305.51
6501,Janice Morales,janice.morales@ecommerce.io,India,2023-12-11,Standard,1613.98
6502,Lindsay Young,lindsay.young@customer.net,UK,2021-04-08,Basic,167.72
6503,Tracey Parker,tracey.parker@shopmail.com,USA,2022-03-18,Standard,1104.39
6504,Mark Allen,mark.allen@customer.net,Australia,2022-10-28,Premium,37764.02
6505,Eduardo Moore,eduardo.moore@example.com,Canada,2024-04-27,Premium,44996.58
6506,Christopher Matthews,christopher.matthews@example.com,UK,2024-04-04,Basic,871.21
6507,David Rodriguez,david.rodriguez@shopmail.com,USA,2022-05-19,Standard,2595.75
6508,Shane Hernandez,shane.hernandez@example.com,Canada,2023-05-01,Standard,3430.14
6509,Charles Townsend,charles.townsend@customer.net,Germany,2023-11-06,Standard,3418.38
6510,Gwendolyn Riley,gwendolyn.riley@shopmail.com,India,2021-05-22,Basic,296.38
6511,Jennifer Graham,jennifer.graham@example.com,Germany,2020-08-09,Standard,3968.76
6512,David Newman,david.newman@example.com,India,2020-02-24,Standard,3319.99
6513,Sherri Arnold,sherri.arnold@example.com,Canada,2023-09-05,Basic,143.70
6514,Briana Pineda,briana.pineda@shopmail.com,UK,2021-03-18,Standard,2192.98
6515,Jason Kennedy,jason.kennedy@customer.net,Canada,2024-12-26,Basic,581.07
6516,Arthur Moore,arthur.moore@ecommerce.io,Australia,2023-01-14,Standard,3773.96
6517,James Jones,james.jones@shopmail.com,UK,2022-08-16,Standard,2340.22
6518,Anthony Farrell,anthony.farrell@customer.net,UK,2020-10-18,Basic,572.14
6519,Johnny Lopez,johnny.lopez@shopmail.com,Australia,2022-02-04,Basic,595.37
6520,Tyler Barrett,tyler.barrett@ecommerce.io,Canada,2021-10-09,Standard,4995.74
6521,Raymond Fletcher,raymond.fletcher@example.com,France,2022-05-11,Premium,40177.54
6522,Marcus Anderson,marcus.anderson@ecommerce.io,France,2024-10-31,Basic,248.58
6523,Mark Levy,mark.levy@customer.net,Germany,2023-01-16,Basic,604.71
6524,Robert Edwards,robert.edwards@customer.net,UK,2022-03-22,Standard,4512.14
6525,Ruth Knight,ruth.knight@shopmail.com,UK,2021-05-07,Basic,578.70
6526,Holly Smith,holly.smith@shopmail.com,Germany,2021-06-06,Premium,24753.91
6527,Krista Best,krista.best@customer.net,Germany,2024-06-25,Standard,2093.88
6528,Robert Tucker,robert.tucker@customer.net,Australia,2021-06-28,Standard,1393.06
6529,Vanessa Hernandez,vanessa.hernandez@example.com,UK,2020-03-20,Standard,2601.30
6530,Nicole Allen,nicole.allen@ecommerce.io,Canada,2024-12-28,Premium,12589.56
6531,Cassandra Krueger,cassandra.krueger@customer.net,USA,2020-09-06,Standard,2040.59
6532,Rebecca Le,rebecca.le@example.com,France,2020-07-30,Standard,1443.63
6533,Robert Townsend,robert.townsend@ecommerce.io,India,2020-06-11,Basic,432.88
6534,Crystal Dawson,crystal.dawson@example.com,Australia,2021-09-30,Premium,37010.27
6535,Lauren Watson,lauren.watson@example.com,USA,2022-04-28,Basic,585.11
6536,Aaron Webb,aaron.webb@ecommerce.io,Germany,2020-03-04,Premium,43688.64
6537,Madison Mason,madison.mason@example.com,USA,2022-11-23,Basic,646.81
6538,Jason Cook,jason.cook@example.com,India,2021-11-12,Standard,2366.78
6539,Donna Doyle,donna.doyle@ecommerce.io,Germany,2021-12-19,Basic,918.79
6540,William Schmidt,william.schmidt@customer.net,France,2021-05-20,Premium,22089.87
6541,Pamela Chaney,pamela.chaney@shopmail.com,Germany,2022-07-14,Basic,180.55
6542,Cheyenne Salazar,cheyenne.salazar@example.com,UK,2021-08-17,Standard,4509.14
6543,Ryan Dodson,ryan.dodson@ecommerce.io,Canada,2021-11-23,Standard,4390.40
6544,Lauren Gibson,lauren.gibson@customer.net,India,2022-05-18,Standard,1114.65
6545,Jennifer Payne,jennifer.payne@example.com,India,2020-06-25,Standard,1370.86
6546,Amber Campos,amber.campos@shopmail.com,UK,2022-10-13,Basic,797.89
6547,Bradley Cook,bradley.cook@customer.net,India,2023-04-17,Basic,524.42
6548,Richard Sims,richard.sims@shopmail.com,Australia,2020-07-21,Standard,3606.53
6549,Latoya Wells,latoya.wells@customer.net,Australia,2024-11-21,Basic,822.63
6550,Natalie Hickman,natalie.hickman@shopmail.com,France,2022-01-22,Standard,3632.48
6551,Robin Lynch,robin.lynch@ecommerce.io,India,2023-10-22,Basic,667.88
6552,Jerry Edwards,jerry.edwards@shopmail.com,Canada,2020-03-01,Premium,40140.16
6553,Brittany Cole,brittany.cole@example.com,Germany,2023-10-30,Standard,4674.89
6554,Kevin Pearson,kevin.pearson@example.com,USA,2021-01-22,Standard,2647.45
6555,Benjamin Perez,benjamin.perez@ecommerce.io,India,2024-12-30,Standard,4014.47
6556,Rebecca King,rebecca.king@shopmail.com,Canada,2024-07-29,Basic,574.92
6557,Joseph Schmidt,joseph.schmidt@ecommerce.io,UK,2024-11-20,Standard,3982.02
6558,Billy Crane,billy.crane@customer.net,USA,2020-02-01,Standard,3764.11
6559,Shannon Sanders,shannon.sanders@customer.net,France,2021-11-08,Premium,37063.77
6560,Russell Benjamin,russell.benjamin@example.com,Canada,2024-07-19,Standard,1724.97
6561,Leah Hill,leah.hill@ecommerce.io,Canada,2023-06-09,Basic,773.96
6562,Lisa Payne,lisa.payne@ecommerce.io,Canada,2020-10-10,Standard,4341.23
6563,Robert Shaw,robert.shaw@customer.net,India,2023-11-25,Basic,728.35
6564,Stephanie Norton,stephanie.norton@customer.net,UK,2022-08-30,Standard,2371.18
6565,Danielle Torres,danielle.torres@example.com,USA,2022-04-29,Standard,4867.37
6566,Caroline Williams,caroline.williams@example.com,Australia,2022-07-04,Basic,284.22
6567,Vanessa Lewis,vanessa.lewis@ecommerce.io,Australia,2024-03-18,Standard,2275.70
6568,Donna Roberts,donna.roberts@ecommerce.io,Australia,2020-08-28,Premium,41725.16
6569,Darrell Young,darrell.young@shopmail.com,India,2020-11-28,Basic,480.31
6570,Veronica Castro,veronica.castro@customer.net,Australia,2020-07-05,Basic,718.17
6571,Mark Gardner,mark.gardner@example.com,USA,2020-07-04,Standard,2779.82
6572,James Cohen,james.cohen@example.com,UK,2023-10-30,Standard,3848.41
6573,Christopher Lucas,christopher.lucas@ecommerce.io,Germany,2022-04-09,Standard,4808.16
6574,Stacey Smith,stacey.smith@shopmail.com,USA,2024-10-19,Basic,343.53
6575,David Curry,david.curry@ecommerce.io,France,2021-07-31,Basic,180.88
6576,Jonathan Sandoval,jonathan.sandoval@ecommerce.io,UK,2023-07-05,Basic,735.05
6577,Emily Perry,emily.perry@shopmail.com,Canada,2024-01-01,Standard,2402.42
6578,Rebecca Harris,rebecca.harris@shopmail.com,Australia,2021-03-12,Premium,26752.70
6579,Frank Davis,frank.davis@customer.net,Australia,2022-01-05,Standard,4437.78
6580,Sarah Collins,sarah.collins@example.com,Australia,2021-03-02,Standard,1193.11
6581,Amy Dunn,amy.dunn@ecommerce.io,Germany,2021-07-14,Premium,33674.62
6582,Casey Mcgrath,casey.mcgrath@customer.net,USA,2024-08-22,Basic,174.51
6583,Morgan Farrell,morgan.farrell@shopmail.com,Australia,2024-02-01,Standard,4938.39
6584,Aaron Allen,aaron.allen@customer.net,USA,2023-10-14,Basic,901.10
6585,Kimberly Bauer,kimberly.bauer@ecommerce.io,USA,2024-01-17,Basic,942.41
6586,Sheryl Sanford,sheryl.sanford@example.com,USA,2022-05-03,Standard,1477.04
6587,Daniel Hayes,daniel.hayes@customer.net,Canada,2021-06-05,Standard,2527.30
6588,David Miranda,david.miranda@example.com,France,2024-10-19,Standard,3019.35
6589,Kimberly Marshall,kimberly.marshall@customer.net,Canada,2024-06-26,Premium,18654.40
6590,David Contreras,david.contreras@ecommerce.io,India,2022-09-29,Basic,291.60
6591,Joshua Miller,joshua.miller@ecommerce.io,Australia,2021-01-13,Basic,317.06
6592,Kristina Gomez,kristina.gomez@customer.net,Canada,2023-02-19,Basic,707.22
6593,Paul Lopez,paul.lopez@customer.net,Germany,2020-01-10,Basic,150.86
6594,Sierra Swanson,sierra.swanson@example.com,Australia,2020-10-28,Standard,2362.55
6595,Rhonda Oliver,rhonda.oliver@example.com,UK,2020-06-26,Premium,38793.40
6596,Tara Miranda,tara.miranda@example.com,France,2020-11-30,Basic,779.46
6597,Victoria Martin,victoria.martin@example.com,France,2022-04-17,Standard,3663.38
6598,Matthew Boyd,matthew.boyd@example.com,UK,2023-01-13,Standard,2721.51
6599,Hannah Lee,hannah.lee@shopmail.com,France,2021-03-16,Basic,846.05
6600,Vickie Todd,vickie.todd@ecommerce.io,Germany,2020-05-09,Standard,2639.47
6601,Michael Peterson,michael.peterson@shopmail.com,USA,2024-04-22,Standard,3869.12
6602,Paul Sherman,paul.sherman@shopmail.com,Australia,2024-03-05,Basic,525.15
6603,Dale Hunt,dale.hunt@example.com,Germany,2020-04-05,Basic,829.67
6604,Lisa Lewis,lisa.lewis@example.com,France,2023-07-17,Standard,3048.46
6605,James Walsh,james.walsh@customer.net,India,2024-07-11,Basic,945.30
6606,Kiara Adkins,,Germany,2024-06-27,Standard,4362.61
6607,Carl Kaiser,carl.kaiser@example.com,France,2024-12-26,Basic,901.11
6608,Jeremy Sandoval,jeremy.sandoval@ecommerce.io,France,2020-11-12,Standard,3689.55
6609,Roberta Snyder,roberta.snyder@customer.net,Australia,2021-09-15,Standard,3163.30
6610,Kelli Hughes,kelli.hughes@shopmail.com,France,2022-04-19,Basic,412.85
6611,Dawn Gonzalez,dawn.gonzalez@ecommerce.io,Australia,2024-11-03,Basic,342.12
6612,Bobby Chavez,bobby.chavez@ecommerce.io,Germany,2020-09-29,Standard,2708.28
6613,Adam Kelly,adam.kelly@ecommerce.io,USA,2024-05-02,Standard,3392.33
6614,Vanessa Peck,vanessa.peck@example.com,Germany,2023-04-15,Premium,17215.08
6615,Deborah Perry,deborah.perry@ecommerce.io,USA,2024-10-25,Standard,4677.75
6616,Mary Montes,mary.montes@ecommerce.io,Canada,2024-04-15,Premium,10956.96
6617,Michelle Miller,michelle.miller@shopmail.com,Germany,2021-01-02,Premium,22874.09
6618,Megan Wheeler,megan.wheeler@shopmail.com,USA,2021-03-19,Basic,212.51
6619,Anna Wilson,anna.wilson@ecommerce.io,Canada,2020-12-17,Basic,957.73
6620,Derek Snyder,derek.snyder@customer.net,UK,2021-05-09,Standard,1040.44
6621,Wendy Swanson,wendy.swanson@example.com,Germany,2024-03-23,Basic,797.75
6622,Matthew Weber,matthew.weber@example.com,Australia,2022-02-19,Standard,1908.40
6623,Antonio Conley,antonio.conley@ecommerce.io,UK,2023-08-18,Premium,11681.85
6624,Logan Collins,logan.collins@customer.net,Canada,2020-09-07,Standard,1500.58
6625,Lynn Carter,lynn.carter@shopmail.com,Germany,2024-04-05,Basic,669.59
6626,Michele Brown,michele.brown@example.com,USA,2024-01-14,Standard,4194.21
6627,Kevin Maynard,kevin.maynard@shopmail.com,Germany,2024-01-21,Basic,931.73
6628,Derrick Green,derrick.green@shopmail.com,UK,2020-10-05,Standard,2970.27
6629,Noah Hernandez,noah.hernandez@ecommerce.io,UK,2020-11-02,Standard,3131.16
6630,Matthew Jenkins,matthew.jenkins@customer.net,UK,2024-05-02,Standard,4785.87
6631,Charles Schmidt,charles.schmidt@customer.net,UK,2024-05-29,Standard,4331.60
6632,Charles Parker,charles.parker@customer.net,Australia,2020-12-27,Basic,267.61
6633,Kevin Johnson,kevin.johnson@shopmail.com,USA,2020-03-13,Basic,309.77
6634,Tina Murphy,tina.murphy@customer.net,India,2024-04-19,Standard,3933.40
6635,Jennifer Kane,jennifer.kane@example.com,USA,2023-01-17,Basic,723.63
6636,Sarah Morrison,sarah.morrison@shopmail.com,Canada,2020-03-10,Standard,1817.66
6637,Melissa Cox,melissa.cox@ecommerce.io,UK,2021-01-26,Standard,1932.89
6638,Cody Baker,cody.baker@example.com,Australia,2023-07-07,Basic,583.67
6639,Matthew Beasley,matthew.beasley@shopmail.com,France,2021-07-29,Basic,430.42
6640,Ian Lewis,ian.lewis@example.com,UK,2022-01-07,Standard,3582.68
6641,Lauren Hall,lauren.hall@example.com,Canada,2022-08-09,Basic,297.21
6642,Joshua Skinner,joshua.skinner@ecommerce.io,India,2023-11-08,Premium,35488.92
6643,Andrea Weaver,andrea.weaver@customer.net,France,2023-09-11,Standard,2542.57
6644,Michele Cain,michele.cain@customer.net,Canada,2022-01-26,Premium,42986.78
6645,Ana Ray,ana.ray@ecommerce.io,Australia,2024-08-30,Standard,3764.64
6646,Hannah Phillips,hannah.phillips@customer.net,Australia,2023-11-27,Premium,29272.07
6647,Andrea Evans,andrea.evans@shopmail.com,Germany,2021-08-15,Standard,1120.47
6648,Paula Goodwin,paula.goodwin@shopmail.com,Australia,2024-08-14,Standard,2801.21
6649,Billy Ellison,billy.ellison@customer.net,France,2022-12-20,Standard,2450.64
6650,Robert Barrett,robert.barrett@shopmail.com,France,2023-02-12,Standard,1853.54
6651,Joseph Williams,joseph.williams@example.com,UK,2023-05-20,Basic,511.13
6652,Casey Rush,casey.rush@customer.net,Australia,2023-10-08,Basic,566.09
6653,Brianna Rodriguez,brianna.rodriguez@shopmail.com,USA,2023-11-21,Standard,2489.18
6654,Thomas Harrison,thomas.harrison@example.com,France,2022-11-10,Standard,2496.52
6655,Michael Weaver,michael.weaver@customer.net,Canada,2024-06-22,Standard,2451.22
6656,Joseph Garza,joseph.garza@example.com,UK,2021-11-10,Premium,5525.75
6657,Ann Bauer,ann.bauer@customer.net,Australia,2023-10-06,Standard,4069.65
6658,Christopher Jackson,christopher.jackson@customer.net,UK,2021-09-01,Standard,2976.85
6659,Deborah Carroll,deborah.carroll@ecommerce.io,India,2023-03-09,Standard,3308.02
6660,Michelle Mccoy,michelle.mccoy@shopmail.com,UK,2023-02-19,Standard,3334.30
6661,Andre Robinson,andre.robinson@example.com,Australia,2020-01-02,Basic,308.00
6662,Jean Jackson,jean.jackson@ecommerce.io,UK,2024-10-20,Standard,2878.81
6663,Susan Shields,susan.shields@example.com,Canada,2021-12-22,Premium,30469.08
6664,William Mayo,william.mayo@customer.net,Canada,2021-02-25,Standard,3291.04
6665,Adam Mills,adam.mills@shopmail.com,France,2023-05-21,Basic,331.45
6666,Joshua Norton,joshua.norton@ecommerce.io,USA,2021-02-15,Standard,3225.33
6667,Kimberly Lopez,kimberly.lopez@ecommerce.io,Germany,2022-01-11,Standard,2741.92
6668,Amy Brown,amy.brown@ecommerce.io,UK,2020-06-01,Standard,2879.72
6669,Jason Estrada,jason.estrada@shopmail.com,USA,2020-04-19,Standard,1598.47
6670,James Rose,james.rose@example.com,Australia,2020-10-26,Basic,762.67
6671,Max Sullivan,max.sullivan@shopmail.com,Germany,2023-10-07,Basic,438.44
6672,Brittany Bartlett,brittany.bartlett@shopmail.com,Canada,2024-02-15,Standard,2562.09
6673,Keith Wright,keith.wright@shopmail.com,Australia,2023-12-13,Basic,844.15
6674,Melissa Martinez,melissa.martinez@shopmail.com,Canada,2022-10-31,Premium,25340.79
6675,Robert Wong,robert.wong@example.com,Germany,2023-09-29,Standard,2565.75
6676,Tyler Levine,tyler.levine@example.com,USA,2023-05-20,Basic,109.34
6677,Richard Lee,richard.lee@customer.net,Germany,2024-01-14,Standard,4880.75
6678,Johnny Anderson,johnny.anderson@customer.net,UK,2024-10-24,Premium,38564.81
6679,Jack Davidson,jack.davidson@ecommerce.io,India,2022-07-05,Standard,4094.20
6680,David Lambert,david.lambert@shopmail.com,Australia,2022-08-18,Standard,3056.39
6681,David Williams,david.williams@ecommerce.io,USA,2022-09-18,Standard,4966.88
6682,Whitney Mcgee,whitney.mcgee@example.com,France,2021-02-09,Basic,546.08
6683,Jessica Sutton,jessica.sutton@ecommerce.io,India,2023-12-19,Basic,691.24
6684,Dean Robinson,dean.robinson@example.com,USA,2021-08-07,Standard,2400.28
6685,Susan Andrews,susan.andrews@shopmail.com,Australia,2021-07-10,Standard,2673.87
6686,Denise Love,denise.love@ecommerce.io,Canada,2022-10-08,Basic,813.50
6687,Maria Smith,maria.smith@shopmail.com,France,2022-06-21,Standard,4072.45
6688,Daniel Clark,daniel.clark@ecommerce.io,UK,2022-10-23,Basic,949.05
6689,Drew Ramsey,drew.ramsey@ecommerce.io,Germany,2022-06-13,Premium,20514.67
6690,Kristen Melton,kristen.melton@shopmail.com,Germany,2023-01-15,Basic,818.96
6691,Mark Jenkins,mark.jenkins@customer.net,Germany,2020-07-04,Standard,3373.66
6692,Donna Becker,donna.becker@shopmail.com,Germany,2021-07-14,Basic,320.96
6693,Scott Harris,scott.harris@example.com,France,2024-08-05,Standard,2613.11
6694,Cynthia Clark,cynthia.clark@shopmail.com,France,2020-03-24,Standard,2580.29
6695,Michael Berg,michael.berg@example.com,UK,2021-05-05,Basic,140.57
6696,Michele Bates,michele.bates@customer.net,Canada,2022-03-16,Basic,821.99
6697,Tracy Avery,tracy.avery@shopmail.com,Canada,2021-03-31,Basic,368.35
6698,Samuel King,samuel.king@ecommerce.io,Canada,2022-12-18,Basic,465.13
6699,Ryan Moore,ryan.moore@example.com,UK,2024-08-06,Standard,1408.49
6700,Kimberly Bass,kimberly.bass@example.com,India,2021-04-26,Standard,3017.62
6701,Kaitlin Warren,kaitlin.warren@example.com,UK,2021-11-07,Premium,44050.16
6702,James Rodriguez,james.rodriguez@ecommerce.io,Germany,2022-05-24,Standard,1002.77
6703,Justin Campbell,justin.campbell@example.com,UK,2022-09-03,Standard,2609.44
6704,Gregory Hammond,gregory.hammond@customer.net,Germany,2024-02-13,Standard,4656.02
6705,Thomas Farmer,thomas.farmer@example.com,Germany,2020-06-15,Premium,13381.82
6706,Cameron Gibson,cameron.gibson@ecommerce.io,USA,2024-03-25,Premium,15698.29
6707,Kevin Walker,kevin.walker@customer.net,Australia,2021-10-03,Standard,4916.14
6708,James Shields,james.shields@customer.net,Australia,2022-10-26,Standard,3843.83
6709,Mary Stuart,mary.stuart@example.com,USA,2024-06-01,Basic,845.69
6710,Joseph Castillo,joseph.castillo@shopmail.com,UK,2021-03-19,Premium,21776.31
6711,Samuel Anderson,samuel.anderson@customer.net,Australia,2024-01-04,Basic,695.36
6712,Kimberly Brewer,kimberly.brewer@shopmail.com,France,2021-10-04,Premium,19204.40
6713,Patrick Downs,patrick.downs@example.com,UK,2023-04-15,Premium,20243.12
6714,Andrea May,andrea.may@shopmail.com,India,2022-11-28,Basic,110.41
6715,Duane Adams,duane.adams@example.com,USA,2021-01-12,Basic,870.01
6716,Nathan Scott,nathan.scott@customer.net,USA,2023-01-14,Basic,183.38
6717,Corey Atkins,corey.atkins@example.com,Germany,2024-03-11,Standard,4657.32
6718,Zachary Collins,zachary.collins@ecommerce.io,France,2023-03-09,Basic,793.65
6719,Richard Brown,richard.brown@customer.net,Australia,2024-05-25,Premium,37581.05
6720,Susan Rodriguez,susan.rodriguez@ecommerce.io,Canada,2020-09-04,Premium,30901.41
6721,Rachel King,rachel.king@shopmail.com,India,2023-03-26,Standard,2647.14
6722,John Rosario,john.rosario@customer.net,India,2023-09-14,Standard,2969.82
6723,Sarah Foley,sarah.foley@example.com,Australia,2021-09-29,Standard,3441.28
6724,Autumn Middleton,autumn.middleton@shopmail.com,Australia,2020-11-29,Premium,38804.61
6725,Sandra Burton,sandra.burton@ecommerce.io,USA,2022-10-01,Basic,926.57
6726,Tiffany Smith,tiffany.smith@customer.net,USA,2020-11-10,Basic,966.56
6727,Susan Murphy,susan.murphy@shopmail.com,USA,2024-04-10,Standard,1778.85
6728,Hannah Spencer,hannah.spencer@shopmail.com,UK,2020-03-27,Standard,3250.15
6729,Ashley Smith,ashley.smith@ecommerce.io,USA,2023-09-25,Basic,146.95
6730,James Rodriguez,james.rodriguez@shopmail.com,Germany,2024-11-22,Basic,708.60
6731,Kirk Duran,kirk.duran@customer.net,Germany,2022-01-13,Basic,569.94
6732,John Ballard,john.ballard@shopmail.com,Australia,2022-07-08,Standard,2019.55
6733,Brenda Fuller,brenda.fuller@customer.net,USA,2020-05-19,Premium,36072.77
6734,Elizabeth Yu,elizabeth.yu@shopmail.com,Germany,2024-06-03,Basic,978.70
6735,Annette Kelly,annette.kelly@example.com,Australia,2021-04-15,Premium,46258.25
6736,Noah Weber,noah.weber@ecommerce.io,USA,2022-05-29,Basic,386.20
6737,Pamela Nguyen,pamela.nguyen@shopmail.com,USA,2020-08-29,Standard,3217.47
6738,Michaela Kelly,michaela.kelly@example.com,France,2020-06-16,Premium,45464.78
6739,Katherine Patel,katherine.patel@shopmail.com,India,2023-09-30,Standard,3841.82
6740,Trevor Jordan,trevor.jordan@shopmail.com,UK,2020-05-01,Basic,263.90
6741,Anna Norris,anna.norris@customer.net,France,2024-01-15,Standard,4661.10
6742,Dakota Huang,dakota.huang@shopmail.com,UK,2020-08-23,Premium,40582.08
6743,Jesse Delacruz,jesse.delacruz@ecommerce.io,France,2022-05-31,Basic,599.47
6744,Jamie Gutierrez,jamie.gutierrez@example.com,India,2020-02-11,Standard,4525.89
6745,Wendy Jones,wendy.jones@example.com,France,2024-04-11,Basic,464.11
6746,Erin Daugherty,erin.daugherty@ecommerce.io,Canada,2020-03-04,Standard,2375.12
6747,Scott Taylor,scott.taylor@shopmail.com,India,2020-04-10,Premium,42914.68
6748,Joann Robinson,joann.robinson@example.com,France,2020-09-07,Basic,464.45
6749,Collin Scott,collin.scott@example.com,Australia,2024-12-27,Standard,3227.19
6750,Samantha Ortiz,samantha.ortiz@ecommerce.io,Australia,2024-06-18,Premium,41327.29
6751,Vickie Day,vickie.day@example.com,Australia,2023-06-05,Basic,549.61
6752,Pamela Orozco,pamela.orozco@example.com,India,2024-05-05,Premium,29831.49
6753,Clayton Mclean,clayton.mclean@customer.net,France,2021-10-28,Standard,2054.45
6754,Cheryl Davis,cheryl.davis@ecommerce.io,USA,2024-08-06,Standard,2615.76
6755,John George,john.george@ecommerce.io,India,2022-10-24,Standard,1138.93
6756,Julie Mays,julie.mays@customer.net,Canada,2021-11-28,Basic,458.54
6757,John Alvarez,john.alvarez@shopmail.com,Australia,2023-06-20,Standard,3550.71
6758,Joshua Jackson,joshua.jackson@ecommerce.io,France,2023-09-01,Basic,136.56
6759,Katherine Chandler,katherine.chandler@ecommerce.io,USA,2021-09-16,Standard,1572.30
6760,Sara Burns,sara.burns@example.com,Canada,2023-06-24,Standard,2436.35
6761,Victoria Flynn,victoria.flynn@customer.net,Germany,2021-01-01,Basic,384.58
6762,Paige Garcia,paige.garcia@ecommerce.io,Germany,2022-04-11,Premium,38873.72
6763,William Perez,william.perez@ecommerce.io,UK,2020-04-01,Standard,1382.90
6764,Barbara Smith,barbara.smith@ecommerce.io,Germany,2020-10-11,Basic,571.99
6765,Heather Michael,heather.michael@example.com,Germany,2021-08-24,Standard,3689.18
6766,Karen Hawkins,karen.hawkins@ecommerce.io,France,2020-01-30,Standard,1539.00
6767,Frank Rodgers,frank.rodgers@customer.net,UK,2023-05-31,Basic,825.97
6768,Tina Armstrong,tina.armstrong@example.com,USA,2024-04-02,Basic,451.21
6769,Elizabeth Lee,elizabeth.lee@customer.net,Germany,2020-01-17,Premium,39559.72
6770,Lynn Young,lynn.young@shopmail.com,Canada,2024-07-12,Standard,4764.92
6771,Brandon White,brandon.white@customer.net,Germany,2023-08-25,Basic,141.38
6772,Margaret Gonzalez,margaret.gonzalez@customer.net,UK,2024-09-14,Standard,2990.55
6773,Kenneth Brown,kenneth.brown@ecommerce.io,USA,2020-11-19,Standard,1251.62
6774,Shannon Montgomery,shannon.montgomery@customer.net,UK,2021-02-26,Standard,1346.95
6775,Anthony Swanson,anthony.swanson@ecommerce.io,UK,2021-07-14,Basic,261.38
6776,Jennifer Richardson,jennifer.richardson@shopmail.com,Canada,2024-08-22,Standard,3971.09
6777,Katherine Juarez,katherine.juarez@example.com,France,2021-10-19,Basic,770.61
6778,Mary Reynolds,mary.reynolds@ecommerce.io,France,2022-03-10,Standard,4514.28
6779,Hailey Bass,hailey.bass@example.com,Canada,2024-10-05,Standard,1226.26
6780,Erik Gray,erik.gray@example.com,Australia,2022-01-07,Basic,917.37
6781,George Johnson,george.johnson@ecommerce.io,UK,2024-04-20,Basic,178.89
6782,Gregory Cameron,gregory.cameron@ecommerce.io,Canada,2022-04-27,Basic,114.99
6783,Robert Miller,robert.miller@shopmail.com,Canada,2023-09-21,Standard,1597.65
6784,Eric Jones,eric.jones@example.com,USA,2023-05-23,Premium,8833.88
6785,Robert Hamilton,robert.hamilton@ecommerce.io,Canada,2024-12-25,Premium,38487.66
6786,Holly Martin,holly.martin@ecommerce.io,Australia,2023-08-05,Basic,818.90
6787,Jennifer Reeves,jennifer.reeves@example.com,India,2023-01-07,Standard,4704.95
6788,Nicole Schmidt,nicole.schmidt@shopmail.com,Canada,2023-11-23,Standard,4627.74
6789,Rachel Vargas,rachel.vargas@customer.net,India,2022-09-13,Basic,632.57
6790,Suzanne Richards,suzanne.richards@ecommerce.io,USA,2024-03-28,Standard,1594.35
6791,Mark Chavez,mark.chavez@customer.net,France,2020-10-28,Basic,305.28
6792,Maria Wheeler,maria.wheeler@example.com,France,2020-08-11,Standard,3612.57
6793,Donna Lewis,donna.lewis@customer.net,UK,2024-10-30,Basic,379.66
6794,Shane Jackson,shane.jackson@ecommerce.io,Germany,2022-11-29,Basic,795.12
6795,Mary Wallace,mary.wallace@customer.net,India,2021-03-20,Basic,711.35
6796,Leslie Obrien,leslie.obrien@customer.net,Germany,2021-08-01,Standard,4105.21
6797,Sara Yates,sara.yates@shopmail.com,Germany,2021-03-12,Basic,790.52
6798,Mary Gonzalez,mary.gonzalez@shopmail.com,UK,2024-03-13,Standard,4028.78
6799,Kenneth Barton,kenneth.barton@shopmail.com,Canada,2021-09-28,Standard,2181.71
6800,Steven Davis,steven.davis@ecommerce.io,UK,2021-10-31,Premium,10253.98
6801,Bonnie Hogan,bonnie.hogan@shopmail.com,France,2020-02-21,Basic,398.01
6802,David Brown,david.brown@ecommerce.io,Canada,2022-01-18,Basic,307.36
6803,Jillian Ferguson,jillian.ferguson@shopmail.com,France,2022-08-24,Basic,242.95
6804,Mercedes Castro,mercedes.castro@customer.net,Germany,2022-08-26,Basic,491.63
6805,Ralph Banks,ralph.banks@example.com,France,2020-09-20,Basic,586.30
6806,Jennifer Velasquez,jennifer.velasquez@ecommerce.io,Canada,2023-12-18,Basic,726.67
6807,Brian White,brian.white@example.com,Australia,2023-09-24,Standard,1517.53
6808,Nancy Lindsey,nancy.lindsey@ecommerce.io,UK,2020-05-27,Standard,3736.06
6809,John Williams,john.williams@customer.net,France,2022-01-07,Basic,643.76
6810,Michele Stephens,michele.stephens@shopmail.com,Germany,2020-09-19,Premium,9287.68
6811,Charles Ryan,charles.ryan@customer.net,India,2021-08-28,Standard,3847.49
6812,Christopher Warren,christopher.warren@ecommerce.io,India,2021-06-23,Basic,297.88
6813,Clayton Green,clayton.green@example.com,USA,2024-07-07,Standard,2550.76
6814,Ana Clayton,ana.clayton@ecommerce.io,Canada,2020-10-18,Standard,3363.52
6815,Bradley Henry,bradley.henry@customer.net,Canada,2021-12-22,Basic,737.04
6816,Mary Taylor,mary.taylor@shopmail.com,UK,2020-05-21,Standard,3380.64
6817,Kristy Hale,kristy.hale@customer.net,USA,2024-07-18,Standard,1489.93
6818,Christopher Hernandez,christopher.hernandez@shopmail.com,UK,2024-08-03,Basic,318.74
6819,Scott Henderson,scott.henderson@customer.net,UK,2023-06-28,Standard,2728.54
6820,Cynthia Miller,cynthia.miller@example.com,USA,2020-02-21,Standard,4000.02
6821,Kathleen Murray,kathleen.murray@ecommerce.io,UK,2021-08-26,Basic,371.38
6822,Erin Haney,erin.haney@ecommerce.io,Australia,2023-12-28,Standard,3170.95
6823,Matthew Johnson,matthew.johnson@customer.net,Australia,2020-05-20,Standard,3934.65
6824,Alexander Johnson,alexander.johnson@example.com,India,2022-09-02,Standard,3046.94
6825,Elizabeth Johnson,elizabeth.johnson@shopmail.com,USA,2022-01-20,Premium,30770.94
6826,Lisa Johnson,lisa.johnson@ecommerce.io,UK,2022-07-23,Premium,24669.72
6827,Marcus Todd,marcus.todd@shopmail.com,Germany,2021-08-13,Basic,625.03
6828,Lindsey Willis,lindsey.willis@shopmail.com,UK,2020-08-28,Premium,12208.02
6829,Christopher Lee,christopher.lee@ecommerce.io,Canada,2023-02-14,Premium,6843.08
6830,Stephanie Garcia,stephanie.garcia@example.com,Canada,2022-07-11,Basic,286.07
6831,Kristen Ryan,kristen.ryan@ecommerce.io,Australia,2024-12-03,Premium,38201.22
6832,Nathan Cobb,nathan.cobb@shopmail.com,India,2022-03-22,Basic,600.02
6833,Kaitlyn Jacobs,kaitlyn.jacobs@customer.net,Australia,2024-10-24,Standard,2985.48
6834,Jennifer Mcneil,jennifer.mcneil@example.com,UK,2022-04-04,Premium,22324.82
6835,Lawrence Chambers,lawrence.chambers@ecommerce.io,Germany,2020-01-26,Basic,103.36
6836,Laura Gordon,laura.gordon@customer.net,Australia,2020-10-12,Basic,245.85
6837,Kelly Carter,kelly.carter@shopmail.com,USA,2024-11-07,Basic,970.35
6838,Erik Gardner,erik.gardner@shopmail.com,USA,2023-04-04,Basic,846.09
6839,Dylan Barnett,dylan.barnett@customer.net,India,2023-01-05,Standard,1660.13
6840,Amber Mitchell,amber.mitchell@ecommerce.io,India,2022-06-20,Standard,1534.65
6841,Alexa Tate,alexa.tate@shopmail.com,France,2021-02-25,Standard,1790.25
6842,Edward Holloway,edward.holloway@ecommerce.io,Australia,2024-05-14,Premium,21206.89
6843,Keith Howell,keith.howell@customer.net,France,2020-12-06,Standard,3649.03
6844,Brad Gray,brad.gray@customer.net,Germany,2023-09-13,Premium,48498.01
6845,Billy Hamilton,billy.hamilton@ecommerce.io,France,2021-12-22,Premium,49484.17
6846,Anthony Greene,anthony.greene@shopmail.com,Canada,2023-08-31,Premium,46136.56
6847,Aaron Green,aaron.green@ecommerce.io,France,2024-07-19,Standard,3908.02
6848,John Reed,john.reed@example.com,USA,2022-12-02,Standard,3631.30
6849,Matthew Ward,matthew.ward@customer.net,Canada,2020-07-19,Basic,238.62
6850,Zachary Moreno,zachary.moreno@example.com,USA,2024-11-22,Standard,2555.19
6851,Richard Hart,richard.hart@example.com,Germany,2024-03-30,Standard,3830.08
6852,Joe Hernandez,joe.hernandez@shopmail.com,India,2022-02-09,Standard,2009.68
6853,Joseph Perez,joseph.perez@example.com,USA,2023-11-12,Basic,469.69
6854,Marc Stanley,marc.stanley@ecommerce.io,Canada,2024-02-20,Standard,4939.47
6855,Michael Underwood,michael.underwood@ecommerce.io,France,2021-06-12,Standard,1667.68
6856,Kristen Bennett,kristen.bennett@customer.net,France,2024-03-25,Standard,1789.33
6857,Bobby Klein,bobby.klein@customer.net,UK,2023-11-12,Premium,22724.47
6858,Colleen Brown,colleen.brown@shopmail.com,Germany,2022-03-29,Standard,2844.86
6859,Jared Ortiz,jared.ortiz@customer.net,Germany,2022-01-19,Standard,3271.82
6860,Melissa Grant,melissa.grant@customer.net,USA,2021-03-03,Standard,4333.80
6861,Christine Buchanan,christine.buchanan@customer.net,Canada,2023-05-04,Standard,1291.89
6862,Andre Weber,andre.weber@example.com,France,2023-08-29,Standard,3177.68
6863,Daisy Mays,daisy.mays@customer.net,India,2022-10-03,Standard,4419.86
6864,Sandy Lopez,sandy.lopez@example.com,Australia,2024-07-19,Premium,27050.38
6865,Caleb Adams,caleb.adams@ecommerce.io,India,2020-02-26,Standard,1132.63
6866,Brandon Martinez,brandon.martinez@shopmail.com,France,2020-08-05,Premium,20044.05
6867,Peter Davenport,peter.davenport@example.com,Canada,2021-08-02,Standard,1733.71
6868,David Peters,david.peters@ecommerce.io,Germany,2023-06-20,Premium,12032.77
6869,Allison Smith,allison.smith@example.com,USA,2020-01-06,Premium,43880.30
6870,Connie Green,connie.green@customer.net,USA,2024-06-26,Standard,4735.08
6871,Melody Thompson,melody.thompson@ecommerce.io,India,2022-07-31,Basic,733.63
6872,Stacy Jimenez,stacy.jimenez@example.com,Canada,2022-09-12,Premium,15087.73
6873,Sarah Black,sarah.black@example.com,Germany,2022-07-19,Standard,3452.39
6874,Nicholas Gallagher,nicholas.gallagher@customer.net,Australia,2021-04-18,Standard,2548.42
6875,Allison Brown,allison.brown@example.com,France,2023-10-15,Premium,22748.16
6876,Joseph Moore,joseph.moore@shopmail.com,India,2021-01-31,Premium,25613.12
6877,Cameron Horton,cameron.horton@shopmail.com,Australia,2020-12-21,Standard,1228.54
6878,Christine Phillips,christine.phillips@customer.net,France,2023-03-04,Standard,2755.33
6879,George Duncan,george.duncan@ecommerce.io,Canada,2023-06-24,Premium,49288.04
6880,Elizabeth Cross,elizabeth.cross@ecommerce.io,Canada,2023-10-28,Premium,24976.91
6881,Rickey Moore,rickey.moore@customer.net,Germany,2020-01-15,Premium,10334.52
6882,John Barnes,john.barnes@ecommerce.io,Australia,2023-06-20,Standard,1383.50
6883,Jennifer Richardson,jennifer.richardson@customer.net,UK,2023-07-04,Basic,827.54
6884,Jessica Rice,jessica.rice@customer.net,USA,2024-07-31,Basic,969.77
6885,Jason Collins,jason.collins@ecommerce.io,Germany,2022-11-07,Standard,3207.30
6886,Kimberly Miller,kimberly.miller@customer.net,India,2020-05-08,Standard,1139.73
6887,Morgan Short,morgan.short@ecommerce.io,Australia,2023-05-23,Basic,526.85
6888,Kelly Hendrix,kelly.hendrix@customer.net,Germany,2024-10-31,Basic,846.96
6889,Peter Gomez,peter.gomez@ecommerce.io,India,2021-03-11,Basic,954.00
6890,Karen Todd,karen.todd@customer.net,Canada,2021-07-10,Basic,895.34
6891,Michelle Williams,michelle.williams@customer.net,UK,2020-11-03,Premium,27050.10
6892,Richard Perez,richard.perez@customer.net,India,2024-04-16,Basic,887.05
6893,Emma Morgan,emma.morgan@ecommerce.io,Australia,2021-11-16,Standard,3072.97
6894,Felicia Carter,felicia.carter@customer.net,Germany,2023-06-21,Standard,2037.13
6895,Susan Pruitt,susan.pruitt@ecommerce.io,Germany,2024-03-04,Standard,1313.23
6896,Andrew Miller,andrew.miller@shopmail.com,Canada,2024-10-14,Standard,2773.41
6897,Nicholas Jenkins,nicholas.jenkins@ecommerce.io,Australia,2020-03-14,Standard,3867.60
6898,Joshua Roberts,joshua.roberts@example.com,India,2022-01-16,Premium,15860.19
6899,Barbara Briggs,barbara.briggs@example.com,France,2024-01-24,Standard,2091.57
6900,William Hull,william.hull@customer.net,Canada,2024-12-04,Basic,304.29
6901,Kelsey Cross,kelsey.cross@ecommerce.io,USA,2021-04-30,Standard,2763.71
6902,Micheal Hawkins,micheal.hawkins@ecommerce.io,France,2024-11-10,Basic,947.66
6903,Vincent White,vincent.white@customer.net,France,2020-01-15,Basic,437.14
6904,Toni Rivera,toni.rivera@shopmail.com,Australia,2022-12-28,Standard,2487.49
6905,Teresa Owens,teresa.owens@shopmail.com,UK,2024-01-17,Standard,3428.65
6906,Marie Brown,marie.brown@customer.net,Canada,2024-02-25,Standard,3099.45
6907,Haley Johnson,haley.johnson@ecommerce.io,India,2024-05-18,Standard,1116.70
6908,Gloria Brown,gloria.brown@shopmail.com,USA,2024-07-02,Standard,4501.89
6909,Melissa Allen,melissa.allen@example.com,Australia,2024-12-07,Premium,22384.57
6910,Sabrina Clark,sabrina.clark@ecommerce.io,India,2020-03-01,Premium,19140.17
6911,Kathy Kelly,kathy.kelly@shopmail.com,Germany,2022-01-09,Premium,28243.64
6912,Maria Scott,,Australia,2023-04-05,Basic,488.69
6913,Leslie Fletcher,leslie.fletcher@ecommerce.io,Germany,2022-08-14,Standard,2124.53
6914,Ralph Walker,ralph.walker@customer.net,India,2022-06-03,Standard,3982.27
6915,Donald Garcia,donald.garcia@shopmail.com,Germany,2021-02-06,Standard,4288.94
6916,Cody Greene,cody.greene@customer.net,Canada,2020-08-16,Standard,2342.70
6917,Alicia Griffith,alicia.griffith@example.com,Australia,2024-04-01,Premium,30900.47
6918,Kristin Stephens,kristin.stephens@example.com,USA,2024-12-01,Basic,179.91
6919,Catherine Gonzalez,catherine.gonzalez@customer.net,Germany,2020-04-01,Premium,26732.24
6920,Brittney Mccoy,brittney.mccoy@ecommerce.io,USA,2022-03-13,Standard,2196.12
6921,James Robinson,james.robinson@customer.net,Germany,2023-03-04,Standard,3535.39
6922,Richard Morris,richard.morris@shopmail.com,UK,2024-11-02,Standard,4338.11
6923,Jeremiah Khan,jeremiah.khan@ecommerce.io,Canada,2021-03-16,Standard,4557.79
6924,Melissa Cummings,melissa.cummings@ecommerce.io,Canada,2023-12-16,Standard,4785.92
6925,Stephanie Hull,stephanie.hull@shopmail.com,India,2021-11-30,Standard,1091.71
6926,Cheryl Wagner,cheryl.wagner@ecommerce.io,Australia,2024-03-31,Basic,791.68
6927,Katherine Murphy,katherine.murphy@customer.net,USA,2021-01-15,Standard,4042.11
6928,Pedro Murray,pedro.murray@customer.net,India,2022-12-17,Premium,26166.70
6929,Vincent Russell,vincent.russell@customer.net,USA,2022-09-11,Standard,1340.79
6930,Angela Shields,angela.shields@example.com,UK,2023-05-13,Basic,264.10
6931,Patricia Smith,patricia.smith@customer.net,USA,2024-11-01,Basic,296.58
6932,Jack Hoover,jack.hoover@shopmail.com,Germany,2022-08-03,Premium,16409.91
6933,Wendy Johnson,wendy.johnson@ecommerce.io,Australia,2020-07-28,Standard,3799.53
6934,Daniel Osborne,daniel.osborne@shopmail.com,Germany,2022-04-22,Basic,941.66
6935,Daniel Anderson,daniel.anderson@ecommerce.io,Australia,2022-10-31,Standard,4114.01
6936,Carla Glass,carla.glass@example.com,India,2020-04-01,Premium,33258.58
6937,John Bennett,john.bennett@ecommerce.io,USA,2024-12-20,Basic,126.97
6938,Thomas Warner,thomas.warner@example.com,Germany,2020-03-14,Standard,4862.47
6939,Joseph Campbell,joseph.campbell@ecommerce.io,Germany,2022-12-23,Standard,3923.00
6940,Tiffany Wilson,tiffany.wilson@shopmail.com,India,2020-01-22,Standard,1911.99
6941,Jenny Perry,jenny.perry@ecommerce.io,Germany,2021-03-12,Standard,2731.44
6942,Aaron Oliver,aaron.oliver@ecommerce.io,Australia,2023-10-21,Basic,106.51
6943,Jason Richardson,jason.richardson@ecommerce.io,France,2020-09-21,Standard,2916.84
6944,Laura Anderson,laura.anderson@example.com,UK,2020-08-29,Standard,4467.49
6945,Brian Collins,brian.collins@shopmail.com,India,2023-09-20,Standard,4143.50
6946,Chad Martinez,chad.martinez@ecommerce.io,UK,2024-02-23,Basic,953.40
6947,Alicia Ingram,alicia.ingram@ecommerce.io,Australia,2023-07-02,Standard,3010.30
6948,Justin Ryan,justin.ryan@ecommerce.io,Canada,2024-12-25,Standard,1166.58
6949,Jeremiah Sanders,jeremiah.sanders@ecommerce.io,Australia,2023-04-18,Standard,1862.45
6950,Thomas Massey,thomas.massey@shopmail.com,Australia,2020-03-09,Premium,25752.54
6951,Brenda Avila,brenda.avila@customer.net,USA,2024-09-26,Basic,741.92
6952,Richard Jackson,richard.jackson@customer.net,France,2023-07-03,Standard,4124.95
6953,Jennifer David,jennifer.david@ecommerce.io,UK,2021-02-27,Premium,42503.23
6954,Catherine Wagner,catherine.wagner@shopmail.com,France,2023-05-09,Standard,3633.59
6955,Charles Hayes,charles.hayes@shopmail.com,UK,2020-02-13,Standard,4837.58
6956,Matthew Barnes,matthew.barnes@shopmail.com,UK,2022-01-03,Basic,864.72
6957,Christopher Peck,christopher.peck@ecommerce.io,USA,2021-05-16,Standard,1117.41
6958,Heather Mathews,heather.mathews@example.com,India,2021-12-24,Standard,2100.71
6959,Kelly Stone,kelly.stone@example.com,India,2021-01-03,Basic,714.36
6960,Richard Burgess,richard.burgess@shopmail.com,USA,2020-08-28,Standard,1583.88
6961,Maria Mccoy,maria.mccoy@ecommerce.io,UK,2020-07-10,Basic,602.58
6962,Kimberly Rogers,kimberly.rogers@example.com,USA,2021-08-21,Basic,215.22
6963,Travis Foster,travis.foster@shopmail.com,Australia,2020-03-20,Premium,39112.86
6964,Ryan Gibbs,ryan.gibbs@customer.net,France,2020-09-15,Standard,4230.99
6965,Brandon Steele,brandon.steele@example.com,India,2023-11-20,Premium,6463.97
6966,Darren Anderson,darren.anderson@example.com,Canada,2021-08-31,Standard,3122.75
6967,Kimberly Smith,kimberly.smith@shopmail.com,France,2022-01-05,Basic,499.12
6968,Bobby Lee,bobby.lee@customer.net,UK,2023-04-16,Basic,830.21
6969,Veronica Meyer,veronica.meyer@shopmail.com,Canada,2024-08-28,Basic,745.02
6970,James Myers,james.myers@ecommerce.io,UK,2022-12-13,Standard,4319.47
6971,Nicole Davis,nicole.davis@example.com,France,2020-11-17,Standard,2944.08
6972,Monica Johnson,monica.johnson@shopmail.com,India,2022-11-21,Basic,883.31
6973,Eric Bryant,eric.bryant@ecommerce.io,India,2020-09-26,Standard,3347.53
6974,Luke Mcgee,luke.mcgee@example.com,France,2021-12-04,Basic,266.20
6975,Cory Thompson,cory.thompson@customer.net,Australia,2022-05-07,Standard,4096.02
6976,Jeffery Merritt,jeffery.merritt@example.com,Canada,2021-11-24,Basic,632.57
6977,Michael Roth,michael.roth@example.com,France,2022-05-16,Standard,3911.72
6978,William White,william.white@ecommerce.io,India,2021-09-13,Basic,335.62
6979,Ashley Washington,ashley.washington@customer.net,USA,2023-10-14,Standard,4196.83
6980,Melanie Coleman,melanie.coleman@ecommerce.io,France,2023-02-09,Premium,17677.62
6981,Anna Barrera,anna.barrera@ecommerce.io,Australia,2020-03-03,Basic,559.38
6982,Christine Riggs,christine.riggs@ecommerce.io,Canada,2022-04-13,Premium,37033.04
6983,Marie Roberts,marie.roberts@ecommerce.io,USA,2022-06-27,Premium,46974.94
6984,Sylvia Wilson,sylvia.wilson@ecommerce.io,Canada,2024-05-24,Standard,2409.19
6985,Kevin Spencer,kevin.spencer@shopmail.com,Canada,2024-10-29,Standard,2330.57
6986,Laura Galloway,laura.galloway@example.com,France,2024-03-29,Standard,3847.22
6987,Kimberly Cooper,kimberly.cooper@customer.net,Germany,2024-05-08,Standard,2318.94
6988,John Roy,john.roy@customer.net,Australia,2022-10-14,Standard,4735.09
6989,Roberta Doyle,roberta.doyle@shopmail.com,Canada,2021-08-04,Standard,4517.54
6990,Allison Russell,allison.russell@shopmail.com,France,2022-07-05,Premium,11677.31
6991,Jason Brewer,jason.brewer@shopmail.com,Germany,2023-05-05,Standard,2879.75
6992,Christina Martinez,christina.martinez@customer.net,USA,2023-12-26,Premium,17826.02
6993,Curtis Wood,curtis.wood@ecommerce.io,France,2021-08-05,Standard,3189.68
6994,Hayley Smith,hayley.smith@customer.net,Germany,2021-06-27,Standard,4688.09
6995,Lynn Romero,lynn.romero@example.com,Germany,2022-05-23,Basic,219.31
6996,Victoria Carpenter,victoria.carpenter@ecommerce.io,India,2022-05-13,Standard,3635.96
6997,Calvin Roberts,calvin.roberts@shopmail.com,Canada,2022-01-15,Standard,3344.49
6998,Audrey Donovan,audrey.donovan@example.com,UK,2024-05-09,Standard,2801.61
6999,Jennifer Chavez,jennifer.chavez@example.com,Germany,2021-09-08,Standard,1495.70
7000,Jonathan Aguirre,jonathan.aguirre@shopmail.com,Germany,2020-10-29,Premium,35579.30
7001,Richard Harper,richard.harper@shopmail.com,India,2020-05-08,Standard,4767.66
7002,Ashley Bender,ashley.bender@example.com,Australia,2023-07-09,Basic,281.76
7003,Robert Weber,robert.weber@example.com,USA,2021-11-25,Premium,17731.30
7004,Lindsey Kane,lindsey.kane@shopmail.com,India,2021-08-16,Standard,2412.77
7005,Diane Greer,diane.greer@ecommerce.io,India,2022-01-14,Standard,4694.53
7006,Darlene Malone,darlene.malone@example.com,Germany,2023-02-17,Basic,960.68
7007,Julie Lowe,julie.lowe@shopmail.com,Canada,2024-06-14,Standard,4880.35
7008,Kathleen Dickerson,kathleen.dickerson@customer.net,Germany,2022-11-08,Standard,1215.87
7009,Christopher Boyd,christopher.boyd@ecommerce.io,India,2020-01-16,Basic,371.37
7010,Dustin Bowers,dustin.bowers@example.com,USA,2022-10-26,Basic,475.64
7011,Beth Walsh,beth.walsh@ecommerce.io,UK,2020-06-11,Basic,526.28
7012,Ashley Thomas,ashley.thomas@ecommerce.io,Australia,2022-08-23,Standard,3236.62
7013,Annette Phillips,annette.phillips@example.com,Australia,2024-01-10,Basic,621.18
7014,Kelsey Clay,kelsey.clay@shopmail.com,Germany,2023-02-12,Standard,2534.86
7015,Ashley Sparks,ashley.sparks@shopmail.com,India,2020-05-20,Premium,35070.33
7016,Melissa Ashley,melissa.ashley@ecommerce.io,Australia,2023-10-23,Standard,1097.78
7017,Pamela Rodriguez,pamela.rodriguez@ecommerce.io,Canada,2024-06-06,Premium,39311.23
7018,Mary Roman,mary.roman@example.com,USA,2020-08-09,Premium,21624.08
7019,Jeffrey Deleon,jeffrey.deleon@example.com,UK,2022-04-11,Standard,2140.14
7020,Kimberly Jordan,kimberly.jordan@shopmail.com,Australia,2023-10-20,Premium,38010.55
7021,Anne Yu,anne.yu@customer.net,UK,2022-10-20,Basic,628.69
7022,Brian Dean,brian.dean@example.com,Australia,2023-10-02,Premium,45026.32
7023,Andrew Grant,andrew.grant@customer.net,France,2020-12-13,Standard,4774.55
7024,Eric Bowman,eric.bowman@example.com,France,2022-12-26,Basic,653.44
7025,Stephen Butler,stephen.butler@ecommerce.io,Germany,2022-11-30,Standard,1397.36
7026,Patricia May,patricia.may@customer.net,Germany,2022-04-07,Basic,323.62
7027,Gordon Lewis,gordon.lewis@shopmail.com,Australia,2020-01-17,Basic,589.31
7028,Anna Vang,anna.vang@example.com,UK,2021-08-25,Standard,1745.39
7029,Jeremy Lawson,jeremy.lawson@customer.net,Canada,2022-09-11,Basic,350.28
7030,Mark Bates,mark.bates@customer.net,Canada,2021-07-16,Basic,863.40
7031,Rebecca Santos,rebecca.santos@shopmail.com,India,2023-11-02,Standard,4059.94
7032,Rachel Meyer,rachel.meyer@customer.net,Germany,2021-05-05,Basic,498.11
7033,Diane Hoffman,diane.hoffman@ecommerce.io,France,2020-07-09,Basic,714.79
7034,Andre Cardenas,andre.cardenas@customer.net,India,2024-10-16,Standard,2209.41
7035,Justin Smith,justin.smith@shopmail.com,Canada,2022-03-05,Standard,3105.90
7036,Melvin Russell,melvin.russell@ecommerce.io,Canada,2022-02-25,Standard,4261.79
7037,Elizabeth Jarvis,elizabeth.jarvis@ecommerce.io,UK,2020-07-07,Standard,4241.49
7038,Rachel Knight,rachel.knight@customer.net,Germany,2021-09-28,Standard,3614.38
7039,Ryan Johnson,ryan.johnson@ecommerce.io,USA,2020-11-08,Premium,33197.24
7040,Linda Bowers,linda.bowers@example.com,India,2023-02-11,Basic,944.87
7041,Richard Hines,richard.hines@ecommerce.io,India,2023-04-21,Basic,449.74
7042,Amy Thomas,amy.thomas@example.com,USA,2023-09-16,Standard,4945.41
7043,Donna Davis,donna.davis@shopmail.com,France,2024-05-19,Premium,40580.18
7044,Andrea Berry,andrea.berry@shopmail.com,Canada,2022-02-24,Standard,3240.74
7045,Melvin Mccoy,melvin.mccoy@example.com,UK,2022-08-15,Premium,14350.49
7046,Sandra Robinson,sandra.robinson@ecommerce.io,USA,2022-03-03,Standard,3701.96
7047,Anna Stokes,anna.stokes@customer.net,Germany,2021-09-08,Premium,36807.98
7048,Corey Rivas,corey.rivas@ecommerce.io,Germany,2022-10-23,Basic,320.15
7049,Nicole Miranda,nicole.miranda@ecommerce.io,Canada,2023-04-11,Basic,446.54
7050,Lindsay Edwards,lindsay.edwards@ecommerce.io,Australia,2024-05-07,Basic,504.42
7051,Matthew Bradshaw,matthew.bradshaw@ecommerce.io,India,2024-06-28,Standard,2841.50
7052,David Bridges,david.bridges@example.com,USA,2024-12-20,Standard,2410.25
7053,Kimberly Ross,kimberly.ross@shopmail.com,Germany,2023-07-28,Premium,38687.49
7054,Edward Matthews,edward.matthews@ecommerce.io,Australia,2021-06-07,Standard,4762.56
7055,Kendra Atkinson,kendra.atkinson@customer.net,UK,2020-12-05,Standard,2867.57
7056,Joseph Nolan,joseph.nolan@example.com,Canada,2022-06-08,Standard,2420.53
7057,Melissa Wall,melissa.wall@ecommerce.io,UK,2020-03-27,Basic,155.31
7058,Frank Goodwin,frank.goodwin@customer.net,Germany,2021-05-27,Premium,25516.09
7059,Aaron Contreras,aaron.contreras@ecommerce.io,UK,2020-04-13,Premium,16230.21
7060,Willie Burke,willie.burke@example.com,France,2022-12-16,Premium,20642.07
7061,Rebecca Price,rebecca.price@example.com,India,2021-11-27,Basic,467.96
7062,Yesenia Wilson,yesenia.wilson@shopmail.com,UK,2021-10-10,Standard,4516.50
7063,Tina Hughes,tina.hughes@example.com,France,2020-06-28,Standard,3503.63
7064,James Miller,james.miller@shopmail.com,India,2021-01-15,Basic,738.62
7065,James Salazar,james.salazar@customer.net,Germany,2022-04-21,Standard,3840.87
7066,Madison Morrow,madison.morrow@customer.net,Australia,2023-04-25,Standard,3767.36
7067,Anthony Dougherty,anthony.dougherty@ecommerce.io,UK,2021-02-28,Premium,14200.49
7068,Nicholas Brown,nicholas.brown@customer.net,USA,2024-03-03,Premium,41018.02
7069,Deborah Miller,deborah.miller@example.com,Australia,2024-08-13,Standard,2964.26
7070,Crystal Jones,crystal.jones@shopmail.com,UK,2023-05-20,Premium,8668.47
7071,Joan Brown,joan.brown@customer.net,India,2023-09-02,Standard,4114.03
7072,Ricky Thompson,ricky.thompson@customer.net,Canada,2023-06-19,Basic,638.74
7073,Crystal Gonzalez,crystal.gonzalez@shopmail.com,Germany,2020-02-08,Standard,3813.16
7074,Brandi Ramos,brandi.ramos@customer.net,USA,2020-08-19,Standard,4207.09
7075,Robert Thomas,robert.thomas@shopmail.com,USA,2021-10-01,Standard,4768.71
7076,Jessica Walker,jessica.walker@customer.net,Germany,2024-02-07,Premium,45358.24
7077,Joshua Smith,joshua.smith@example.com,UK,2020-03-23,Basic,485.30
7078,Tyler Ramos,tyler.ramos@shopmail.com,UK,2020-08-10,Premium,23065.41
7079,Juan Martin,juan.martin@ecommerce.io,Canada,2024-07-03,Standard,4743.45
7080,Jennifer Cole,jennifer.cole@example.com,Canada,2022-07-04,Basic,315.29
7081,Donald Powell,donald.powell@example.com,Canada,2021-05-18,Basic,174.42
7082,Michelle Powers,michelle.powers@ecommerce.io,UK,2024-06-26,Premium,8914.49
7083,Caitlyn Cooper,caitlyn.cooper@customer.net,Canada,2022-03-26,Standard,4423.58
7084,Angela Davis,angela.davis@shopmail.com,Germany,2020-06-26,Premium,45694.77
7085,Monique Hardy,monique.hardy@ecommerce.io,France,2020-02-15,Basic,476.67
7086,Margaret Livingston,margaret.livingston@customer.net,Canada,2021-11-10,Premium,20226.74
7087,Sandra Hendrix,sandra.hendrix@shopmail.com,USA,2023-10-13,Standard,1967.82
7088,Ariana Randolph,ariana.randolph@customer.net,Australia,2020-04-27,Standard,1575.89
7089,Carl Strickland,carl.strickland@example.com,USA,2020-01-16,Basic,900.33
7090,Andrew Zuniga,andrew.zuniga@customer.net,France,2022-09-25,Standard,1166.68
7091,Emily Baker,emily.baker@ecommerce.io,Germany,2020-06-04,Standard,4090.41
7092,Tara Gonzalez,tara.gonzalez@example.com,Australia,2022-12-06,Basic,182.18
7093,Shawn Davis,shawn.davis@shopmail.com,India,2021-01-04,Standard,4887.36
7094,David Velazquez,david.velazquez@shopmail.com,France,2024-07-03,Standard,1918.54
7095,Michael Arias,michael.arias@shopmail.com,USA,2023-07-13,Standard,4460.16
7096,James Moon,james.moon@ecommerce.io,Australia,2023-04-08,Standard,3803.45
7097,Richard Mcdonald,richard.mcdonald@customer.net,Canada,2022-08-26,Basic,835.93
7098,Sara Marshall,sara.marshall@ecommerce.io,UK,2020-10-24,Basic,874.62
7099,Jamie Ferrell,jamie.ferrell@shopmail.com,USA,2020-10-29,Basic,344.27
7100,Rebecca Gregory,rebecca.gregory@ecommerce.io,Germany,2024-03-15,Standard,3113.28
7101,Christian Martin,christian.martin@ecommerce.io,Australia,2020-08-14,Standard,3294.15
7102,Noah Robinson,noah.robinson@example.com,Canada,2020-05-20,Premium,43528.73
7103,Robert Bryan,robert.bryan@example.com,Canada,2023-12-25,Standard,2219.13
7104,Tiffany Stewart,tiffany.stewart@ecommerce.io,USA,2020-04-12,Standard,3427.17
7105,Taylor Payne,taylor.payne@customer.net,India,2022-01-17,Premium,37553.22
7106,Tiffany Bennett,tiffany.bennett@customer.net,UK,2024-04-13,Standard,1952.46
7107,James West,james.west@ecommerce.io,Australia,2021-09-11,Standard,1774.03
7108,Patricia Gardner,patricia.gardner@example.com,USA,2023-03-29,Basic,837.67
7109,Kurt Watkins,kurt.watkins@example.com,Germany,2024-04-28,Basic,991.77
7110,Jessica Jackson,jessica.jackson@customer.net,USA,2023-08-03,Standard,3587.04
7111,Beth Williams,beth.williams@customer.net,USA,2024-08-23,Premium,48499.56
7112,Michelle Carter,michelle.carter@example.com,USA,2024-08-04,Standard,1735.74
7113,Bradley Roth,bradley.roth@shopmail.com,France,2023-10-24,Basic,851.21
7114,Ryan Mitchell,ryan.mitchell@shopmail.com,Australia,2024-08-05,Standard,3261.59
7115,Brian Hayes,brian.hayes@customer.net,Australia,2024-09-17,Standard,4387.40
7116,Evelyn Collier,evelyn.collier@example.com,Germany,2022-02-14,Standard,3420.52
7117,Raymond Ferguson,raymond.ferguson@ecommerce.io,France,2020-07-12,Standard,2974.32
7118,Sarah Stein,,USA,2024-04-12,Basic,731.30
7119,Joyce Porter,joyce.porter@ecommerce.io,Australia,2022-01-13,Basic,903.23
7120,William Herman,william.herman@customer.net,France,2024-04-24,Standard,3192.78
7121,Charles Flowers,charles.flowers@example.com,Germany,2023-04-20,Standard,1847.53
7122,Danielle Humphrey,danielle.humphrey@ecommerce.io,Australia,2022-10-20,Basic,125.14
7123,Patricia Chapman,patricia.chapman@ecommerce.io,Australia,2021-09-06,Standard,1172.64
7124,Margaret Garcia,margaret.garcia@ecommerce.io,India,2021-12-27,Standard,4312.14
7125,James Stone,james.stone@ecommerce.io,France,2021-02-18,Basic,938.26
7126,Terri Jackson,terri.jackson@example.com,Australia,2022-10-15,Standard,4409.97
7127,Amy Navarro,amy.navarro@ecommerce.io,USA,2023-03-26,Basic,334.86
7128,Travis Simon,travis.simon@example.com,Germany,2023-01-06,Premium,44633.13
7129,Catherine Hall,catherine.hall@shopmail.com,Australia,2024-01-17,Standard,1729.15
7130,Ronald Mckenzie,ronald.mckenzie@shopmail.com,Germany,2020-02-23,Premium,39203.91
7131,Nancy Ryan,nancy.ryan@customer.net,India,2024-02-23,Basic,837.17
7132,Nancy Charles,nancy.charles@customer.net,France,2024-10-28,Premium,43930.06
7133,Gregory Maldonado,gregory.maldonado@example.com,France,2024-12-19,Basic,945.36
7134,Lucas Johnson,lucas.johnson@example.com,France,2023-08-22,Standard,1272.01
7135,Jeremy Christensen,jeremy.christensen@example.com,India,2023-02-12,Standard,1268.97
7136,Susan Johnson,susan.johnson@example.com,India,2021-02-06,Standard,4978.65
7137,Kristen Chapman,kristen.chapman@customer.net,Australia,2020-12-10,Standard,3109.53
7138,Jennifer Patterson,jennifer.patterson@customer.net,Germany,2024-08-13,Standard,2963.79
7139,Erin Vang,erin.vang@example.com,USA,2021-07-22,Standard,3684.10
7140,Shawn Graves,shawn.graves@customer.net,France,2020-09-22,Standard,4523.77
7141,Richard Hurley,richard.hurley@ecommerce.io,Germany,2023-08-19,Premium,34521.71
7142,Joel Sullivan,joel.sullivan@customer.net,Canada,2022-06-07,Basic,125.35
7143,Kimberly Thomas,kimberly.thomas@shopmail.com,Australia,2021-10-13,Standard,4847.02
7144,Laura Diaz,laura.diaz@example.com,France,2024-08-01,Standard,1668.95
7145,Aaron Fernandez,aaron.fernandez@example.com,UK,2022-01-24,Premium,23057.07
7146,Christopher Pittman,christopher.pittman@customer.net,India,2021-08-01,Basic,757.55
7147,Henry Soto,henry.soto@shopmail.com,Canada,2020-04-01,Basic,143.84
7148,Mark Moore,mark.moore@customer.net,Germany,2024-03-09,Standard,2062.74
7149,Victoria Shelton,victoria.shelton@customer.net,Australia,2022-08-26,Basic,270.22
7150,Donna Smith,donna.smith@shopmail.com,Australia,2020-08-19,Standard,2960.26
7151,Matthew Zhang,matthew.zhang@customer.net,Canada,2022-10-19,Standard,2804.51
7152,Sharon Mcdaniel,sharon.mcdaniel@ecommerce.io,Australia,2023-01-31,Standard,2227.58
7153,Richard Hernandez,richard.hernandez@ecommerce.io,Germany,2023-05-22,Standard,3314.76
7154,Charles Curtis,charles.curtis@example.com,UK,2021-12-19,Standard,1578.38
7155,Sharon Jones,sharon.jones@example.com,France,2021-02-13,Premium,7771.19
7156,Ashley Murphy,ashley.murphy@ecommerce.io,Germany,2023-08-04,Standard,3311.72
7157,Raymond Bryant,raymond.bryant@customer.net,USA,2023-03-28,Premium,9007.10
7158,Brooke Williams,brooke.williams@shopmail.com,UK,2022-01-26,Standard,1955.90
7159,Brittany Barton,brittany.barton@example.com,UK,2024-04-15,Premium,29980.09
7160,Joseph Jordan,joseph.jordan@example.com,Canada,2023-08-06,Standard,2573.26
7161,Chelsea Roberts,chelsea.roberts@customer.net,Canada,2021-04-20,Premium,15593.98
7162,Amy Smith,amy.smith@shopmail.com,Germany,2023-11-13,Basic,254.50
7163,Eric Mcclain,eric.mcclain@ecommerce.io,India,2023-01-29,Premium,48024.70
7164,Benjamin Rivera,benjamin.rivera@example.com,USA,2021-01-16,Standard,3234.12
7165,Austin Jacobs,austin.jacobs@shopmail.com,Canada,2024-03-07,Standard,2473.56
7166,Jessica Bates,jessica.bates@shopmail.com,India,2020-09-18,Standard,1549.78
7167,Amy Proctor,amy.proctor@customer.net,Australia,2022-07-31,Standard,3042.73
7168,Carmen Holt,carmen.holt@example.com,India,2021-05-15,Standard,3270.63
7169,William Carter,william.carter@customer.net,Canada,2024-09-09,Standard,4032.14
7170,David Khan,david.khan@ecommerce.io,Canada,2022-09-14,Standard,3770.89
7171,Matthew Moss,matthew.moss@customer.net,India,2024-09-26,Standard,3250.18
7172,William Soto,william.soto@shopmail.com,USA,2020-09-14,Standard,3677.27
7173,Deborah Campbell,deborah.campbell@ecommerce.io,UK,2021-12-17,Standard,1990.54
7174,Shannon Gardner,shannon.gardner@example.com,USA,2023-11-13,Basic,397.38
7175,Stephen Patrick,stephen.patrick@shopmail.com,Germany,2020-11-19,Standard,1200.66
7176,Robin Dominguez,robin.dominguez@example.com,Australia,2024-05-31,Standard,1752.38
7177,Scott Kelly,scott.kelly@ecommerce.io,Germany,2023-08-11,Standard,2409.35
7178,Harold Woodard,harold.woodard@ecommerce.io,UK,2021-02-12,Standard,3306.47
7179,Richard Myers,richard.myers@customer.net,India,2024-06-07,Standard,2842.45
7180,James Hammond,james.hammond@ecommerce.io,Canada,2020-02-03,Premium,22988.11
7181,Diane Johnson,diane.johnson@shopmail.com,India,2023-04-01,Basic,678.89
7182,Christina Hill,christina.hill@example.com,USA,2024-05-28,Standard,3867.42
7183,Kimberly Stuart,kimberly.stuart@shopmail.com,India,2022-09-23,Premium,40078.48
7184,Bryan Burton,bryan.burton@ecommerce.io,France,2021-01-30,Standard,2395.23
7185,Teresa Simpson,teresa.simpson@shopmail.com,USA,2020-01-03,Basic,196.12
7186,Amanda Cruz,amanda.cruz@example.com,France,2023-01-22,Standard,4509.17
7187,Edward Hanson,edward.hanson@example.com,UK,2020-11-14,Standard,4050.64
7188,Rose Wagner,rose.wagner@shopmail.com,Canada,2022-07-07,Basic,974.02
7189,Jennifer Moore,jennifer.moore@ecommerce.io,India,2022-10-26,Standard,4550.96
7190,Mary Flores,mary.flores@example.com,Canada,2024-01-07,Premium,27476.80
7191,Barbara Snyder,barbara.snyder@ecommerce.io,Germany,2022-01-26,Basic,456.06
7192,Kara Gibbs,kara.gibbs@customer.net,Canada,2024-09-19,Standard,4732.08
7193,Amanda Maldonado,amanda.maldonado@customer.net,UK,2021-09-10,Standard,4328.68
7194,Aaron Schneider,aaron.schneider@ecommerce.io,Canada,2022-05-02,Standard,4956.57
7195,Faith Sparks,faith.sparks@shopmail.com,USA,2024-08-27,Premium,15373.17
7196,Miguel Dominguez,miguel.dominguez@customer.net,France,2023-12-23,Basic,726.19
7197,Nicole Alvarado,nicole.alvarado@shopmail.com,France,2021-08-05,Premium,5178.47
7198,Mindy Campos,mindy.campos@example.com,India,2022-06-29,Basic,321.51
7199,Peter Luna,peter.luna@ecommerce.io,Germany,2022-02-23,Standard,4652.28
7200,Martin Bryant,martin.bryant@ecommerce.io,India,2021-06-14,Basic,525.06
7201,Benjamin Nunez,benjamin.nunez@example.com,Germany,2020-04-13,Premium,40824.78
7202,Gary Yoder,gary.yoder@example.com,USA,2022-06-23,Standard,3312.36
7203,Gregory Francis,gregory.francis@example.com,Germany,2021-01-23,Basic,403.57
7204,Melissa Adams,melissa.adams@example.com,Australia,2020-12-29,Premium,5020.48
7205,Ian Mills,ian.mills@ecommerce.io,Australia,2020-08-06,Premium,26942.20
7206,Steven Long,steven.long@customer.net,France,2020-03-26,Standard,4621.78
7207,Donald Serrano,donald.serrano@ecommerce.io,Australia,2024-08-26,Standard,1343.58
7208,Cheryl Lopez,cheryl.lopez@ecommerce.io,Canada,2020-09-06,Basic,272.57
7209,John Lynn,john.lynn@customer.net,Germany,2022-01-06,Standard,3923.28
7210,Frances Stevenson,frances.stevenson@ecommerce.io,France,2024-06-26,Premium,46446.05
7211,Melanie Clarke,melanie.clarke@customer.net,Australia,2024-04-03,Standard,4517.07
7212,Maria Walker,maria.walker@customer.net,Australia,2023-06-08,Standard,1395.62
7213,Shelia Payne,shelia.payne@customer.net,France,2020-12-15,Standard,3263.28
7214,Rachel Armstrong,rachel.armstrong@shopmail.com,Australia,2024-07-02,Basic,373.62
7215,Dakota Sullivan,dakota.sullivan@example.com,India,2023-04-12,Premium,43825.41
7216,Jose Cohen,jose.cohen@example.com,Australia,2021-08-02,Standard,1640.13
7217,Sabrina Lopez,sabrina.lopez@ecommerce.io,France,2020-08-19,Standard,2160.77
7218,Kathleen Bowen,kathleen.bowen@example.com,UK,2024-07-28,Standard,3052.92
7219,Sarah Thompson,sarah.thompson@customer.net,France,2023-04-05,Standard,1758.24
7220,Sierra Price,sierra.price@shopmail.com,Germany,2021-10-20,Premium,11922.63
7221,Tanya Jackson,tanya.jackson@shopmail.com,India,2023-12-26,Basic,127.48
7222,Sophia Walker,sophia.walker@example.com,UK,2020-04-15,Standard,3477.12
7223,Heather Cooper,heather.cooper@ecommerce.io,Australia,2021-09-21,Standard,2743.36
7224,Cathy Parks,cathy.parks@customer.net,Germany,2022-01-15,Basic,661.82
7225,Curtis Dalton,curtis.dalton@shopmail.com,Germany,2021-01-17,Standard,4757.98
7226,Sheila Rodriguez,sheila.rodriguez@shopmail.com,Australia,2022-02-28,Standard,2828.25
7227,Jennifer Wood,jennifer.wood@example.com,Germany,2021-10-01,Standard,4826.37
7228,Anthony Brewer,anthony.brewer@example.com,Canada,2021-01-26,Standard,4183.59
7229,April Huber,april.huber@example.com,USA,2020-07-20,Basic,271.62
7230,Stefanie Hansen,stefanie.hansen@shopmail.com,UK,2020-07-28,Standard,2437.22
9002,Alexis Flores,alexis.flores@shopmail.com,UK,2021-08-16,Basic,264.73
7232,Tony Frazier,tony.frazier@example.com,Australia,2020-09-13,Standard,1590.21
7233,Mallory Walker,mallory.walker@ecommerce.io,Germany,2020-12-22,Basic,948.40
7234,James Fuller,james.fuller@example.com,Australia,2021-05-12,Standard,4996.29
7235,David Leonard,david.leonard@shopmail.com,Canada,2021-05-20,Premium,47178.22
7236,William Ray,william.ray@ecommerce.io,UK,2021-05-10,Basic,583.21
7237,Sara Wilson,sara.wilson@example.com,India,2022-07-06,Standard,2896.35
7238,Timothy Washington,timothy.washington@shopmail.com,France,2024-02-07,Premium,13905.64
7239,Brandon Boyd,brandon.boyd@customer.net,Australia,2023-12-17,Basic,918.94
7240,Janet Perkins,janet.perkins@customer.net,Germany,2021-09-11,Standard,1207.24
7241,Joseph Johnson,joseph.johnson@customer.net,Germany,2024-11-02,Standard,1536.37
7242,Mary Clark,mary.clark@ecommerce.io,UK,2024-06-13,Premium,18145.06
7243,Kyle Nguyen,kyle.nguyen@example.com,UK,2024-09-01,Standard,1874.65
7244,Shawn Murphy,shawn.murphy@ecommerce.io,India,2020-05-29,Premium,5840.15
7245,Mark Rodriguez,mark.rodriguez@customer.net,UK,2021-08-03,Standard,4193.12
7246,Jessica Diaz,jessica.diaz@shopmail.com,Canada,2021-07-20,Basic,264.56
7247,Olivia Roth,olivia.roth@example.com,Germany,2024-03-05,Standard,4243.29
7248,Thomas Singleton,thomas.singleton@shopmail.com,France,2020-12-30,Basic,536.86
7249,Alice Allen,alice.allen@shopmail.com,France,2023-02-02,Basic,387.16
7250,Ronald York,ronald.york@example.com,India,2023-02-03,Premium,12616.68
7251,Brandon Moyer,brandon.moyer@shopmail.com,Germany,2023-08-20,Basic,272.53
7252,Joseph Bradford,joseph.bradford@shopmail.com,India,2024-09-04,Standard,2837.68
7253,Heidi Schneider,heidi.schneider@example.com,Germany,2024-12-16,Standard,4935.20
7254,Daniel Clements,daniel.clements@ecommerce.io,UK,2023-08-25,Basic,888.76
7255,Laura Johnson,laura.johnson@customer.net,India,2023-08-25,Standard,1923.94
7256,Michael Bryant,michael.bryant@ecommerce.io,France,2021-04-26,Standard,1283.11
7257,Christina Gould,christina.gould@customer.net,Australia,2023-03-30,Premium,31692.69
7258,David Vargas,david.vargas@shopmail.com,Canada,2021-05-25,Standard,2249.85
7259,Thomas Brown,thomas.brown@example.com,Canada,2020-01-15,Standard,4260.38
7260,Jessica Anderson,jessica.anderson@example.com,Germany,2022-09-08,Basic,437.46
7261,Timothy Nelson,timothy.nelson@ecommerce.io,France,2021-08-01,Basic,692.76
7262,David Kirk,david.kirk@customer.net,UK,2024-05-21,Standard,2386.01
7263,Alison Gates,alison.gates@customer.net,Australia,2022-04-29,Standard,1500.98
7264,Michael Martin,michael.martin@example.com,India,2021-10-28,Premium,46037.87
7265,Derrick Rivera,derrick.rivera@ecommerce.io,France,2021-07-26,Standard,3959.39
7266,Lisa Pacheco,lisa.pacheco@shopmail.com,UK,2022-01-29,Standard,3330.80
7267,Ronnie Brown,ronnie.brown@shopmail.com,India,2024-09-28,Standard,4297.87
7268,Mark Mejia,mark.mejia@ecommerce.io,France,2020-05-17,Basic,415.92
7269,William Sparks,william.sparks@customer.net,UK,2023-09-12,Premium,35994.40
7270,Shannon Ramos,shannon.ramos@example.com,USA,2023-05-06,Premium,23482.45
7271,Kenneth Jackson,kenneth.jackson@example.com,Australia,2021-04-16,Standard,4909.31
7272,Trevor Morgan,trevor.morgan@customer.net,UK,2022-04-03,Basic,780.68
7273,Matthew Yang,matthew.yang@example.com,India,2021-11-17,Basic,760.58
7274,Elizabeth Weaver,elizabeth.weaver@customer.net,UK,2022-10-14,Standard,4531.61
7275,Matthew Chapman,matthew.chapman@shopmail.com,UK,2021-06-18,Basic,220.88
7276,Tamara Hogan,tamara.hogan@customer.net,India,2022-10-25,Basic,808.16
7277,Logan Marquez,logan.marquez@example.com,Australia,2021-02-10,Standard,4534.08
7278,Christina Thompson,christina.thompson@shopmail.com,UK,2023-07-21,Basic,842.98
7279,David Rubio,david.rubio@example.com,Germany,2020-05-09,Premium,44907.93
7280,Renee Ponce,renee.ponce@shopmail.com,Canada,2024-10-28,Basic,376.49
7281,Lisa Patterson,lisa.patterson@ecommerce.io,UK,2024-08-08,Standard,1480.02
7282,Martin Taylor,martin.taylor@customer.net,Australia,2021-10-11,Basic,953.19
7283,Melissa Khan,melissa.khan@customer.net,India,2021-03-21,Standard,1281.32
7284,Brad Solis,brad.solis@shopmail.com,UK,2020-08-03,Standard,4590.66
7285,Nathan Hall,nathan.hall@customer.net,UK,2021-05-08,Basic,148.45
7286,Deborah Hall,deborah.hall@ecommerce.io,India,2023-04-05,Standard,4554.48
7287,Susan Anderson,susan.anderson@example.com,USA,2021-04-26,Standard,4256.16
7288,Natalie Ware,natalie.ware@example.com,UK,2023-12-14,Standard,2669.93
7289,Margaret Lloyd,margaret.lloyd@ecommerce.io,Australia,2020-07-08,Standard,3710.04
7290,Miranda Jones,miranda.jones@shopmail.com,USA,2022-10-22,Basic,237.76
7291,Adam Morgan,adam.morgan@ecommerce.io,USA,2023-01-19,Premium,8925.98
7292,Arthur Harris,arthur.harris@ecommerce.io,Germany,2020-05-08,Premium,24107.53
7293,Cynthia Peters,cynthia.peters@customer.net,Australia,2024-06-11,Standard,3529.34
7294,Ian Garcia,ian.garcia@example.com,Canada,2023-03-09,Premium,32296.21
7295,Kevin Rosales,kevin.rosales@example.com,UK,2023-09-23,Standard,1513.44
7296,Alicia Reyes,alicia.reyes@shopmail.com,Australia,2021-09-29,Premium,34893.12
7297,Brenda Carney,brenda.carney@shopmail.com,Canada,2021-09-17,Standard,1518.84
7298,Tracy Porter,tracy.porter@ecommerce.io,USA,2024-11-18,Premium,7024.30
7299,Melissa Mooney,melissa.mooney@customer.net,USA,2020-05-14,Premium,5539.41
7300,Jeffrey Cole,jeffrey.cole@shopmail.com,USA,2021-04-25,Standard,2344.91
7301,Dana Alexander,dana.alexander@customer.net,France,2021-09-13,Standard,1532.63
7302,Stacy Day,stacy.day@shopmail.com,Australia,2023-10-26,Basic,215.11
7303,Edward Smith,edward.smith@ecommerce.io,Germany,2024-03-26,Standard,4442.50
7304,Michael Robertson,michael.robertson@shopmail.com,Australia,2020-06-23,Standard,2956.49
7305,Joanne Jackson,joanne.jackson@example.com,Australia,2022-12-06,Basic,820.66
7306,Miguel Clark,miguel.clark@customer.net,Australia,2023-02-08,Standard,4624.89
7307,Susan Fox,susan.fox@customer.net,Germany,2022-09-02,Basic,761.99
7308,Linda Thompson,linda.thompson@example.com,UK,2022-10-21,Basic,532.34
7309,Amy Velasquez,amy.velasquez@shopmail.com,India,2021-03-12,Standard,3425.89
7310,Jillian Lee,jillian.lee@shopmail.com,France,2022-07-23,Premium,33945.04
7311,Bryan Gonzalez,bryan.gonzalez@example.com,Canada,2022-11-03,Basic,528.90
7312,Douglas Randall,douglas.randall@ecommerce.io,USA,2023-04-17,Premium,16381.07
7313,Adrian Torres,adrian.torres@customer.net,France,2024-07-13,Standard,4316.14
7314,Christopher Bennett,christopher.bennett@customer.net,India,2024-01-23,Standard,1893.39
7315,Alan Davis,alan.davis@example.com,Germany,2023-03-31,Premium,34579.43
7316,John Baker,john.baker@example.com,UK,2023-07-06,Basic,670.31
7317,Ethan Robbins,ethan.robbins@customer.net,India,2021-10-15,Premium,27949.94
7318,Steven Johnson,steven.johnson@example.com,India,2023-01-09,Standard,3550.24
7319,Frederick Ruiz,frederick.ruiz@customer.net,Australia,2020-10-14,Standard,1131.87
7320,April Miller,april.miller@ecommerce.io,France,2021-01-26,Basic,790.49
7321,Stephen Buchanan,stephen.buchanan@customer.net,USA,2023-10-12,Standard,3254.16
7322,Rachel Castillo,rachel.castillo@customer.net,UK,2022-11-23,Standard,2256.05
7323,Manuel Francis,manuel.francis@customer.net,USA,2020-10-14,Standard,4908.48
7324,Michael Burton,michael.burton@example.com,India,2021-12-28,Basic,277.50
7325,Timothy Gray,timothy.gray@ecommerce.io,UK,2020-04-22,Standard,3747.13
7326,Michelle Mcmahon,michelle.mcmahon@ecommerce.io,Australia,2021-11-20,Standard,4023.05
7327,Mark Montgomery,mark.montgomery@ecommerce.io,Canada,2024-04-04,Standard,4397.68
7328,William Rowe,william.rowe@customer.net,Germany,2022-08-16,Standard,3794.17
7329,Elizabeth Chavez,elizabeth.chavez@shopmail.com,Australia,2024-01-05,Standard,4589.95
7330,Rachel Spencer,rachel.spencer@example.com,India,2020-03-05,Premium,38312.02
7331,Jessica Long,jessica.long@shopmail.com,Australia,2023-09-26,Standard,1036.60
7332,Andrea White,andrea.white@ecommerce.io,Germany,2024-04-05,Standard,4879.61
7333,Scott Martinez,scott.martinez@shopmail.com,Canada,2022-04-04,Basic,195.09
7334,Taylor Brown,taylor.brown@customer.net,France,2023-11-19,Standard,1062.50
7335,Grace Gonzalez,grace.gonzalez@example.com,USA,2023-11-22,Basic,987.01
7336,Kristin Chandler,kristin.chandler@customer.net,Germany,2020-06-16,Standard,3087.27
7337,Sara Rios,sara.rios@ecommerce.io,UK,2022-06-06,Standard,1504.33
7338,Tammy Frye,tammy.frye@customer.net,USA,2023-11-25,Standard,2035.04
7339,Sara Nguyen,sara.nguyen@customer.net,USA,2020-08-23,Standard,4220.82
7340,Gerald Ray,gerald.ray@customer.net,Germany,2024-05-13,Basic,112.40
7341,Ashley Mendez,ashley.mendez@ecommerce.io,Germany,2024-05-09,Standard,1188.02
7342,Joyce Keith,joyce.keith@ecommerce.io,UK,2024-05-28,Standard,4018.87
7343,Stephanie Oconnor,stephanie.oconnor@shopmail.com,Canada,2024-09-16,Standard,2504.83
7344,Lauren Sandoval,lauren.sandoval@customer.net,Australia,2021-06-09,Standard,3402.88
7345,Brenda Bowman,brenda.bowman@example.com,India,2021-03-13,Basic,675.18
7346,Joel Pierce,joel.pierce@shopmail.com,France,2020-07-26,Premium,41125.96
7347,Joel Jackson,joel.jackson@shopmail.com,Canada,2022-04-07,Standard,4365.92
7348,Denise Park,denise.park@customer.net,USA,2021-08-01,Premium,43478.29
7349,John Lane,john.lane@shopmail.com,USA,2020-07-09,Premium,28024.59
7350,Patricia Harris,patricia.harris@ecommerce.io,UK,2020-10-05,Basic,322.71
7351,Angela Parker,angela.parker@ecommerce.io,Australia,2022-02-15,Basic,834.03
7352,Robert Burns,robert.burns@example.com,UK,2022-08-07,Premium,21524.17
7353,Deanna Mclaughlin,deanna.mclaughlin@customer.net,USA,2020-02-14,Premium,16057.87
7354,Nicole Robinson,nicole.robinson@customer.net,Canada,2021-02-09,Standard,3915.35
7355,Lindsey Roberts,lindsey.roberts@customer.net,India,2023-10-30,Premium,26104.83
7356,Sheri Duncan,sheri.duncan@ecommerce.io,UK,2022-02-17,Premium,11213.26
7357,Jose King,jose.king@shopmail.com,UK,2020-09-09,Premium,8286.78
7358,Lisa Hampton,lisa.hampton@example.com,Australia,2020-05-16,Standard,1454.17
7359,Cheryl Hardy,cheryl.hardy@example.com,Australia,2020-10-08,Basic,124.99
7360,Henry Griffin,henry.griffin@example.com,UK,2024-02-18,Premium,23090.51
7361,Mallory Valencia,mallory.valencia@example.com,India,2020-03-08,Standard,2441.92
7362,Scott Lopez,scott.lopez@example.com,Australia,2021-09-25,Premium,16915.03
7363,Grant Jones,grant.jones@customer.net,India,2022-06-15,Standard,3615.94
7364,Brian Wright,brian.wright@ecommerce.io,India,2021-02-13,Basic,604.48
7365,Rachel Mcdonald,rachel.mcdonald@ecommerce.io,India,2022-05-19,Standard,1479.68
7366,Alison Jimenez,alison.jimenez@example.com,Australia,2021-10-02,Basic,701.27
7367,Daniel Henry,daniel.henry@ecommerce.io,Canada,2024-02-13,Standard,1566.68
7368,Paula Murphy,paula.murphy@example.com,France,2021-07-17,Basic,865.92
7369,Bethany Grant,bethany.grant@shopmail.com,Germany,2024-04-12,Standard,4095.92
7370,Robyn Sanchez,robyn.sanchez@shopmail.com,Germany,2022-12-21,Basic,214.53
7371,Edward Burnett,edward.burnett@ecommerce.io,USA,2022-12-29,Standard,1425.87
7372,Karen Garcia,karen.garcia@ecommerce.io,USA,2021-01-09,Basic,819.17
7373,Laura Sanders,laura.sanders@ecommerce.io,France,2022-01-28,Premium,31692.28
7374,Krystal Roy,krystal.roy@example.com,Australia,2021-02-26,Basic,954.11
7375,Amy Thompson,amy.thompson@ecommerce.io,Australia,2020-12-17,Basic,557.19
7376,Nicole Baker,nicole.baker@example.com,India,2022-10-12,Premium,19226.85
7377,Angela Obrien,angela.obrien@example.com,France,2023-11-06,Basic,894.27
7378,Shelby Dyer,shelby.dyer@customer.net,India,2021-03-09,Standard,2442.85
7379,April Hunter,april.hunter@ecommerce.io,UK,2022-01-03,Basic,262.75
7380,Ashley Bailey,ashley.bailey@customer.net,Germany,2022-09-27,Basic,534.18
7381,Jason Singh,jason.singh@ecommerce.io,France,2022-03-10,Standard,2058.17
7382,Janet Watson,janet.watson@example.com,Canada,2022-05-24,Standard,2129.25
7383,Willie Lopez,willie.lopez@customer.net,USA,2022-03-02,Premium,30573.50
7384,Dana Foster,dana.foster@shopmail.com,Germany,2021-09-01,Basic,591.70
7385,Bruce Monroe,bruce.monroe@customer.net,Canada,2024-07-09,Premium,21425.29
7386,Karen Bright,karen.bright@customer.net,France,2021-04-11,Standard,4140.63
7387,Kayla Harris,kayla.harris@ecommerce.io,Australia,2024-11-07,Basic,361.23
7388,Joshua Turner,joshua.turner@example.com,France,2020-07-25,Basic,225.74
7389,Sandra Brewer,sandra.brewer@ecommerce.io,USA,2022-08-16,Premium,12072.20
7390,Lisa Wyatt,lisa.wyatt@ecommerce.io,Australia,2021-02-09,Standard,3412.21
7391,Audrey Rodriguez,audrey.rodriguez@customer.net,USA,2023-03-20,Premium,42523.77
7392,Carl Conley,carl.conley@shopmail.com,UK,2024-09-21,Standard,3528.93
7393,Frank Clark,frank.clark@example.com,Germany,2023-02-28,Standard,1573.30
7394,Jessica Roach,jessica.roach@ecommerce.io,Australia,2024-06-14,Basic,193.74
7395,Mikayla Johnson,mikayla.johnson@shopmail.com,USA,2023-11-05,Standard,2576.97
7396,Edward Ray,edward.ray@shopmail.com,Canada,2020-04-30,Premium,34208.82
7397,Kimberly Blair,kimberly.blair@ecommerce.io,UK,2023-10-12,Standard,3538.49
7398,Brenda Bailey,brenda.bailey@ecommerce.io,Canada,2020-11-12,Standard,2839.72
7399,Andrew Turner,andrew.turner@shopmail.com,Australia,2021-05-12,Standard,2709.52
7400,Timothy Valdez,timothy.valdez@customer.net,France,2021-06-25,Basic,612.92
7401,Jessica Lee,jessica.lee@ecommerce.io,India,2021-09-19,Basic,644.05
7402,Cheryl Gonzalez,cheryl.gonzalez@ecommerce.io,Australia,2023-06-30,Basic,418.64
7403,Adam Perry,adam.perry@example.com,UK,2022-07-07,Standard,3900.55
7404,Theodore Clark,theodore.clark@customer.net,Australia,2024-11-25,Basic,359.11
7405,Brittney Davis,brittney.davis@shopmail.com,Germany,2024-02-02,Basic,195.82
7406,Tammy Thomas,tammy.thomas@shopmail.com,Australia,2021-07-27,Standard,4608.94
7407,Brandon Hernandez,brandon.hernandez@shopmail.com,Germany,2024-11-01,Premium,34954.72
7408,Edward Clark,edward.clark@customer.net,USA,2022-08-03,Premium,23389.48
7409,David Mcdaniel,david.mcdaniel@example.com,India,2023-09-26,Basic,349.10
7410,Isabella Stevens,isabella.stevens@customer.net,Canada,2023-09-21,Premium,21496.24
7411,Steven Keller,steven.keller@customer.net,UK,2022-10-30,Premium,8575.48
7412,Brian Obrien,brian.obrien@example.com,Canada,2020-01-14,Premium,47197.55
7413,Julie Davis,julie.davis@shopmail.com,France,2024-01-11,Basic,642.79
7414,Daniel Powell,daniel.powell@ecommerce.io,Australia,2023-07-27,Premium,20232.95
7415,David White,david.white@shopmail.com,Germany,2024-05-16,Standard,4725.01
7416,David Griffith,david.griffith@customer.net,India,2021-07-12,Standard,1730.24
7417,Sean Sharp,sean.sharp@ecommerce.io,Australia,2021-06-26,Standard,1868.09
7418,Dorothy Schaefer,dorothy.schaefer@customer.net,UK,2024-02-06,Basic,808.78
7419,Kathleen Randolph,kathleen.randolph@shopmail.com,France,2022-05-06,Basic,792.76
7420,James Dean,james.dean@example.com,India,2021-12-06,Standard,1478.77
7421,Jessica Johnson,jessica.johnson@customer.net,USA,2022-09-29,Premium,24846.02
7422,Ashley Reynolds,ashley.reynolds@ecommerce.io,UK,2023-07-10,Premium,33198.82
7423,Matthew Herrera,matthew.herrera@customer.net,France,2023-09-26,Basic,808.57
7424,Donna Gibson,donna.gibson@ecommerce.io,UK,2024-11-26,Basic,547.05
7425,Natalie Shepherd,natalie.shepherd@ecommerce.io,Germany,2021-05-24,Standard,1445.59
7426,Kimberly Garcia,kimberly.garcia@shopmail.com,USA,2023-02-21,Premium,30550.76
7427,Kathy Campbell,kathy.campbell@customer.net,UK,2020-03-03,Premium,34936.96
7428,Craig Mitchell,craig.mitchell@ecommerce.io,USA,2022-09-02,Standard,3490.79
7429,Kristine Vega,kristine.vega@customer.net,Germany,2024-10-06,Basic,846.64
7430,Colleen Taylor,colleen.taylor@shopmail.com,France,2022-09-02,Standard,4955.62
7431,Matthew Smith,matthew.smith@ecommerce.io,USA,2024-02-28,Basic,380.21
7432,Elizabeth Hendrix,elizabeth.hendrix@shopmail.com,Australia,2023-11-14,Standard,2815.47
7433,Edward Mitchell,edward.mitchell@ecommerce.io,France,2023-08-01,Basic,846.51
7434,David Larsen,david.larsen@shopmail.com,Germany,2023-01-19,Standard,3864.73
7435,Brittany Haynes,brittany.haynes@example.com,Germany,2020-11-04,Premium,12776.97
7436,Michael Ponce,michael.ponce@customer.net,USA,2024-11-19,Standard,1626.49
7437,Jennifer Franco,jennifer.franco@ecommerce.io,Canada,2021-01-03,Basic,320.78
7438,Cameron Harmon,cameron.harmon@ecommerce.io,France,2022-04-26,Basic,795.18
7439,Diana Trujillo,diana.trujillo@shopmail.com,USA,2024-07-22,Premium,19753.36
7440,Jason Estrada,jason.estrada@customer.net,Canada,2020-08-23,Standard,2840.98
7441,Caitlyn Anderson,caitlyn.anderson@example.com,UK,2020-12-08,Standard,1786.45
7442,Heather Crawford,heather.crawford@example.com,India,2022-06-07,Basic,877.35
7443,Andre Davis,andre.davis@ecommerce.io,USA,2022-08-10,Basic,402.60
7444,Tanya Wilson,tanya.wilson@ecommerce.io,USA,2021-03-28,Premium,46973.98
7445,Joshua Coleman,joshua.coleman@customer.net,Germany,2023-08-23,Premium,20729.69
7446,Michael Nguyen,michael.nguyen@customer.net,Canada,2021-11-28,Basic,714.49
7447,Michael Parker,michael.parker@example.com,France,2021-11-24,Standard,3300.16
7448,Sandra Lewis,sandra.lewis@ecommerce.io,USA,2021-08-30,Premium,32837.59
7449,Anthony David,anthony.david@shopmail.com,UK,2022-03-11,Basic,471.07
7450,Pamela Osborne,pamela.osborne@customer.net,UK,2022-07-01,Standard,1711.93
7451,Anthony Branch,anthony.branch@ecommerce.io,USA,2023-01-11,Standard,4645.09
7452,Sarah Henderson,sarah.henderson@shopmail.com,USA,2021-09-23,Standard,4172.92
7453,Michael Martin,michael.martin@ecommerce.io,India,2023-09-18,Basic,391.56
7454,Jerry Simpson,jerry.simpson@ecommerce.io,Germany,2020-10-26,Premium,9772.05
7455,Bruce George,bruce.george@ecommerce.io,Australia,2021-01-31,Basic,936.16
7456,Bryan Higgins,bryan.higgins@shopmail.com,India,2023-03-21,Standard,4617.01
7457,Tamara Reynolds,tamara.reynolds@customer.net,Germany,2021-06-09,Premium,48589.34
7458,Michelle Johnson,michelle.johnson@customer.net,France,2022-11-12,Standard,3943.10
7459,Jeremy Martinez,jeremy.martinez@ecommerce.io,France,2021-10-06,Basic,501.87
7460,Juan Santos,juan.santos@example.com,USA,2022-03-20,Standard,3582.52
7461,Rachel Peterson,rachel.peterson@customer.net,Australia,2020-11-05,Basic,980.50
7462,Jose Shields,jose.shields@example.com,France,2022-07-05,Standard,3499.26
7463,Maria Cohen,maria.cohen@customer.net,France,2023-06-05,Standard,4571.07
7464,Dawn Walker,dawn.walker@customer.net,USA,2020-05-28,Standard,4868.06
7465,Jennifer Mitchell,jennifer.mitchell@shopmail.com,India,2020-08-12,Standard,2724.64
7466,John Martinez,john.martinez@shopmail.com,Canada,2021-05-20,Standard,4946.26
7467,Christina Velez,christina.velez@example.com,Canada,2022-06-20,Standard,1010.97
7468,Richard Crawford,richard.crawford@shopmail.com,Germany,2021-12-06,Premium,8072.25
7469,Robin Bowman,robin.bowman@customer.net,Canada,2022-03-17,Standard,4145.47
7470,Miguel Orozco,miguel.orozco@customer.net,Australia,2023-04-22,Premium,11280.28
7471,Kyle Brown,kyle.brown@shopmail.com,Australia,2024-01-25,Premium,12156.59
7472,Scott Rhodes,scott.rhodes@ecommerce.io,India,2022-10-13,Basic,206.03
7473,Whitney Watson,whitney.watson@customer.net,UK,2020-05-28,Standard,1617.20
7474,Ronald Thompson,ronald.thompson@example.com,France,2024-05-17,Standard,2365.65
7475,John Mendoza,john.mendoza@ecommerce.io,India,2023-04-17,Standard,1460.56
7476,Daniel Copeland,daniel.copeland@ecommerce.io,UK,2021-11-28,Standard,4102.37
7477,John Hamilton,john.hamilton@example.com,France,2023-01-10,Standard,4137.92
7478,Daniel Peters,daniel.peters@ecommerce.io,Germany,2024-07-19,Basic,583.92
7479,Kayla Robles,kayla.robles@example.com,Australia,2021-02-24,Standard,1123.30
7480,Willie Williams,willie.williams@ecommerce.io,USA,2024-08-08,Basic,919.19
7481,Anthony Pruitt,anthony.pruitt@customer.net,Canada,2023-09-01,Standard,1756.19
7482,Laura Spencer,laura.spencer@ecommerce.io,Germany,2024-02-08,Standard,4744.84
7483,Craig Ross,craig.ross@customer.net,India,2024-01-14,Standard,4210.80
7484,Kathryn Davis,kathryn.davis@example.com,Australia,2022-10-17,Basic,821.14
7485,Evan Black,evan.black@example.com,Germany,2021-07-11,Standard,4754.57
7486,Amy Black,amy.black@ecommerce.io,India,2021-05-05,Premium,16138.43
7487,Lisa Santiago,lisa.santiago@example.com,India,2021-07-22,Standard,3933.02
7488,Seth Hernandez,seth.hernandez@customer.net,Canada,2024-12-31,Premium,47752.71
7489,Anthony Cortez,anthony.cortez@customer.net,USA,2023-09-14,Premium,37769.40
7490,Terri Bush,terri.bush@customer.net,UK,2022-10-28,Basic,919.38
7491,Steven Gonzalez,steven.gonzalez@shopmail.com,India,2020-06-11,Standard,4626.18
7492,Brad Chavez,brad.chavez@customer.net,India,2021-09-08,Basic,849.20
7493,John Murray,john.murray@ecommerce.io,Canada,2024-09-02,Basic,551.43
7494,Jermaine Miller,jermaine.miller@shopmail.com,Canada,2024-04-06,Standard,3156.86
7495,Brandon Berg,brandon.berg@example.com,Canada,2020-12-14,Standard,2956.13
7496,Michael Schmidt,michael.schmidt@shopmail.com,Australia,2020-05-10,Standard,2002.77
7497,Joshua Evans,joshua.evans@customer.net,UK,2022-05-06,Basic,286.52
7498,Laurie Thompson,laurie.thompson@shopmail.com,USA,2023-07-20,Standard,1644.13
7499,Jane Johnson,jane.johnson@shopmail.com,France,2024-11-15,Standard,3340.92
7500,Annette White,annette.white@shopmail.com,USA,2021-10-05,Basic,606.87
7501,Amanda Rice,amanda.rice@customer.net,Australia,2024-08-10,Premium,10531.56
7502,Michael Simmons,,Australia,2023-11-26,Basic,106.05
7503,Ruben King,ruben.king@ecommerce.io,India,2021-12-20,Basic,477.92
7504,Anthony Martinez,anthony.martinez@customer.net,USA,2022-01-14,Basic,847.04
7505,Adam Gonzalez,adam.gonzalez@example.com,Australia,2022-08-09,Standard,3599.61
7506,Emily Brennan,emily.brennan@example.com,Canada,2021-10-08,Standard,2670.76
7507,James Powell,james.powell@shopmail.com,France,2020-06-22,Standard,4567.77
7508,Lynn Calhoun,lynn.calhoun@ecommerce.io,Canada,2022-06-20,Standard,3611.63
7509,Scott King,scott.king@customer.net,India,2024-07-26,Standard,2597.99
7510,Samuel Long,samuel.long@customer.net,Australia,2022-06-05,Standard,2539.47
7511,Madeline Miller,madeline.miller@customer.net,Germany,2020-04-05,Basic,605.92
7512,Brenda Warren,brenda.warren@ecommerce.io,India,2023-08-05,Premium,11285.52
7513,Mariah Lyons,mariah.lyons@ecommerce.io,Canada,2021-01-13,Standard,1282.44
7514,Thomas Johnson,thomas.johnson@ecommerce.io,France,2023-06-30,Standard,3149.15
7515,Tina Powell,tina.powell@shopmail.com,France,2023-02-17,Standard,3005.12
7516,Ronald Collins,ronald.collins@customer.net,Canada,2021-09-04,Basic,766.36
7517,Mark Lawrence,mark.lawrence@example.com,Germany,2020-06-06,Premium,35912.26
7518,Kari Pope,kari.pope@example.com,Germany,2024-12-28,Standard,3429.30
7519,Brent Chapman,brent.chapman@customer.net,India,2023-10-23,Standard,1928.64
7520,Elizabeth Martinez,elizabeth.martinez@ecommerce.io,USA,2020-05-06,Standard,2519.61
7521,Johnny Smith,johnny.smith@ecommerce.io,Germany,2024-10-29,Standard,4840.37
7522,Diana Richards,diana.richards@example.com,UK,2020-11-28,Standard,4200.40
7523,Amy David,amy.david@shopmail.com,USA,2021-02-01,Premium,9003.29
7524,Carlos Espinoza,carlos.espinoza@shopmail.com,UK,2024-08-07,Standard,1079.27
7525,Katherine Hodge,katherine.hodge@example.com,India,2024-11-14,Premium,27873.96
7526,Crystal Adams,crystal.adams@customer.net,Canada,2021-05-30,Standard,3007.07
7527,Aaron Wright,aaron.wright@customer.net,Canada,2022-01-30,Standard,1533.72
7528,Whitney Jones,whitney.jones@shopmail.com,France,2022-03-15,Standard,1417.37
7529,Kristen Williams,kristen.williams@shopmail.com,Germany,2023-05-31,Premium,25585.66
7530,Cheryl Shaw,cheryl.shaw@customer.net,Australia,2022-12-07,Standard,1844.48
7531,Lindsey Evans,lindsey.evans@customer.net,France,2024-12-06,Premium,29579.32
7532,Maria Underwood,maria.underwood@customer.net,Australia,2020-07-01,Standard,3626.92
7533,Sarah Foster,sarah.foster@customer.net,Germany,2023-06-18,Standard,2728.10
7534,Catherine Fritz,catherine.fritz@shopmail.com,India,2024-09-18,Basic,588.35
7535,Danielle Wong,danielle.wong@ecommerce.io,Australia,2024-12-17,Basic,770.09
7536,James Garza,james.garza@ecommerce.io,USA,2022-08-08,Standard,3613.31
7537,Gina Cervantes,gina.cervantes@ecommerce.io,Australia,2022-03-03,Basic,913.56
7538,Patrick Hawkins,patrick.hawkins@example.com,India,2024-08-10,Standard,4664.51
7539,Kelly Jenkins,kelly.jenkins@ecommerce.io,India,2022-05-19,Standard,4737.09
7540,Patrick Garcia,patrick.garcia@customer.net,Germany,2023-12-12,Standard,4795.91
7541,Javier Mitchell,javier.mitchell@customer.net,India,2024-12-18,Standard,3736.02
7542,Brandon Castillo,brandon.castillo@shopmail.com,Germany,2022-12-11,Standard,4440.02
7543,Joseph Hall,joseph.hall@customer.net,France,2022-07-26,Basic,272.12
7544,Grant Morris,grant.morris@example.com,USA,2024-07-22,Standard,4510.90
7545,Isaac Mclaughlin,isaac.mclaughlin@customer.net,India,2020-06-06,Premium,32302.29
7546,Tammy Santiago,tammy.santiago@ecommerce.io,India,2024-01-15,Premium,38354.27
7547,Brooke Aguilar,brooke.aguilar@example.com,UK,2023-01-10,Basic,959.60
7548,Rhonda Forbes,rhonda.forbes@example.com,UK,2020-09-11,Standard,4103.38
7549,Sean Smith,sean.smith@example.com,France,2020-03-25,Basic,670.52
7550,Jennifer Bartlett,jennifer.bartlett@customer.net,UK,2024-08-19,Basic,374.27
7551,Frederick Jordan,frederick.jordan@ecommerce.io,Germany,2023-11-11,Basic,264.58
7552,Vanessa Keller,vanessa.keller@customer.net,Canada,2022-05-20,Premium,23361.54
7553,Anthony Mcdonald,anthony.mcdonald@shopmail.com,France,2021-03-10,Standard,4941.64
7554,Zachary Weiss,zachary.weiss@shopmail.com,Canada,2021-01-21,Standard,3927.17
7555,Amber Jackson,amber.jackson@ecommerce.io,UK,2023-10-11,Standard,3153.84
7556,Christopher Brown,christopher.brown@example.com,UK,2020-04-19,Basic,678.88
7557,Eric Ortega,eric.ortega@ecommerce.io,USA,2023-10-09,Standard,2094.62
7558,Anthony Pratt,anthony.pratt@shopmail.com,Canada,2022-12-19,Premium,18388.66
7559,Courtney Davis,courtney.davis@ecommerce.io,USA,2022-09-26,Basic,352.02
7560,Sarah Zuniga,sarah.zuniga@shopmail.com,Australia,2024-11-10,Premium,16103.84
7561,Sherry Lloyd,sherry.lloyd@example.com,India,2023-04-11,Premium,33784.30
7562,Joe Cohen,joe.cohen@customer.net,USA,2020-10-13,Basic,338.50
7563,Karen Duncan,karen.duncan@shopmail.com,USA,2020-02-19,Premium,45828.44
7564,Caitlin Dyer,caitlin.dyer@customer.net,USA,2023-10-02,Premium,30076.80
7565,Kimberly West,kimberly.west@ecommerce.io,Australia,2023-11-13,Standard,1966.10
7566,Dwayne Rodriguez,dwayne.rodriguez@customer.net,Germany,2023-07-13,Basic,678.76
7567,Theresa Estes,theresa.estes@ecommerce.io,Canada,2021-06-10,Standard,2763.34
7568,Jessica Medina,jessica.medina@shopmail.com,Germany,2022-01-01,Premium,26411.69
7569,Connie Oconnell,connie.oconnell@ecommerce.io,Canada,2023-02-15,Standard,4707.01
7570,Sarah Romero,sarah.romero@example.com,UK,2022-03-08,Standard,2625.15
7571,Lisa York,lisa.york@shopmail.com,France,2021-03-20,Premium,40938.67
7572,Tara Reilly,tara.reilly@shopmail.com,France,2021-06-29,Standard,1716.93
7573,Patricia Torres,patricia.torres@shopmail.com,USA,2021-12-09,Basic,152.98
7574,Devon Chang,devon.chang@shopmail.com,Canada,2024-08-27,Standard,4416.03
7575,Shannon Beard,shannon.beard@example.com,Germany,2020-11-18,Standard,2890.20
7576,Michael Palmer,michael.palmer@ecommerce.io,France,2021-01-05,Basic,902.47
7577,Sara Duncan,sara.duncan@customer.net,UK,2021-03-16,Basic,734.37
7578,Scott Hunter,scott.hunter@example.com,India,2020-09-26,Basic,642.72
7579,Samuel Smith,samuel.smith@example.com,UK,2022-07-10,Standard,4675.84
7580,Gerald Cain,gerald.cain@example.com,UK,2022-06-23,Standard,2386.55
7581,Jordan Williams,jordan.williams@ecommerce.io,Canada,2022-08-04,Standard,3671.83
7582,Thomas Kennedy,thomas.kennedy@ecommerce.io,India,2021-01-05,Premium,8792.41
7583,Clayton Kirby,clayton.kirby@customer.net,Australia,2021-01-17,Basic,984.72
7584,Megan James,megan.james@customer.net,India,2023-08-31,Premium,37474.00
7585,Christopher Larson,christopher.larson@example.com,USA,2020-01-08,Standard,3868.57
7586,Christopher Wong,christopher.wong@shopmail.com,Germany,2021-05-29,Basic,888.90
7587,Christopher Moore,christopher.moore@ecommerce.io,Canada,2021-03-06,Standard,4294.85
7588,Patricia Craig,patricia.craig@customer.net,France,2020-07-09,Basic,327.59
7589,Brittany Moody,brittany.moody@example.com,Australia,2020-04-25,Premium,25852.48
7590,Carol Henderson,carol.henderson@customer.net,Germany,2024-01-10,Premium,27510.16
7591,Rebecca Hernandez,rebecca.hernandez@customer.net,France,2020-04-06,Standard,4388.71
7592,Jessica Myers,jessica.myers@customer.net,France,2021-10-16,Standard,3674.62
7593,Sherry Santiago,sherry.santiago@shopmail.com,UK,2023-01-11,Premium,38777.44
7594,Melanie Beck,melanie.beck@example.com,USA,2023-04-19,Standard,1173.55
7595,Brendan Williams,brendan.williams@customer.net,UK,2023-07-22,Premium,48896.13
7596,Michael Reeves,michael.reeves@customer.net,Australia,2022-09-01,Standard,4727.31
7597,Jonathan Tyler,jonathan.tyler@ecommerce.io,Germany,2022-01-27,Basic,596.38
7598,Kristy Henderson,kristy.henderson@shopmail.com,France,2023-09-09,Premium,18907.98
7599,Michael Williams,michael.williams@example.com,UK,2021-08-15,Standard,2096.87
7600,Rachel May,rachel.may@shopmail.com,UK,2021-01-11,Standard,3846.95
7601,Gregory Mitchell,gregory.mitchell@ecommerce.io,Australia,2024-06-03,Basic,974.92
7602,Patricia Vazquez,patricia.vazquez@ecommerce.io,India,2024-04-28,Standard,1260.23
7603,Angela Cook,angela.cook@customer.net,Australia,2021-02-15,Standard,2331.59
7604,Nicholas Rodriguez,nicholas.rodriguez@customer.net,UK,2021-10-04,Standard,4891.47
7605,Sarah Carpenter,sarah.carpenter@ecommerce.io,USA,2024-06-01,Basic,756.18
7606,Michele Hopkins,michele.hopkins@customer.net,France,2023-10-13,Basic,447.94
7607,Danielle White,danielle.white@ecommerce.io,France,2022-04-16,Basic,394.49
7608,Danielle Dyer,danielle.dyer@example.com,India,2023-08-04,Standard,4686.19
7609,Sara Miles,sara.miles@shopmail.com,Australia,2021-03-24,Basic,502.93
7610,Justin Bishop,justin.bishop@shopmail.com,France,2024-09-22,Standard,2580.65
7611,Patrick Wright,patrick.wright@ecommerce.io,Australia,2020-10-13,Standard,1353.10
7612,Joseph Carr,joseph.carr@shopmail.com,UK,2021-10-29,Standard,1370.32
7613,Anthony Chavez,anthony.chavez@ecommerce.io,Germany,2023-04-18,Standard,3535.59
7614,Larry Brown,larry.brown@shopmail.com,Germany,2023-08-06,Basic,217.42
7615,Alexander Hoffman,alexander.hoffman@customer.net,USA,2021-07-13,Standard,1280.35
7616,Curtis Thomas,curtis.thomas@customer.net,Canada,2021-03-14,Premium,7583.79
7617,Tina Kelly,tina.kelly@customer.net,USA,2023-01-21,Standard,1309.91
7618,Kathleen Petersen,kathleen.petersen@shopmail.com,UK,2023-04-24,Basic,603.61
7619,Richard Daniels,richard.daniels@shopmail.com,Canada,2023-07-31,Premium,39074.42
7620,David Shaw,david.shaw@shopmail.com,France,2020-11-08,Standard,1664.78
7621,Audrey Clarke,audrey.clarke@example.com,USA,2024-01-06,Standard,4956.99
7622,Jeffrey Nichols,jeffrey.nichols@ecommerce.io,France,2022-03-18,Standard,4591.08
7623,Amanda Shaw,amanda.shaw@example.com,Germany,2024-07-07,Standard,2730.07
7624,Christina Beard,christina.beard@ecommerce.io,UK,2023-05-20,Standard,1217.74
7625,Derrick Green,derrick.green@shopmail.com,Australia,2023-09-06,Standard,2176.23
7626,Timothy Ewing,timothy.ewing@customer.net,Australia,2023-07-01,Standard,1096.19
7627,Karen Wallace,karen.wallace@customer.net,France,2020-11-15,Basic,379.63
7628,Barbara Coleman,barbara.coleman@customer.net,Germany,2023-05-29,Standard,2234.43
7629,Cindy Brown,cindy.brown@customer.net,Australia,2024-08-05,Standard,1019.50
7630,Kevin Lewis,kevin.lewis@ecommerce.io,UK,2022-11-26,Basic,467.63
7631,Maria Willis,maria.willis@ecommerce.io,Australia,2020-02-03,Premium,28821.99
7632,Katherine Hardy,katherine.hardy@shopmail.com,Canada,2024-05-31,Standard,3532.85
7633,Michael Campos,michael.campos@customer.net,India,2021-01-12,Premium,21965.16
7634,Carol Briggs,carol.briggs@shopmail.com,UK,2024-07-11,Standard,4652.41
7635,Yolanda Marks,yolanda.marks@customer.net,Australia,2024-07-26,Premium,12147.78
7636,Jennifer Rodriguez,jennifer.rodriguez@ecommerce.io,Australia,2024-08-22,Standard,4527.88
7637,Jason Cortez,jason.cortez@shopmail.com,Germany,2020-04-22,Basic,754.89
7638,Patricia Peterson,patricia.peterson@shopmail.com,UK,2024-05-18,Standard,3687.90
7639,Tina Williams,tina.williams@ecommerce.io,Germany,2022-05-02,Standard,2591.03
7640,Jonathan Hawkins,jonathan.hawkins@example.com,Canada,2023-05-12,Premium,37799.05
7641,Cody Cook,cody.cook@example.com,Germany,2024-11-16,Standard,3052.81
7642,Maria Johnson,maria.johnson@customer.net,India,2024-02-22,Premium,38579.44
7643,Gabriel Knox,gabriel.knox@customer.net,France,2020-12-12,Standard,2087.36
7644,Joshua Turner,joshua.turner@ecommerce.io,USA,2024-03-24,Standard,1983.24
7645,Duane Martinez,duane.martinez@ecommerce.io,USA,2022-12-01,Basic,961.37
7646,Connor Stewart,connor.stewart@ecommerce.io,Germany,2024-06-26,Standard,1346.71
7647,Anthony Lee,anthony.lee@ecommerce.io,USA,2024-10-06,Standard,3245.78
7648,Keith Johnson,keith.johnson@shopmail.com,India,2020-07-26,Standard,3177.85
7649,Ashley Morales,ashley.morales@example.com,Germany,2023-04-01,Standard,3964.81
7650,Bryan Campos,bryan.campos@customer.net,France,2020-05-19,Standard,4218.00
7651,Todd Buck,todd.buck@shopmail.com,Germany,2022-10-08,Standard,3409.87
7652,Julie Barton,julie.barton@example.com,USA,2024-05-08,Basic,706.10
7653,David Green,david.green@example.com,USA,2022-02-28,Premium,14677.76
7654,Amanda Mullins,amanda.mullins@ecommerce.io,UK,2020-03-04,Standard,1023.62
7655,Crystal Payne,crystal.payne@example.com,Canada,2020-11-07,Premium,14731.21
7656,Stephanie Blair,stephanie.blair@shopmail.com,India,2024-08-18,Basic,455.48
7657,Michelle Murray,michelle.murray@shopmail.com,Australia,2020-05-16,Basic,361.98
7658,Andrea Davis,andrea.davis@shopmail.com,USA,2020-12-09,Premium,26826.54
7659,Christopher Nelson,christopher.nelson@example.com,France,2023-05-03,Premium,46181.27
7660,Zachary Carney,zachary.carney@example.com,India,2020-08-18,Standard,1731.73
7661,Kristin Franco,kristin.franco@example.com,India,2021-05-16,Standard,1390.73
7662,Cindy Ellison,cindy.ellison@customer.net,Australia,2021-10-17,Basic,458.97
7663,Courtney Valentine,courtney.valentine@example.com,USA,2023-12-02,Standard,1022.81
7664,Amy Jensen,amy.jensen@example.com,Germany,2022-02-09,Premium,44096.88
7665,Amanda Ballard,amanda.ballard@shopmail.com,India,2024-03-31,Basic,256.75
7666,John Hester,john.hester@ecommerce.io,France,2021-05-03,Standard,2028.71
7667,Randy Montgomery,randy.montgomery@customer.net,USA,2022-02-02,Standard,4652.58
7668,Scott Conrad,scott.conrad@customer.net,Canada,2022-06-10,Standard,3475.23
7669,Patrick Edwards,patrick.edwards@example.com,Australia,2023-11-14,Premium,29860.23
7670,Patricia Davis,patricia.davis@customer.net,UK,2022-12-27,Premium,48531.30
7671,Matthew Green,matthew.green@ecommerce.io,USA,2020-04-05,Basic,660.92
7672,Lawrence Keller,lawrence.keller@example.com,India,2024-11-15,Standard,3181.26
7673,Daniel Austin,daniel.austin@ecommerce.io,Australia,2024-01-01,Basic,611.11
7674,Jennifer Frazier,jennifer.frazier@shopmail.com,UK,2020-08-19,Premium,22119.78
7675,Brian Mcdaniel,brian.mcdaniel@example.com,Canada,2024-10-29,Standard,3401.21
7676,Tim Ward,tim.ward@shopmail.com,Canada,2023-11-30,Basic,168.47
7677,Heidi James,heidi.james@ecommerce.io,UK,2023-12-27,Standard,2803.47
7678,Heather Bell,heather.bell@shopmail.com,Australia,2024-11-14,Premium,6931.90
7679,Chad Miller,chad.miller@shopmail.com,USA,2020-07-21,Premium,24649.38
7680,Felicia Brown,felicia.brown@ecommerce.io,UK,2022-12-19,Standard,4818.27
7681,Marissa Medina,marissa.medina@shopmail.com,Germany,2022-10-08,Basic,711.67
7682,Kelsey Aguirre,kelsey.aguirre@example.com,Germany,2022-07-02,Premium,27749.15
7683,Jamie Edwards,jamie.edwards@customer.net,Germany,2024-06-15,Premium,42320.14
7684,Robert Fletcher,robert.fletcher@shopmail.com,France,2020-01-15,Standard,1718.07
7685,David Robertson,david.robertson@shopmail.com,France,2022-03-24,Premium,44360.28
7686,Jordan Watson,jordan.watson@customer.net,Germany,2021-04-23,Basic,801.74
7687,Brian Washington,brian.washington@example.com,France,2023-03-20,Premium,18448.99
7688,Brandon Wheeler,brandon.wheeler@ecommerce.io,UK,2023-08-05,Standard,4428.52
7689,Denise Turner,denise.turner@example.com,Canada,2024-06-09,Standard,1789.55
7690,Derek Moreno,derek.moreno@ecommerce.io,India,2020-06-01,Standard,1242.59
7691,Betty White,betty.white@customer.net,Canada,2024-06-16,Standard,2278.92
7692,Kelly Bennett,kelly.bennett@ecommerce.io,UK,2023-01-26,Standard,2164.85
7693,Nicholas Grimes,nicholas.grimes@customer.net,USA,2021-04-21,Basic,803.50
7694,Kristen Yang,kristen.yang@customer.net,Germany,2023-06-03,Standard,2968.55
7695,Angela Graham,angela.graham@shopmail.com,USA,2023-08-25,Basic,504.56
7696,Tyler Williams,tyler.williams@ecommerce.io,India,2020-03-23,Standard,2358.97
7697,Kristina Baker,kristina.baker@ecommerce.io,Canada,2024-01-10,Standard,4583.19
7698,Alexis Gibbs,alexis.gibbs@shopmail.com,Germany,2020-12-08,Premium,25455.31
7699,Lance Henderson,lance.henderson@customer.net,UK,2024-01-24,Standard,1550.18
7700,Michael Avila,michael.avila@example.com,USA,2024-09-30,Premium,36032.22
7701,Matthew Stafford,matthew.stafford@shopmail.com,USA,2022-01-09,Basic,197.15
7702,Ashley Patton,ashley.patton@example.com,India,2021-01-30,Basic,330.06
7703,Kyle Flores,kyle.flores@shopmail.com,India,2022-02-24,Standard,3136.65
7704,Jeffrey Harrington,jeffrey.harrington@example.com,Canada,2020-03-01,Premium,13044.66
7705,Linda Johnson,linda.johnson@ecommerce.io,USA,2020-05-15,Premium,35348.36
7706,David Vincent,david.vincent@ecommerce.io,India,2022-08-30,Standard,4207.89
7707,Mike Lindsey,mike.lindsey@customer.net,USA,2023-09-30,Basic,453.59
7708,Nancy Logan,nancy.logan@customer.net,France,2022-06-11,Standard,4649.44
7709,Melissa Lopez,melissa.lopez@shopmail.com,Australia,2023-09-08,Standard,1358.26
7710,Robert Haynes,robert.haynes@ecommerce.io,India,2020-04-24,Basic,503.05
7711,Brian Sanders,brian.sanders@example.com,Canada,2023-07-23,Standard,2191.05
7712,Matthew Franklin,matthew.franklin@shopmail.com,France,2023-09-08,Standard,3084.86
7713,Jeremy Brown,jeremy.brown@example.com,USA,2024-03-22,Standard,4795.32
7714,Heather Leonard,heather.leonard@ecommerce.io,Australia,2022-04-13,Standard,2999.39
7715,Ethan Lopez,,Germany,2022-05-02,Standard,4608.48
7716,Gregory Phillips,gregory.phillips@ecommerce.io,UK,2021-07-02,Standard,3257.98
7717,Sylvia Yates,sylvia.yates@example.com,Germany,2020-03-20,Basic,611.42
7718,Ronnie Keith,ronnie.keith@customer.net,Germany,2021-09-19,Basic,398.00
7719,Heather Wells,heather.wells@customer.net,India,2022-08-13,Basic,782.54
7720,Richard Gallagher,richard.gallagher@shopmail.com,Australia,2021-02-25,Premium,29980.35
7721,Christina Price,christina.price@ecommerce.io,UK,2021-09-17,Standard,2808.46
7722,Dale Thompson,dale.thompson@customer.net,Germany,2023-09-07,Basic,222.39
7723,Jenna Garcia,jenna.garcia@shopmail.com,USA,2023-06-18,Basic,925.67
7724,Nathan Compton,nathan.compton@shopmail.com,France,2021-07-02,Standard,3096.54
7725,Wesley Frye,wesley.frye@shopmail.com,Canada,2023-12-22,Standard,3008.13
7726,Amanda Holmes,amanda.holmes@customer.net,UK,2023-06-22,Premium,32345.78
7727,Paul Brown,paul.brown@shopmail.com,Australia,2024-01-24,Basic,405.51
7728,Kathleen Krause,kathleen.krause@example.com,UK,2023-12-04,Standard,4604.57
7729,Alexis Wells,alexis.wells@shopmail.com,France,2022-10-27,Premium,23039.78
7730,Zachary Foster,zachary.foster@ecommerce.io,India,2022-02-25,Standard,2144.73
7731,Jennifer Frey,jennifer.frey@shopmail.com,Australia,2022-07-20,Standard,1993.85
7732,David Baxter,david.baxter@ecommerce.io,Australia,2024-04-03,Standard,2571.59
7733,Gerald Larson,gerald.larson@shopmail.com,Australia,2021-05-06,Standard,3411.24
7734,Shelly Wallace,shelly.wallace@customer.net,Australia,2022-07-18,Standard,2621.04
7735,Kristen Smith,kristen.smith@shopmail.com,Germany,2021-05-24,Basic,400.14
7736,Laurie Griffin,laurie.griffin@shopmail.com,India,2021-04-25,Basic,871.20
7737,Virginia Ortiz,virginia.ortiz@customer.net,Australia,2020-11-19,Basic,150.87
7738,Jose Martin,jose.martin@customer.net,UK,2021-05-18,Premium,17157.64
7739,Lisa Jones,lisa.jones@ecommerce.io,Australia,2024-12-02,Premium,10993.66
7740,Jessica Calhoun,jessica.calhoun@shopmail.com,Canada,2024-12-11,Standard,3756.14
7741,Brian Rice,brian.rice@customer.net,UK,2022-04-01,Standard,1685.31
7742,Jeremy Wolf,jeremy.wolf@customer.net,UK,2024-12-21,Basic,295.43
7743,Timothy Perez,timothy.perez@example.com,Canada,2021-07-19,Standard,2065.38
7744,Michael Chapman,michael.chapman@example.com,Australia,2024-12-15,Standard,3609.62
7745,Paul Goodwin,paul.goodwin@ecommerce.io,India,2021-08-17,Standard,4736.06
7746,Brandon Spencer,brandon.spencer@example.com,Germany,2021-11-26,Premium,16931.20
7747,Terri Reid,terri.reid@ecommerce.io,France,2021-11-11,Standard,2912.21
7748,Miguel Baker,miguel.baker@example.com,Australia,2023-02-09,Standard,3125.91
7749,Willie Collins,willie.collins@ecommerce.io,Germany,2021-05-01,Standard,3022.67
7750,David Grant,david.grant@example.com,UK,2023-07-02,Basic,200.12
7751,Karen Gordon,karen.gordon@customer.net,Canada,2024-03-20,Basic,542.01
7752,Natalie Cox,natalie.cox@ecommerce.io,Australia,2022-03-04,Standard,2153.09
7753,Karen Dodson,karen.dodson@customer.net,UK,2021-06-02,Standard,2763.71
7754,Brandon Lowe,brandon.lowe@shopmail.com,Australia,2023-06-27,Standard,3473.28
7755,Ruben Torres,ruben.torres@ecommerce.io,India,2023-08-14,Basic,612.93
7756,Michael Pearson,michael.pearson@shopmail.com,India,2020-01-05,Premium,7751.99
7757,Matthew Thomas,matthew.thomas@example.com,Canada,2022-01-24,Standard,4926.29
7758,James Beard,james.beard@shopmail.com,India,2021-07-23,Standard,2920.43
7759,Daniel Blackburn,daniel.blackburn@shopmail.com,USA,2021-11-26,Standard,4831.44
7760,Eric Marquez,eric.marquez@shopmail.com,Canada,2021-10-26,Basic,766.14
7761,Seth Carrillo,seth.carrillo@example.com,Australia,2022-10-27,Basic,182.61
7762,Christina Doyle,christina.doyle@ecommerce.io,UK,2024-03-01,Standard,2913.60
7763,Tiffany Fleming,tiffany.fleming@customer.net,UK,2021-09-23,Standard,1822.35
7764,Christine Ochoa,christine.ochoa@example.com,Canada,2023-07-18,Premium,23709.32
7765,Christopher Gonzales,christopher.gonzales@customer.net,USA,2024-01-25,Standard,1105.94
7766,Kim Duran,kim.duran@customer.net,UK,2024-03-15,Basic,501.29
7767,John Carter,john.carter@example.com,India,2020-10-28,Standard,4195.92
7768,Darlene Newton,darlene.newton@customer.net,France,2023-12-04,Basic,665.94
7769,Tracy Johnson,,Germany,2020-06-07,Standard,4398.02
7770,Mikayla Peters,mikayla.peters@example.com,Canada,2023-04-05,Standard,1035.95
7771,Noah Jackson,noah.jackson@shopmail.com,Canada,2020-01-05,Premium,11245.69
7772,Charles Wells,charles.wells@example.com,Germany,2020-03-31,Basic,101.48
7773,Jennifer Pena,jennifer.pena@example.com,UK,2022-09-11,Standard,1660.23
7774,Bruce Bradford,bruce.bradford@customer.net,India,2024-10-27,Basic,560.29
7775,Catherine Hughes,catherine.hughes@shopmail.com,USA,2020-12-19,Standard,1240.31
7776,John Williams,john.williams@example.com,Canada,2024-03-10,Standard,3808.06
7777,Mark Reid,mark.reid@shopmail.com,Canada,2020-03-16,Standard,4401.87
7778,Arthur Lynch,arthur.lynch@customer.net,France,2023-05-23,Standard,4257.66
7779,Laura Perez,laura.perez@customer.net,France,2024-11-27,Basic,335.14
7780,Jennifer Shaw,jennifer.shaw@example.com,Australia,2020-05-18,Premium,17866.29
7781,Duane Hanson,duane.hanson@ecommerce.io,UK,2021-06-11,Standard,2569.03
7782,Jerome Abbott,jerome.abbott@shopmail.com,India,2022-09-27,Standard,1678.32
7783,Nicole Smith,nicole.smith@customer.net,USA,2024-01-11,Basic,981.78
7784,Michaela Boyer,michaela.boyer@shopmail.com,France,2023-12-14,Standard,4706.43
7785,Kristin Yang,kristin.yang@ecommerce.io,Germany,2021-10-24,Standard,3638.79
7786,Xavier Espinoza,xavier.espinoza@shopmail.com,India,2022-09-30,Standard,3809.31
7787,Randy Wells,randy.wells@shopmail.com,France,2021-04-15,Standard,1114.86
7788,Justin Stein,justin.stein@customer.net,France,2022-08-18,Standard,3640.31
7789,Megan Reed,megan.reed@shopmail.com,Germany,2022-06-27,Standard,2738.19
7790,Gerald King,gerald.king@example.com,USA,2022-01-25,Standard,3346.52
7791,Sabrina Moses,sabrina.moses@example.com,Canada,2020-01-10,Standard,4087.52
7792,Jose Simmons,jose.simmons@shopmail.com,France,2020-04-24,Basic,977.72
7793,Margaret Clark,margaret.clark@customer.net,Australia,2020-02-22,Standard,4498.29
7794,Amanda Ward,amanda.ward@customer.net,France,2023-07-19,Standard,4855.32
7795,Cameron Morrison,cameron.morrison@example.com,India,2023-06-18,Standard,2676.58
7796,Jeff Bush,jeff.bush@customer.net,Germany,2020-02-05,Standard,4627.02
7797,Andrea Smith,andrea.smith@example.com,India,2020-12-17,Standard,1348.29
7798,Gina Campos,gina.campos@ecommerce.io,UK,2022-03-08,Premium,12433.76
7799,Lauren Caldwell,lauren.caldwell@ecommerce.io,India,2023-09-04,Premium,17857.05
7800,John Larson,john.larson@example.com,India,2020-09-24,Premium,43457.24
7801,Dylan Bryant,dylan.bryant@ecommerce.io,USA,2022-10-24,Standard,2396.16
7802,Wayne Guerrero,wayne.guerrero@shopmail.com,Canada,2022-04-10,Basic,436.15
7803,Morgan Moss,morgan.moss@ecommerce.io,Australia,2021-05-15,Standard,2882.52
7804,Linda Bradley,linda.bradley@ecommerce.io,USA,2024-08-12,Standard,2789.05
7805,Ronald Willis,ronald.willis@ecommerce.io,India,2024-05-04,Basic,390.47
7806,Wyatt Moore,wyatt.moore@customer.net,India,2021-05-31,Basic,604.12
7807,Olivia Vaughn,olivia.vaughn@ecommerce.io,Australia,2024-03-15,Basic,239.24
7808,Bruce Kaiser,bruce.kaiser@shopmail.com,Canada,2024-08-01,Premium,38501.16
7809,Leonard Riley,leonard.riley@customer.net,Germany,2024-06-12,Basic,633.32
7810,Dean Mendoza,dean.mendoza@example.com,Australia,2022-10-04,Standard,4221.74
7811,Joshua Cole,joshua.cole@shopmail.com,India,2022-09-10,Basic,630.09
7812,Devin Bennett,devin.bennett@shopmail.com,France,2021-07-14,Standard,3250.43
7813,Benjamin Davis,benjamin.davis@customer.net,Canada,2024-12-01,Basic,245.90
7814,Jessica George,jessica.george@customer.net,Germany,2021-06-05,Basic,710.78
7815,Julie James,julie.james@example.com,UK,2020-05-03,Standard,4279.73
7816,Johnny Adams,johnny.adams@ecommerce.io,Canada,2020-03-18,Standard,2750.63
7817,Rebecca Decker,rebecca.decker@ecommerce.io,India,2020-07-02,Premium,20411.99
7818,Deborah Vargas,deborah.vargas@shopmail.com,Canada,2020-10-20,Basic,473.37
7819,Francisco Young,francisco.young@customer.net,Canada,2021-03-29,Basic,853.44
7820,Ashley Garcia,ashley.garcia@example.com,Australia,2021-02-17,Standard,3702.86
7821,Theresa Galloway,theresa.galloway@customer.net,Germany,2023-12-15,Standard,1990.63
7822,Donna Porter,donna.porter@ecommerce.io,Germany,2020-05-24,Premium,19053.18
7823,Philip Montoya,philip.montoya@shopmail.com,USA,2021-07-09,Basic,153.60
7824,Sherry Knight,sherry.knight@example.com,Germany,2024-06-07,Standard,1984.27
7825,Tonya Holmes,tonya.holmes@customer.net,USA,2020-05-21,Standard,3108.84
7826,Xavier Williams,xavier.williams@customer.net,UK,2022-07-08,Standard,1575.69
7827,Belinda Glass,belinda.glass@customer.net,Canada,2023-05-20,Premium,45189.57
7828,Gary Martinez,gary.martinez@shopmail.com,Australia,2022-11-05,Premium,6848.01
7829,Lisa Smith,lisa.smith@example.com,Germany,2020-06-23,Premium,41200.17
7830,Jerry Small,jerry.small@example.com,UK,2021-02-18,Basic,986.87
7831,Allen Holt,allen.holt@shopmail.com,USA,2022-10-30,Basic,833.68
7832,Paul Hamilton,paul.hamilton@example.com,France,2023-08-24,Standard,2205.45
7833,Danny Kent,danny.kent@customer.net,USA,2023-09-23,Standard,1722.94
7834,William Welch,william.welch@shopmail.com,USA,2021-03-31,Premium,26205.16
7835,Emily Grant,emily.grant@example.com,Australia,2020-11-20,Standard,3736.61
7836,Laurie Castillo,laurie.castillo@shopmail.com,Germany,2022-09-21,Premium,37619.01
7837,Paul Smith,paul.smith@customer.net,Germany,2022-07-26,Basic,804.81
7838,Christopher Phillips,christopher.phillips@customer.net,Canada,2024-04-16,Standard,4816.53
7839,Nathan Robles,nathan.robles@ecommerce.io,Canada,2021-09-03,Standard,2323.30
7840,Keith Lowery,keith.lowery@shopmail.com,Canada,2022-10-29,Basic,199.74
7841,Joe Tran,joe.tran@ecommerce.io,UK,2022-01-03,Standard,4086.07
7842,Sarah Santos,sarah.santos@example.com,USA,2020-10-13,Basic,443.64
7843,Danielle Miller,danielle.miller@ecommerce.io,Canada,2021-02-24,Standard,1940.16
7844,William Williams,william.williams@shopmail.com,UK,2023-11-16,Premium,16227.00
7845,Timothy Fisher,timothy.fisher@example.com,UK,2022-01-17,Standard,3714.86
7846,Karen Chase,karen.chase@ecommerce.io,Australia,2022-12-01,Basic,383.41
7847,Darlene Lee,darlene.lee@example.com,Germany,2020-02-16,Basic,228.93
7848,Kyle Cline,kyle.cline@customer.net,UK,2024-06-26,Standard,4182.57
7849,Brianna Collier,brianna.collier@customer.net,Canada,2024-01-09,Premium,9775.56
7850,Kristy Johnson,kristy.johnson@example.com,Australia,2024-08-16,Standard,2187.81
7851,James Mejia,james.mejia@customer.net,Germany,2020-11-17,Basic,196.63
7852,Andre Conley,andre.conley@customer.net,Canada,2023-02-25,Basic,985.66
7853,Richard White,richard.white@ecommerce.io,Australia,2020-10-05,Basic,507.85
7854,Mitchell Ochoa,mitchell.ochoa@customer.net,UK,2020-04-21,Basic,256.84
7855,Sherry Cisneros,sherry.cisneros@customer.net,France,2021-11-01,Standard,4300.21
7856,Brianna Kim,brianna.kim@ecommerce.io,UK,2023-09-27,Basic,130.22
7857,Charles Smith,charles.smith@ecommerce.io,France,2023-06-23,Standard,1824.98
7858,Hannah Graham,hannah.graham@example.com,UK,2022-02-05,Standard,3184.79
7859,Teresa Barnett,teresa.barnett@example.com,France,2023-10-03,Standard,4561.35
7860,Robert Davis,robert.davis@ecommerce.io,India,2023-05-20,Basic,422.41
7861,Alexander Holland,alexander.holland@ecommerce.io,France,2023-04-07,Premium,8024.88
7862,Sabrina Evans,sabrina.evans@ecommerce.io,Canada,2024-09-08,Basic,834.85
7863,Christopher Davis,christopher.davis@ecommerce.io,Canada,2022-06-04,Standard,2005.68
7864,Mary Kaiser,mary.kaiser@shopmail.com,India,2023-04-11,Standard,1023.62
7865,Jeffrey Campbell,jeffrey.campbell@ecommerce.io,UK,2021-09-12,Standard,4492.09
7866,Lindsey Weaver,lindsey.weaver@customer.net,Germany,2023-01-07,Basic,428.93
7867,Craig Mendez,craig.mendez@example.com,India,2020-05-21,Standard,3008.43
7868,Sandra Vargas,sandra.vargas@customer.net,France,2023-11-08,Standard,2386.60
7869,Kelsey Harrison,kelsey.harrison@ecommerce.io,Germany,2022-07-13,Premium,47249.87
7870,Alexandra Smith,alexandra.smith@shopmail.com,Germany,2022-09-30,Basic,228.93
7871,Kendra Wolf,kendra.wolf@ecommerce.io,USA,2024-03-01,Standard,1512.70
7872,Russell Kelley,russell.kelley@example.com,USA,2024-06-21,Standard,3764.77
7873,Kelly Taylor,kelly.taylor@customer.net,Germany,2023-12-27,Standard,1129.81
7874,Amanda Bradley,amanda.bradley@shopmail.com,Canada,2023-12-06,Standard,4402.46
7875,Christy Moore,christy.moore@shopmail.com,USA,2022-04-27,Premium,9398.49
7876,Catherine Glover,catherine.glover@example.com,Australia,2022-09-25,Standard,3349.62
7877,Allison Fernandez,allison.fernandez@example.com,Germany,2024-12-17,Premium,17068.76
7878,Angela Meyer,angela.meyer@shopmail.com,Germany,2021-12-08,Standard,2154.33
7879,Cynthia Wilson,cynthia.wilson@shopmail.com,India,2020-09-14,Premium,39212.63
7880,Allison Fleming,allison.fleming@customer.net,Australia,2022-10-25,Basic,404.61
7881,Danielle Harrington,danielle.harrington@ecommerce.io,Australia,2020-04-16,Premium,24030.72
7882,Charles Johnson,charles.johnson@example.com,Canada,2022-01-04,Basic,768.44
7883,Leah Patterson,leah.patterson@ecommerce.io,Canada,2024-09-07,Premium,23714.59
7884,Michael Anthony,michael.anthony@customer.net,Germany,2023-02-20,Standard,4943.05
7885,Ashley Mosley,ashley.mosley@example.com,France,2021-05-05,Basic,478.52
7886,Andrew Wheeler,andrew.wheeler@customer.net,Canada,2022-04-14,Basic,675.30
7887,David Harding,david.harding@ecommerce.io,Canada,2020-09-01,Standard,3782.41
7888,David Ibarra,david.ibarra@example.com,UK,2021-02-28,Premium,31415.56
7889,Kathryn Howard,kathryn.howard@shopmail.com,UK,2020-09-26,Standard,2043.20
7890,Melinda Welch,melinda.welch@example.com,France,2020-10-31,Standard,2492.77
7891,Barbara Guerra,barbara.guerra@example.com,France,2020-09-20,Standard,1326.10
7892,Jacob Smith,jacob.smith@customer.net,France,2022-07-12,Premium,43054.91
7893,Tiffany Tran,tiffany.tran@customer.net,France,2022-09-22,Basic,598.10
7894,Adam Acevedo,adam.acevedo@customer.net,Australia,2021-02-09,Standard,1341.10
7895,Phyllis Richardson,phyllis.richardson@shopmail.com,USA,2021-12-12,Standard,1648.15
7896,Donald Jones,donald.jones@ecommerce.io,Australia,2021-02-23,Standard,2554.72
7897,Steven Rogers,steven.rogers@shopmail.com,UK,2024-04-09,Basic,412.79
7898,Leonard Bernard,leonard.bernard@example.com,Germany,2021-05-27,Standard,1532.59
7899,Steven Bryant,steven.bryant@example.com,UK,2022-09-15,Premium,17670.54
7900,Janice Lambert,janice.lambert@example.com,USA,2022-09-26,Standard,2561.81
7901,Devin Phillips,devin.phillips@example.com,France,2024-08-17,Basic,552.17
7902,Carrie Bowers,carrie.bowers@customer.net,Australia,2023-08-27,Standard,1067.92
7903,Colin Chambers,colin.chambers@ecommerce.io,UK,2024-07-21,Standard,2553.23
7904,Mary Arnold,mary.arnold@shopmail.com,UK,2021-01-29,Standard,1048.28
7905,Juan Franklin,juan.franklin@customer.net,Germany,2021-02-26,Premium,33852.80
7906,Brittany Case,brittany.case@customer.net,Canada,2022-03-12,Standard,3481.37
7907,Ryan Thompson,ryan.thompson@ecommerce.io,India,2020-05-12,Standard,1007.47
7908,Donald Hahn,donald.hahn@example.com,India,2023-12-24,Standard,1141.34
7909,Matthew Matthews,matthew.matthews@shopmail.com,Germany,2021-02-20,Basic,116.62
7910,Shannon Shepherd,shannon.shepherd@ecommerce.io,India,2022-12-08,Basic,256.70
7911,Nicole Gentry,nicole.gentry@customer.net,UK,2024-03-12,Standard,4175.21
7912,Joseph Simon,joseph.simon@shopmail.com,India,2021-11-30,Premium,42757.37
7913,Joseph Anderson,joseph.anderson@shopmail.com,USA,2021-05-12,Premium,42566.21
7914,Madeline Reed,madeline.reed@customer.net,India,2024-08-15,Standard,3690.40
7915,Kelly Tucker,kelly.tucker@ecommerce.io,France,2023-09-26,Basic,986.47
7916,Mary Flores,mary.flores@example.com,France,2021-11-16,Basic,279.88
7917,Kimberly Martinez,kimberly.martinez@example.com,Australia,2020-07-29,Standard,1375.55
7918,Megan Thomas,megan.thomas@example.com,Germany,2022-09-19,Basic,815.65
7919,Megan Richardson,megan.richardson@shopmail.com,Australia,2022-03-12,Premium,24075.44
7920,Maria Page,maria.page@customer.net,Australia,2024-01-14,Standard,4754.05
7921,Andrew Navarro,andrew.navarro@shopmail.com,France,2020-05-30,Standard,3600.18
7922,Bryan Ross,bryan.ross@ecommerce.io,France,2022-11-21,Premium,17594.65
7923,Sara Roach,sara.roach@shopmail.com,Australia,2022-10-03,Premium,32499.97
7924,Robert Sampson,robert.sampson@ecommerce.io,USA,2024-09-01,Basic,302.42
7925,Stephen Lewis,stephen.lewis@ecommerce.io,Australia,2023-11-11,Standard,1791.74
7926,Derek Abbott,derek.abbott@shopmail.com,UK,2023-12-26,Basic,325.84
7927,Theodore Thompson,theodore.thompson@customer.net,Australia,2021-11-06,Standard,2658.20
7928,Frank Castro,frank.castro@ecommerce.io,USA,2024-07-23,Basic,825.61
7929,Mark Griffith,mark.griffith@shopmail.com,USA,2022-01-26,Basic,462.53
7930,Kristin Smith,kristin.smith@example.com,Germany,2024-06-05,Standard,1268.24
7931,Christopher Meyer,christopher.meyer@customer.net,Canada,2020-11-06,Basic,355.63
7932,Sierra Montoya,sierra.montoya@ecommerce.io,India,2023-01-14,Basic,643.27
7933,Ian Barker,ian.barker@shopmail.com,India,2024-01-21,Standard,3397.57
7934,Jennifer Allen,jennifer.allen@shopmail.com,USA,2023-12-31,Standard,1295.35
7935,Derek Barnes,derek.barnes@customer.net,Germany,2022-10-14,Premium,23614.52
7936,Perry Peck,perry.peck@shopmail.com,Germany,2024-01-26,Standard,1339.59
7937,Sandra Norton,sandra.norton@customer.net,Germany,2024-09-14,Basic,411.74
7938,Nathan Olson,nathan.olson@shopmail.com,UK,2023-12-11,Standard,4786.72
7939,Brian Bell,brian.bell@example.com,India,2023-03-08,Basic,689.96
7940,Anna Wolfe,anna.wolfe@example.com,India,2020-09-25,Standard,3250.89
7941,Stacy Davis,stacy.davis@ecommerce.io,France,2024-05-13,Standard,2186.01
7942,Autumn Villegas,autumn.villegas@ecommerce.io,Australia,2024-10-23,Standard,2279.36
7943,Cheryl Anthony,cheryl.anthony@customer.net,India,2022-03-20,Standard,1307.30
7944,Norma Rodriguez,norma.rodriguez@customer.net,Canada,2023-07-04,Basic,405.94
7945,Lisa Miller,lisa.miller@example.com,Australia,2023-04-08,Basic,865.73
7946,Jacob Miller,jacob.miller@ecommerce.io,Australia,2022-03-30,Standard,3979.26
7947,Nicole Manning,nicole.manning@shopmail.com,UK,2023-03-01,Standard,3787.86
7948,Jeremy Montoya,jeremy.montoya@ecommerce.io,India,2023-04-25,Basic,780.95
7949,Laura Brown,laura.brown@example.com,USA,2023-04-01,Standard,4120.79
7950,Ashley Gonzalez,ashley.gonzalez@customer.net,USA,2022-04-30,Premium,22228.77
7951,Antonio Jones,antonio.jones@ecommerce.io,Australia,2021-04-15,Standard,2639.05
7952,Russell Edwards,russell.edwards@customer.net,France,2020-03-26,Basic,995.72
7953,Alexis Krueger,alexis.krueger@example.com,Australia,2020-10-13,Standard,1116.27
7954,Jonathan Haynes,jonathan.haynes@shopmail.com,Australia,2023-12-29,Basic,293.20
7955,Vanessa Miller,vanessa.miller@example.com,USA,2020-11-19,Basic,110.27
7956,William Glover,william.glover@customer.net,Germany,2024-10-11,Basic,529.06
7957,Anna Murphy,anna.murphy@customer.net,UK,2020-02-05,Basic,279.41
7958,Kelly Cochran,kelly.cochran@ecommerce.io,India,2021-05-27,Standard,3013.15
7959,Donald Bradley,donald.bradley@customer.net,Canada,2022-05-11,Basic,534.71
7960,Taylor Watkins,taylor.watkins@example.com,France,2023-07-12,Standard,3786.08
7961,Ashley Grimes,ashley.grimes@ecommerce.io,Germany,2024-07-07,Standard,2148.01
7962,Robert Anderson,robert.anderson@shopmail.com,France,2022-04-15,Basic,540.21
7963,Jonathan Frye,jonathan.frye@ecommerce.io,Germany,2024-08-03,Premium,25276.61
7964,Katie Gutierrez,katie.gutierrez@example.com,Germany,2021-05-29,Standard,3903.21
7965,Jessica Chung,jessica.chung@ecommerce.io,Canada,2022-05-21,Premium,45241.95
7966,Laura Robertson,laura.robertson@customer.net,Australia,2021-05-08,Standard,3874.73
7967,Donald Wells,donald.wells@ecommerce.io,France,2022-10-26,Premium,24293.98
7968,Linda Shepherd,linda.shepherd@shopmail.com,Canada,2021-03-10,Premium,49145.92
7969,Christopher Winters,christopher.winters@shopmail.com,Germany,2024-09-14,Premium,44698.90
7970,Jessica Jones,jessica.jones@ecommerce.io,Germany,2024-05-11,Premium,27877.60
7971,Jonathan Williams,jonathan.williams@example.com,France,2021-11-02,Premium,28205.63
7972,Michael Hoffman,michael.hoffman@example.com,India,2021-08-24,Standard,2544.42
7973,Cheryl Walker,cheryl.walker@customer.net,India,2024-02-10,Basic,111.70
7974,Isaac Mcdonald,isaac.mcdonald@example.com,USA,2022-07-12,Premium,14433.57
7975,Kenneth Arellano,kenneth.arellano@ecommerce.io,Canada,2022-03-14,Standard,2764.11
7976,Kristen Chandler,kristen.chandler@shopmail.com,Australia,2021-09-24,Basic,755.62
7977,Samuel Warren,samuel.warren@customer.net,India,2023-03-18,Standard,1927.91
7978,Nicole Allen,nicole.allen@example.com,France,2023-05-22,Standard,2105.18
7979,Monica Hernandez,monica.hernandez@ecommerce.io,France,2022-02-13,Standard,2991.24
7980,Alyssa Sullivan,alyssa.sullivan@shopmail.com,USA,2021-02-15,Standard,4836.23
7981,Joshua Gardner,joshua.gardner@shopmail.com,Australia,2023-01-14,Standard,3549.60
7982,Benjamin Patterson,benjamin.patterson@shopmail.com,Canada,2023-07-14,Standard,1271.06
7983,James Kelley,james.kelley@example.com,UK,2024-03-27,Premium,20901.77
7984,Veronica Davies,veronica.davies@example.com,France,2021-08-24,Standard,1664.21
7985,Patricia Galvan,patricia.galvan@example.com,India,2021-01-06,Standard,2254.05
7986,Wesley Payne,wesley.payne@example.com,Australia,2023-10-31,Standard,1913.08
7987,Tammy Stewart,tammy.stewart@shopmail.com,France,2023-01-15,Basic,738.74
7988,Jeremy Morse,jeremy.morse@customer.net,Germany,2024-10-12,Standard,2720.82
7989,Lauren Mccoy,lauren.mccoy@customer.net,India,2020-12-04,Basic,857.39
7990,Melissa Sullivan,melissa.sullivan@ecommerce.io,India,2020-05-25,Standard,4576.97
7991,Devin Williams,devin.williams@ecommerce.io,USA,2023-08-19,Basic,291.21
7992,Matthew Griffin,matthew.griffin@customer.net,France,2021-03-22,Standard,3135.01
7993,Sean Hill,sean.hill@shopmail.com,USA,2022-12-17,Standard,1399.68
7994,Brendan Ward,brendan.ward@shopmail.com,UK,2023-11-15,Premium,39030.23
7995,Christine Gomez,christine.gomez@customer.net,Australia,2020-01-18,Standard,1721.44
7996,Michael Sanders,michael.sanders@shopmail.com,France,2020-12-07,Basic,889.71
7997,Jamie White,jamie.white@ecommerce.io,Canada,2023-02-19,Standard,1319.38
7998,Makayla Wheeler,makayla.wheeler@shopmail.com,UK,2024-08-16,Standard,4468.49
7999,Amber Cook,amber.cook@customer.net,France,2022-04-29,Premium,7541.62
8000,Kathy Rodriguez,kathy.rodriguez@customer.net,Germany,2024-09-20,Standard,2809.28
8001,Trevor Graves,trevor.graves@shopmail.com,Australia,2024-05-21,Premium,44323.42
8002,Jessica Wade,jessica.wade@shopmail.com,India,2020-03-09,Standard,4498.29
8003,Carol Preston,carol.preston@shopmail.com,France,2022-06-28,Premium,19381.54
8004,Cory Miller,cory.miller@example.com,Canada,2022-10-28,Standard,3496.98
8005,Craig Maxwell,craig.maxwell@shopmail.com,Australia,2024-09-08,Basic,111.65
8006,Shelly Davis,shelly.davis@customer.net,Germany,2022-09-28,Standard,3119.46
8007,Valerie Smith,valerie.smith@shopmail.com,Canada,2024-04-04,Premium,31869.45
8008,Mark Phillips,mark.phillips@shopmail.com,Germany,2021-10-24,Standard,2366.41
8009,Sherri Fleming,sherri.fleming@example.com,UK,2022-04-09,Basic,353.62
8010,Brian Park,brian.park@customer.net,Canada,2023-11-30,Basic,427.14
8011,Gary Johnson,gary.johnson@ecommerce.io,Canada,2021-04-13,Standard,2810.43
8012,Jennifer Watson,jennifer.watson@ecommerce.io,Germany,2024-01-12,Basic,370.40
8013,Jesus Roth,jesus.roth@shopmail.com,India,2021-10-23,Basic,225.55
8014,Sarah Hale,sarah.hale@example.com,Australia,2020-08-18,Standard,4265.49
8015,Christopher Thompson,christopher.thompson@example.com,India,2020-07-29,Standard,4275.74
8016,Aaron Miller,aaron.miller@customer.net,Germany,2021-05-26,Standard,4149.39
8017,Derek Kim,derek.kim@ecommerce.io,USA,2021-10-16,Standard,2839.79
8018,Lee Leon,lee.leon@customer.net,Germany,2020-03-16,Standard,3596.04
8019,Ariel Wiggins,ariel.wiggins@customer.net,India,2024-11-07,Premium,43088.93
8020,Brian Moore,brian.moore@shopmail.com,France,2024-02-14,Standard,1838.07
8021,Robert Burnett,robert.burnett@shopmail.com,Canada,2022-06-07,Premium,19562.49
8022,Samantha Miller,samantha.miller@customer.net,Canada,2022-11-08,Premium,47888.19
8023,Daniel Lewis,daniel.lewis@ecommerce.io,Australia,2024-03-06,Premium,45497.68
8024,Jennifer White,jennifer.white@shopmail.com,India,2021-02-27,Standard,4109.70
8025,Natalie Levy,natalie.levy@shopmail.com,Canada,2023-07-01,Standard,4886.28
8026,Diana Parks,diana.parks@ecommerce.io,India,2021-10-19,Standard,2808.28
8027,Jordan Schultz,jordan.schultz@ecommerce.io,India,2024-12-08,Standard,4495.16
8028,Christina Johnson,christina.johnson@shopmail.com,Germany,2021-01-28,Basic,581.87
8029,Justin Blanchard,justin.blanchard@shopmail.com,India,2020-12-06,Premium,48268.14
8030,Travis Hubbard,travis.hubbard@shopmail.com,Germany,2020-06-30,Basic,439.78
8031,Janet Richard,janet.richard@customer.net,India,2020-11-25,Standard,3861.03
8032,Steven Pierce,steven.pierce@customer.net,France,2022-08-05,Standard,4834.33
8033,Sarah Erickson,sarah.erickson@customer.net,Australia,2024-07-07,Standard,1719.45
8034,Brittany Diaz,brittany.diaz@shopmail.com,Australia,2022-08-19,Basic,122.13
8035,Anthony Hall,anthony.hall@ecommerce.io,Australia,2021-07-25,Standard,2878.34
8036,Karen Jones,karen.jones@shopmail.com,Germany,2022-12-14,Basic,186.38
8037,Alec Long,alec.long@shopmail.com,USA,2024-06-19,Basic,649.64
8038,Susan Howell,susan.howell@ecommerce.io,USA,2024-04-29,Premium,40738.35
8039,Tara Mejia,tara.mejia@shopmail.com,UK,2022-11-11,Basic,778.30
8040,Alexander Vaughn,alexander.vaughn@customer.net,UK,2021-12-14,Premium,15829.38
8041,Beth Smith,beth.smith@example.com,France,2022-01-08,Standard,2098.30
8042,Michael Pace,michael.pace@example.com,India,2023-01-09,Standard,3451.66
8043,Natalie Patterson,natalie.patterson@shopmail.com,USA,2021-06-19,Standard,4063.29
8044,William Hale,william.hale@shopmail.com,Canada,2022-04-03,Premium,15109.61
8045,Kathleen Brown,kathleen.brown@shopmail.com,France,2020-11-04,Standard,2724.37
8046,Amy Sims,amy.sims@ecommerce.io,India,2023-06-08,Premium,5408.22
8047,Renee Moses,renee.moses@customer.net,Canada,2022-06-26,Basic,190.24
8048,Veronica Rogers,veronica.rogers@customer.net,Australia,2020-10-12,Basic,183.14
8049,Christina Mcclain,christina.mcclain@ecommerce.io,USA,2022-12-10,Premium,23802.18
8050,Susan Howard,susan.howard@customer.net,France,2021-10-04,Basic,447.34
8051,Kathleen Sanchez,kathleen.sanchez@shopmail.com,Canada,2022-06-16,Basic,447.94
8052,Nathaniel Bradley,nathaniel.bradley@shopmail.com,UK,2020-02-11,Standard,3306.48
8053,Dwayne Ward,dwayne.ward@customer.net,UK,2022-12-02,Basic,638.19
8054,Chad Brown,chad.brown@ecommerce.io,Germany,2022-08-14,Standard,4731.63
8055,Tamara Hudson,tamara.hudson@customer.net,UK,2020-06-08,Standard,2586.50
8056,Becky Schneider,becky.schneider@ecommerce.io,Germany,2020-03-26,Standard,1412.51
8057,Raymond Patterson,raymond.patterson@customer.net,UK,2022-11-18,Premium,39626.95
8058,Robin Holloway,robin.holloway@shopmail.com,Australia,2024-12-28,Standard,2620.90
8059,Brian Payne,brian.payne@ecommerce.io,India,2024-12-20,Standard,3669.96
8060,Jennifer Woods,jennifer.woods@example.com,Australia,2020-07-03,Standard,2732.43
8061,Bradley Dominguez,bradley.dominguez@ecommerce.io,India,2023-08-28,Basic,736.63
8062,John Mendoza,john.mendoza@example.com,UK,2020-07-13,Basic,154.96
8063,Joseph Frazier,joseph.frazier@example.com,Germany,2022-04-23,Basic,311.38
8064,Jennifer Huber,jennifer.huber@shopmail.com,India,2020-10-21,Standard,3096.65
8065,Eileen Hudson,eileen.hudson@ecommerce.io,Canada,2020-05-28,Standard,2160.42
8066,Keith Carpenter,keith.carpenter@ecommerce.io,Germany,2023-06-14,Premium,46120.46
8067,Sylvia Brooks,sylvia.brooks@customer.net,UK,2020-11-29,Basic,905.56
8068,Jeffrey Smith,jeffrey.smith@example.com,Australia,2020-01-04,Standard,3045.80
8069,Travis Bennett,travis.bennett@example.com,USA,2022-02-22,Standard,3924.46
8070,Melanie Moore,melanie.moore@example.com,Australia,2023-09-13,Basic,811.34
8071,Mark Robinson,mark.robinson@customer.net,USA,2021-08-29,Premium,23847.76
8072,Cynthia Poole,cynthia.poole@example.com,Germany,2021-06-20,Premium,32561.74
8073,Charles Lewis,charles.lewis@example.com,India,2024-01-12,Standard,2518.94
8074,Noah Scott,noah.scott@ecommerce.io,Canada,2020-05-28,Basic,967.96
8075,Rachel White,rachel.white@customer.net,France,2023-01-19,Standard,2151.56
8076,Daniel Medina,daniel.medina@shopmail.com,India,2024-08-22,Basic,232.75
8077,Isaiah Brown,isaiah.brown@ecommerce.io,USA,2024-11-26,Premium,12996.50
8078,Jacob Valentine,jacob.valentine@shopmail.com,UK,2024-05-04,Standard,3099.33
8079,Jacqueline Hernandez,jacqueline.hernandez@ecommerce.io,Australia,2021-06-04,Premium,43121.20
8080,Kristina Parker,kristina.parker@example.com,India,2020-05-18,Premium,33900.76
8081,Melissa Jones,melissa.jones@customer.net,India,2020-12-17,Premium,32744.52
8082,Jo Johnson,jo.johnson@shopmail.com,UK,2023-09-16,Standard,3635.12
8083,Bill Jacobson,bill.jacobson@example.com,India,2022-05-21,Basic,490.35
8084,Robert Rhodes,robert.rhodes@ecommerce.io,UK,2021-03-31,Premium,34567.62
8085,Michael Smith,michael.smith@customer.net,India,2020-06-14,Basic,329.25
8086,Kathryn Weaver,kathryn.weaver@ecommerce.io,Canada,2021-06-07,Standard,3942.17
8087,Robin Dixon,robin.dixon@shopmail.com,Canada,2024-03-23,Premium,39129.66
8088,John Hernandez,john.hernandez@example.com,India,2024-05-22,Premium,13095.62
8089,Rebecca Davis,rebecca.davis@example.com,Canada,2024-05-29,Basic,688.22
8090,Philip Robinson,philip.robinson@ecommerce.io,UK,2020-08-14,Premium,43013.44
8091,Derek Pennington,derek.pennington@example.com,USA,2024-07-27,Basic,242.13
8092,Juan Gregory,juan.gregory@shopmail.com,Canada,2020-04-03,Standard,4404.15
8093,Susan Mclean,susan.mclean@customer.net,Australia,2021-04-11,Basic,988.17
8094,Stephen Webster,stephen.webster@example.com,UK,2024-12-22,Premium,32035.31
8095,Wendy Hawkins,wendy.hawkins@shopmail.com,India,2023-11-10,Standard,4001.61
8096,Tina Hayes,tina.hayes@shopmail.com,Germany,2021-05-28,Standard,3401.42
8097,Meredith Valencia,meredith.valencia@shopmail.com,France,2021-04-16,Basic,555.25
8098,Christopher Watkins,christopher.watkins@example.com,India,2023-10-22,Standard,4359.15
8099,Brittney Henderson,brittney.henderson@customer.net,Canada,2021-06-10,Standard,1841.95
8100,Gary Williams,gary.williams@ecommerce.io,UK,2024-09-22,Standard,3925.37
8101,Stephanie Allen,stephanie.allen@example.com,UK,2021-04-05,Basic,986.81
8102,Emily Khan,emily.khan@ecommerce.io,India,2020-07-15,Standard,2149.93
8103,Laura Dyer,laura.dyer@shopmail.com,India,2020-09-19,Standard,3363.13
8104,Donald Wood,donald.wood@ecommerce.io,India,2020-02-11,Premium,19971.50
8105,Abigail Jones,abigail.jones@ecommerce.io,Australia,2022-11-12,Premium,43472.34
8106,Steven Ford,steven.ford@ecommerce.io,France,2020-02-26,Standard,4345.07
8107,Angel Larson,angel.larson@shopmail.com,UK,2022-08-13,Premium,26970.20
8108,Aaron Wallace,aaron.wallace@example.com,Germany,2021-06-02,Premium,18002.31
8109,Christopher Cooper,christopher.cooper@shopmail.com,France,2020-08-07,Standard,3767.26
8110,Fernando Reeves,fernando.reeves@customer.net,Canada,2024-10-15,Standard,3857.03
8111,Andrea White,andrea.white@ecommerce.io,Canada,2022-03-18,Premium,28754.30
8112,Ryan Bernard,ryan.bernard@ecommerce.io,France,2022-03-22,Basic,396.60
8113,Corey Pope,corey.pope@shopmail.com,Germany,2021-08-24,Basic,802.66
8114,Jessica Jackson,jessica.jackson@customer.net,Germany,2020-01-11,Standard,2769.93
8115,Michael Lozano,michael.lozano@customer.net,Australia,2020-04-28,Standard,4069.95
8116,Kristi Boyd,kristi.boyd@customer.net,Canada,2020-07-31,Basic,233.18
8117,Renee Sharp,renee.sharp@example.com,UK,2022-06-12,Standard,3067.03
8118,Gina Cunningham,gina.cunningham@shopmail.com,Canada,2024-09-16,Standard,4430.35
8119,Ryan Mejia,ryan.mejia@ecommerce.io,USA,2021-09-18,Basic,294.35
8120,Wesley Lewis,wesley.lewis@ecommerce.io,USA,2022-04-03,Standard,1072.86
8121,Nathan Pierce,nathan.pierce@ecommerce.io,Germany,2022-06-22,Standard,2493.87
8122,Christopher Chapman,christopher.chapman@customer.net,Germany,2023-02-22,Standard,2158.68
8123,Lawrence Brady,lawrence.brady@example.com,UK,2023-09-26,Standard,3962.26
8124,Hannah Ruiz,hannah.ruiz@customer.net,Germany,2022-12-07,Standard,1277.99
8125,Jane Davis,jane.davis@ecommerce.io,India,2023-08-19,Standard,3213.90
8126,Angela Williams,angela.williams@shopmail.com,Germany,2022-02-28,Standard,4545.62
8127,Brent Riddle,brent.riddle@shopmail.com,India,2023-06-09,Premium,14909.61
8128,Matthew Young,matthew.young@ecommerce.io,UK,2023-05-12,Standard,2466.78
8129,Amanda Stokes,amanda.stokes@customer.net,USA,2022-12-04,Basic,688.12
8130,Cassandra Robinson,cassandra.robinson@shopmail.com,UK,2023-05-13,Basic,825.21
8131,Amy Bennett,amy.bennett@shopmail.com,Canada,2023-12-14,Basic,878.57
8132,Sherri Romero,sherri.romero@ecommerce.io,France,2024-07-16,Premium,32108.48
8133,Bonnie Nolan,bonnie.nolan@ecommerce.io,Germany,2021-11-04,Basic,345.10
8134,Linda Hill,linda.hill@customer.net,India,2022-08-06,Standard,1147.76
8135,Suzanne Collins,suzanne.collins@example.com,France,2022-05-04,Basic,512.94
8136,Brian Davis,brian.davis@ecommerce.io,Canada,2024-08-12,Premium,40633.55
8137,Willie Jackson,willie.jackson@ecommerce.io,France,2022-09-08,Basic,951.23
8138,Karen Martin,karen.martin@customer.net,USA,2024-05-16,Standard,4717.85
8139,Brian Arnold,brian.arnold@ecommerce.io,USA,2021-12-03,Standard,2880.57
8140,Christina Herrera,,France,2024-10-04,Basic,756.37
8141,Colleen Roberson,colleen.roberson@example.com,France,2024-11-07,Premium,38561.82
8142,Jeremy Bates,jeremy.bates@example.com,Australia,2023-10-13,Standard,2987.65
8143,Eric King,eric.king@customer.net,France,2023-08-01,Basic,350.12
8144,Joshua Freeman,joshua.freeman@customer.net,India,2024-01-01,Standard,4647.63
8145,Joshua Lewis,joshua.lewis@customer.net,Australia,2022-07-18,Basic,821.69
8146,David Curry,david.curry@customer.net,France,2023-04-19,Standard,1403.47
8147,Alicia Rodriguez,alicia.rodriguez@customer.net,UK,2021-04-19,Standard,2640.72
8148,Robert Ashley,robert.ashley@example.com,USA,2020-03-06,Standard,2054.76
8149,Michael Morrison,michael.morrison@customer.net,France,2024-01-02,Basic,477.62
8150,James Smith,james.smith@example.com,UK,2022-02-27,Basic,394.92
8151,David Burton,david.burton@shopmail.com,France,2024-08-30,Standard,1266.70
8152,Alexander Johnson,alexander.johnson@example.com,UK,2024-10-05,Basic,541.49
8153,Jared Williams,jared.williams@ecommerce.io,Australia,2020-12-03,Standard,2033.02
8154,Sharon Dominguez,sharon.dominguez@example.com,France,2024-12-05,Basic,463.90
8155,Jeffery Anderson,jeffery.anderson@ecommerce.io,USA,2024-01-12,Standard,3782.75
8156,Jennifer Jimenez,jennifer.jimenez@ecommerce.io,Canada,2021-01-30,Standard,2860.80
8157,Melissa Martinez,melissa.martinez@ecommerce.io,UK,2022-07-22,Standard,4596.81
8158,Nancy Sanchez,nancy.sanchez@ecommerce.io,Canada,2023-03-04,Standard,2614.24
8159,Jennifer Williams,jennifer.williams@customer.net,India,2020-09-09,Standard,2740.83
8160,Kimberly Anderson,kimberly.anderson@ecommerce.io,Canada,2023-01-26,Standard,3839.95
8161,Clayton Rogers,clayton.rogers@ecommerce.io,Australia,2021-09-17,Basic,102.04
8162,Brandon King,brandon.king@ecommerce.io,USA,2024-05-25,Premium,25005.32
8163,James Fleming,james.fleming@shopmail.com,UK,2024-05-04,Standard,4445.81
8164,Mallory Cooper,mallory.cooper@customer.net,Canada,2024-05-07,Premium,6815.76
8165,Laura Hall,laura.hall@customer.net,UK,2023-04-11,Basic,470.01
8166,Maria Bryant,maria.bryant@shopmail.com,Australia,2023-02-24,Basic,552.97
8167,Michael Leach,michael.leach@ecommerce.io,UK,2022-07-17,Basic,931.54
8168,Cody Medina,cody.medina@ecommerce.io,France,2023-12-27,Basic,536.88
8169,David Jones,david.jones@shopmail.com,India,2022-02-06,Basic,203.42
8170,Andrew Martin,andrew.martin@customer.net,Australia,2021-02-03,Basic,831.20
8171,Carmen Perry,carmen.perry@ecommerce.io,Canada,2022-07-01,Standard,3931.06
8172,Nicole Jennings,nicole.jennings@customer.net,India,2023-02-21,Standard,3808.99
8173,Julia Harrison,julia.harrison@shopmail.com,Australia,2022-09-18,Basic,918.81
8174,Nicholas Franklin,nicholas.franklin@ecommerce.io,UK,2023-04-17,Basic,770.37
8175,Michelle Moore,,India,2022-05-30,Premium,36194.09
8176,Kaitlyn Schmidt,kaitlyn.schmidt@example.com,France,2021-10-25,Standard,1780.16
8177,David Glover,david.glover@example.com,Germany,2021-08-15,Standard,4713.55
8178,Joseph Wilkinson,joseph.wilkinson@ecommerce.io,USA,2020-11-19,Basic,415.17
8179,Judy Nicholson,judy.nicholson@example.com,USA,2021-08-24,Basic,208.83
8180,Carl Hughes,carl.hughes@customer.net,Australia,2022-03-23,Basic,862.05
8181,Francis Bradley,francis.bradley@shopmail.com,Germany,2024-05-09,Standard,4998.64
8182,Laurie Harris,laurie.harris@shopmail.com,Germany,2023-03-24,Standard,4971.53
8183,David Tucker,david.tucker@customer.net,USA,2022-06-18,Basic,486.98
8184,Walter Richardson,walter.richardson@ecommerce.io,USA,2022-04-20,Basic,886.01
8185,Angela Richardson,angela.richardson@shopmail.com,Australia,2022-07-28,Basic,241.56
8186,Maureen Skinner,maureen.skinner@example.com,Australia,2021-08-25,Basic,289.59
8187,Rebecca Stevens,rebecca.stevens@example.com,Germany,2024-01-13,Standard,2628.81
8188,Karen Macdonald,karen.macdonald@shopmail.com,India,2024-12-15,Standard,2753.61
8189,Patrick Graves,patrick.graves@ecommerce.io,Canada,2021-05-19,Premium,47783.98
8190,Sarah Miller,sarah.miller@shopmail.com,France,2020-05-16,Standard,2274.27
8191,William Long,william.long@customer.net,Canada,2024-12-19,Standard,2929.97
8192,Michael Turner,michael.turner@example.com,India,2021-08-02,Standard,2535.80
8193,Justin Hines,justin.hines@shopmail.com,Australia,2020-04-01,Standard,3728.21
8194,Jonathan Douglas,jonathan.douglas@example.com,Germany,2023-11-21,Standard,4632.19
8195,Scott Reynolds,scott.reynolds@ecommerce.io,USA,2023-09-20,Standard,4252.57
8196,Tina Cohen,tina.cohen@example.com,UK,2021-06-11,Standard,1118.05
8197,Cassandra Lopez,cassandra.lopez@customer.net,UK,2020-07-10,Standard,4460.55
8198,Jeffrey Butler,jeffrey.butler@example.com,India,2024-07-24,Premium,37049.59
8199,Alan Holland,alan.holland@customer.net,Germany,2021-10-23,Standard,2145.95
8200,Nicholas Chavez,nicholas.chavez@shopmail.com,Australia,2023-07-24,Premium,13044.20
8201,David Jackson,david.jackson@example.com,Australia,2024-11-01,Premium,23534.31
8202,Dennis Macias,dennis.macias@shopmail.com,Canada,2021-04-03,Standard,3805.10
8203,David Phillips,david.phillips@customer.net,USA,2022-08-13,Basic,595.13
8204,Dylan Robinson,dylan.robinson@example.com,UK,2022-11-29,Premium,6441.00
8205,Robert Taylor,robert.taylor@shopmail.com,UK,2020-08-25,Standard,1894.31
8206,Maria Cooper,maria.cooper@customer.net,India,2023-02-16,Basic,781.49
8207,Diamond Dominguez,diamond.dominguez@customer.net,Canada,2021-12-31,Basic,399.02
8208,Joseph Hernandez,joseph.hernandez@customer.net,USA,2021-10-07,Standard,1476.57
8209,Erin Horn,erin.horn@ecommerce.io,Australia,2022-01-18,Standard,4927.11
8210,Daisy Friedman,daisy.friedman@shopmail.com,France,2022-02-03,Premium,6625.31
8211,Amanda Vasquez,amanda.vasquez@customer.net,India,2021-06-30,Standard,2157.18
8212,Valerie Clements,valerie.clements@shopmail.com,Canada,2023-10-11,Premium,31400.56
8213,Christine Singh,christine.singh@customer.net,Australia,2020-12-20,Basic,939.50
8214,Sarah Hernandez,sarah.hernandez@customer.net,France,2020-11-04,Standard,4497.02
8215,John Collins,john.collins@customer.net,USA,2020-03-12,Standard,2531.50
8216,Lori Miller,lori.miller@ecommerce.io,USA,2022-01-19,Premium,8932.66
8217,Carolyn Fleming,carolyn.fleming@customer.net,Australia,2022-01-13,Basic,168.00
8218,Joseph Harris,joseph.harris@customer.net,France,2021-05-27,Standard,3351.85
8219,Matthew Allen,matthew.allen@shopmail.com,Germany,2024-07-01,Standard,1791.54
8220,Dennis Sheppard,dennis.sheppard@ecommerce.io,India,2024-11-12,Basic,400.81
8221,Veronica Valentine,veronica.valentine@example.com,France,2022-10-05,Standard,2692.44
8222,Terri Lopez,terri.lopez@shopmail.com,Canada,2022-05-03,Premium,39348.24
8223,Michael Brown,michael.brown@customer.net,USA,2021-10-17,Standard,1594.79
8224,Amanda Walker,amanda.walker@customer.net,India,2021-11-17,Standard,1993.04
8225,Jose Harris,jose.harris@shopmail.com,India,2023-10-14,Basic,811.78
8226,Lisa Lamb,lisa.lamb@customer.net,USA,2024-02-27,Basic,708.86
8227,John Miller,john.miller@example.com,USA,2021-07-06,Premium,28761.15
5023,Mary Charles,mary.charles@customer.net,USA,2023-06-14,Premium,30126.65
8229,Allison Sullivan,allison.sullivan@ecommerce.io,UK,2022-07-05,Standard,4072.22
8230,Nathaniel Higgins,nathaniel.higgins@example.com,India,2020-10-05,Basic,904.82
8231,Mitchell Owens,mitchell.owens@customer.net,India,2023-05-16,Standard,1998.96
8232,Jessica Hendricks,jessica.hendricks@example.com,Canada,2022-11-20,Basic,587.66
8233,Anne Adams,anne.adams@example.com,Canada,2024-10-12,Standard,3617.54
8234,Mark Chavez,mark.chavez@example.com,France,2020-09-04,Basic,340.99
8235,Brenda Jacobson,brenda.jacobson@ecommerce.io,Australia,2024-09-14,Premium,6132.30
8236,Lauren Adams,lauren.adams@example.com,Australia,2024-01-18,Basic,903.87
8237,Kelsey Valenzuela,kelsey.valenzuela@shopmail.com,Canada,2023-08-06,Standard,3072.85
8238,Cynthia Arroyo,cynthia.arroyo@customer.net,India,2024-06-30,Basic,632.18
8239,Michael Allen,michael.allen@shopmail.com,USA,2024-05-12,Premium,15616.11
8240,Nathan Kennedy,nathan.kennedy@customer.net,Australia,2022-04-29,Premium,30577.80
8241,Meredith Long,meredith.long@shopmail.com,Australia,2020-06-02,Standard,1643.05
8242,Sarah Wheeler,sarah.wheeler@ecommerce.io,Germany,2022-07-06,Basic,846.51
8243,Wesley Rivers,wesley.rivers@shopmail.com,France,2020-08-23,Basic,234.13
8244,Bryce Clark,bryce.clark@ecommerce.io,France,2022-12-08,Standard,4455.80
8245,Juan Miller,juan.miller@shopmail.com,USA,2022-07-25,Standard,4272.99
8246,Matthew Wood,matthew.wood@ecommerce.io,France,2023-11-14,Standard,3897.52
8247,Amanda Odonnell,amanda.odonnell@shopmail.com,Germany,2020-01-10,Standard,4447.92
8248,Ashley Schaefer,ashley.schaefer@shopmail.com,UK,2020-06-10,Premium,37579.72
8249,Sharon Stark,sharon.stark@customer.net,Canada,2022-05-04,Standard,4874.47
8250,Kirk Miller,kirk.miller@example.com,India,2022-05-09,Standard,2562.97
8251,Matthew Hodges,matthew.hodges@example.com,UK,2020-02-16,Standard,2141.64
8252,Caitlin Morris,caitlin.morris@ecommerce.io,India,2020-04-27,Standard,2212.83
8253,Shelby Johnston,shelby.johnston@customer.net,Canada,2023-08-22,Basic,190.38
8254,Randy Richard,randy.richard@example.com,France,2022-02-28,Standard,1576.67
8255,Hunter Castaneda,hunter.castaneda@ecommerce.io,UK,2024-06-14,Basic,898.92
8256,John Chavez,john.chavez@shopmail.com,USA,2022-08-24,Basic,996.56
8257,Tina Taylor,tina.taylor@customer.net,Germany,2021-06-05,Basic,184.62
8258,Micheal Love,micheal.love@example.com,UK,2023-10-03,Premium,43988.32
8259,Vanessa Baker,vanessa.baker@ecommerce.io,Germany,2021-05-29,Standard,2282.38
8260,Paul Fitzpatrick,paul.fitzpatrick@example.com,Australia,2021-10-23,Standard,4420.96
8261,Justin Cuevas,justin.cuevas@shopmail.com,Canada,2024-12-16,Standard,4857.45
8262,Stephanie Curtis,stephanie.curtis@ecommerce.io,Canada,2023-07-21,Standard,4262.32
8263,Brandy Wright,brandy.wright@shopmail.com,Australia,2023-08-01,Standard,2895.30
8264,Phyllis Everett,phyllis.everett@example.com,France,2020-12-18,Standard,1060.71
8265,Lisa Turner,lisa.turner@ecommerce.io,Germany,2023-06-09,Standard,1784.58
8266,Levi Parker,levi.parker@customer.net,India,2020-10-17,Standard,4807.49
8267,Jennifer Brown,jennifer.brown@shopmail.com,UK,2021-05-06,Standard,2657.27
8268,Ashley Robinson,ashley.robinson@shopmail.com,Germany,2021-11-28,Standard,1922.78
8269,Kayla Perez,kayla.perez@shopmail.com,France,2024-02-23,Standard,3429.35
8270,Susan Becker,susan.becker@ecommerce.io,Canada,2023-07-24,Basic,991.11
8271,Andrew Ferguson,andrew.ferguson@example.com,UK,2024-05-23,Basic,935.48
8272,Gina Martinez,gina.martinez@shopmail.com,France,2020-02-06,Basic,179.14
8273,Shelby Short,shelby.short@example.com,Australia,2020-02-24,Standard,2681.98
8274,Samantha Thomas,samantha.thomas@ecommerce.io,India,2020-02-06,Standard,1534.08
8275,David Richardson,david.richardson@ecommerce.io,Canada,2022-07-20,Standard,1892.84
8276,Ana Davis,ana.davis@shopmail.com,Canada,2020-07-14,Standard,4975.92
8277,Sarah Campbell,sarah.campbell@ecommerce.io,Australia,2021-05-20,Basic,659.16
8278,Eric Cox,eric.cox@shopmail.com,UK,2021-05-03,Premium,38118.02
8279,Tara Ramirez,tara.ramirez@customer.net,India,2023-09-19,Premium,38678.66
8280,Paula Hamilton,paula.hamilton@example.com,Germany,2022-05-14,Basic,675.76
8281,Rebecca Salinas,rebecca.salinas@ecommerce.io,Germany,2022-09-14,Basic,681.31
8282,Jordan Richard,jordan.richard@example.com,Australia,2020-07-18,Premium,8576.29
8283,Debra Shelton,debra.shelton@ecommerce.io,USA,2023-02-03,Basic,307.42
8284,Brandon Crawford,brandon.crawford@customer.net,India,2023-02-16,Standard,1693.67
8285,Dawn Martin,dawn.martin@example.com,Australia,2023-01-23,Premium,25113.45
8286,Deborah Cabrera,deborah.cabrera@ecommerce.io,Australia,2021-03-30,Basic,269.55
8287,Anthony Rice,anthony.rice@ecommerce.io,UK,2020-09-29,Basic,392.05
8288,Laura Hutchinson,laura.hutchinson@shopmail.com,UK,2021-06-24,Standard,1512.59
8289,Lori Walker,lori.walker@customer.net,Germany,2022-07-12,Basic,792.97
8290,Sean Chavez,sean.chavez@ecommerce.io,Canada,2022-07-02,Standard,3697.81
8291,Barbara Ross,barbara.ross@example.com,Australia,2024-07-05,Premium,28452.46
8292,Mario Lopez,mario.lopez@shopmail.com,USA,2020-07-23,Basic,942.12
8293,Taylor Rodriguez,taylor.rodriguez@ecommerce.io,Germany,2020-03-12,Standard,1909.10
8294,Rhonda Brewer,rhonda.brewer@shopmail.com,France,2024-08-20,Standard,2584.94
8295,Brandon Hines,brandon.hines@customer.net,France,2024-08-31,Basic,554.95
8296,Isabella Ochoa,isabella.ochoa@example.com,India,2024-03-12,Standard,4183.29
8297,Lisa Randolph,lisa.randolph@ecommerce.io,Australia,2023-07-05,Standard,3767.78
8298,Bryan Pennington,bryan.pennington@shopmail.com,Canada,2023-09-20,Standard,3011.87
8299,Michael Banks,michael.banks@customer.net,India,2022-08-30,Standard,1223.91
8300,Dominique Williams,dominique.williams@shopmail.com,Australia,2023-04-22,Standard,1710.63
8301,Anthony Hernandez,anthony.hernandez@shopmail.com,Australia,2023-08-01,Standard,1218.28
8302,Melissa Thompson,melissa.thompson@ecommerce.io,Canada,2022-04-14,Basic,173.09
8303,David Parker,david.parker@customer.net,France,2021-08-16,Standard,2646.04
8304,Luis Bates,luis.bates@customer.net,France,2023-09-22,Basic,813.80
8305,Sierra Wilson,sierra.wilson@customer.net,UK,2024-01-09,Standard,2657.06
8306,Anthony Turner,anthony.turner@shopmail.com,India,2023-03-21,Basic,393.01
8307,Tammy Schwartz,tammy.schwartz@ecommerce.io,India,2023-04-14,Basic,221.56
8308,David Sellers,david.sellers@example.com,Australia,2023-02-21,Basic,401.78
8309,Kathryn Rice,kathryn.rice@shopmail.com,Australia,2021-11-11,Standard,4844.93
8310,Courtney Miller,courtney.miller@ecommerce.io,Germany,2021-03-13,Premium,27244.82
8311,Victoria Kerr,victoria.kerr@shopmail.com,Germany,2023-10-13,Standard,1786.81
8312,James Gonzalez,james.gonzalez@customer.net,India,2021-12-24,Basic,362.85
8313,Cindy Bell,cindy.bell@customer.net,Australia,2022-08-09,Basic,613.17
8314,Eric Rowe,eric.rowe@shopmail.com,India,2024-11-06,Basic,814.87
8315,Gregory Le,gregory.le@example.com,USA,2024-06-03,Premium,6357.12
8316,Carolyn Lopez,carolyn.lopez@shopmail.com,France,2024-07-31,Basic,467.02
8317,Jessica Chase,jessica.chase@example.com,Germany,2021-01-08,Standard,2278.95
8318,Kristen Cooper,kristen.cooper@ecommerce.io,France,2021-11-27,Standard,1430.72
8319,Jennifer Burch,jennifer.burch@example.com,France,2023-12-03,Basic,457.78
8320,Michael Barry,michael.barry@example.com,Australia,2022-11-13,Premium,5356.52
8321,Donna Lewis,donna.lewis@ecommerce.io,France,2023-11-23,Basic,535.37
8322,Jimmy Jackson,jimmy.jackson@shopmail.com,Australia,2020-12-23,Premium,26769.69
8323,Danielle Townsend,danielle.townsend@ecommerce.io,Australia,2023-11-18,Standard,3356.46
8324,Scott Lyons,scott.lyons@ecommerce.io,Australia,2023-09-12,Standard,1514.03
8325,James Boyd,james.boyd@shopmail.com,India,2020-04-01,Standard,4799.40
8326,Cathy Smith,cathy.smith@customer.net,USA,2023-04-15,Standard,2858.99
8327,Michael Wells,michael.wells@example.com,UK,2023-08-29,Basic,295.43
8328,Heather Kline,heather.kline@shopmail.com,India,2021-04-26,Basic,394.79
8329,Marie Casey,marie.casey@customer.net,Canada,2023-10-15,Basic,502.75
8330,Jeremiah Perez,jeremiah.perez@customer.net,UK,2021-05-28,Standard,4612.80
8331,Ronald Hunter,ronald.hunter@shopmail.com,Germany,2024-06-24,Basic,849.68
8332,Teresa Harrison,teresa.harrison@customer.net,Canada,2020-04-08,Standard,1827.27
8333,Christopher Williams,christopher.williams@ecommerce.io,Australia,2023-08-18,Premium,31563.00
8334,Theresa Williams,theresa.williams@ecommerce.io,USA,2022-08-21,Standard,4649.85
8335,Jacob Lawson,jacob.lawson@shopmail.com,India,2022-11-10,Premium,6343.07
8336,Kristin Martinez,kristin.martinez@example.com,Australia,2023-03-26,Basic,636.70
8337,William Moore,william.moore@ecommerce.io,Germany,2022-03-15,Standard,4549.56
8338,Melissa James,melissa.james@customer.net,India,2023-10-01,Basic,345.65
8339,Corey Henry,corey.henry@example.com,Germany,2020-09-02,Premium,38781.44
8340,Eric Garcia,eric.garcia@shopmail.com,Canada,2022-03-09,Premium,24043.79
8341,Deanna Farley,deanna.farley@shopmail.com,India,2024-02-14,Standard,1201.67
8342,Tina Walker,tina.walker@shopmail.com,Germany,2024-10-01,Premium,46271.92
8343,Sydney Byrd,sydney.byrd@shopmail.com,Canada,2021-10-29,Standard,3128.08
8344,Crystal White,crystal.white@customer.net,Germany,2021-02-27,Basic,388.16
8345,Christopher Trevino,christopher.trevino@example.com,Australia,2020-04-23,Premium,34753.39
8346,Elizabeth Wilkinson,elizabeth.wilkinson@shopmail.com,Australia,2023-05-04,Premium,18389.07
8347,Ryan Zimmerman,ryan.zimmerman@customer.net,Canada,2024-01-26,Standard,2660.80
8348,Jose Villarreal,jose.villarreal@example.com,UK,2023-10-24,Standard,2515.51
8349,Kimberly Mendoza,kimberly.mendoza@shopmail.com,Australia,2022-04-09,Standard,3680.72
8350,Mark Molina,mark.molina@customer.net,UK,2024-10-28,Standard,4848.28
8351,David Clark,david.clark@customer.net,Australia,2021-09-02,Standard,2022.67
8352,Tara Robinson,tara.robinson@example.com,France,2021-10-14,Standard,1254.53
8353,Hannah Hernandez,hannah.hernandez@ecommerce.io,Germany,2024-12-25,Standard,4968.51
8354,Stephanie Gillespie,stephanie.gillespie@example.com,USA,2023-08-28,Standard,2575.46
8355,William Walters,william.walters@example.com,India,2020-04-20,Standard,2434.81
8356,Karen Carter,karen.carter@ecommerce.io,USA,2022-07-01,Premium,27968.79
8357,Wendy Reed,wendy.reed@example.com,India,2021-09-07,Basic,855.35
8358,Veronica Hodge,veronica.hodge@example.com,UK,2024-02-26,Standard,3616.14
8359,Ashlee Love,ashlee.love@shopmail.com,India,2023-11-09,Basic,756.52
8360,Elizabeth Jennings,elizabeth.jennings@shopmail.com,France,2022-05-01,Basic,428.40
8361,Michelle White,michelle.white@shopmail.com,India,2024-06-30,Premium,31806.37
8362,Susan Sullivan,susan.sullivan@customer.net,Germany,2022-08-01,Standard,2875.25
8363,Nicholas Nicholson,nicholas.nicholson@ecommerce.io,Canada,2022-11-24,Premium,31672.60
8364,Christine Kaiser,christine.kaiser@example.com,Germany,2020-07-01,Basic,987.12
8365,Jason Douglas,jason.douglas@customer.net,France,2024-04-16,Standard,3405.29
8366,Rachel Allen,rachel.allen@ecommerce.io,Australia,2023-01-29,Premium,13238.63
8367,Penny Tyler,penny.tyler@customer.net,USA,2020-04-11,Basic,691.17
8368,Timothy Lindsey,timothy.lindsey@shopmail.com,India,2023-11-25,Standard,4301.50
8369,Carl Holland,carl.holland@shopmail.com,Germany,2022-11-09,Standard,3287.71
8370,Amanda Nelson,amanda.nelson@ecommerce.io,Germany,2020-02-10,Standard,1626.42
8371,Gabriela Vasquez,gabriela.vasquez@ecommerce.io,USA,2022-01-06,Standard,2998.89
8372,Dan Young,dan.young@shopmail.com,Australia,2023-05-29,Premium,49587.16
8373,Todd Stewart,todd.stewart@shopmail.com,Australia,2023-07-04,Standard,3584.59
8374,Melissa Dodson,melissa.dodson@ecommerce.io,India,2022-04-27,Premium,38879.97
8375,Kelsey Delgado,kelsey.delgado@ecommerce.io,Canada,2023-02-16,Standard,3400.14
8376,Mario Smith,mario.smith@ecommerce.io,Canada,2024-12-13,Premium,10834.07
8377,Donna Robinson,donna.robinson@customer.net,Australia,2020-02-22,Standard,4478.51
8378,Paul Morales,paul.morales@shopmail.com,USA,2024-05-24,Basic,700.21
8379,Brian Mueller,brian.mueller@shopmail.com,France,2021-04-01,Basic,817.64
8380,Elizabeth Perez,elizabeth.perez@shopmail.com,France,2024-10-14,Standard,2755.31
8381,Maria Wells,maria.wells@example.com,Canada,2024-01-27,Standard,4575.09
8382,Michael Brown,michael.brown@customer.net,Canada,2022-09-19,Standard,4772.88
8383,Jessica Gibbs,jessica.gibbs@ecommerce.io,India,2024-02-19,Standard,2995.35
8384,Brandon Flores,brandon.flores@ecommerce.io,Canada,2020-03-10,Standard,2819.41
8385,Ashley Lloyd,ashley.lloyd@shopmail.com,USA,2024-04-01,Premium,5441.35
8386,Sharon Keller,sharon.keller@ecommerce.io,Australia,2023-11-02,Basic,144.35
8387,Micheal Patterson,micheal.patterson@customer.net,Canada,2022-04-05,Standard,3960.14
8388,Jennifer Jones,jennifer.jones@ecommerce.io,India,2020-02-22,Basic,772.46
8389,Ashlee Hull,ashlee.hull@example.com,Australia,2020-01-25,Standard,2280.24
8390,Matthew Patterson,matthew.patterson@example.com,France,2023-08-07,Premium,30022.65
8391,Andre Mahoney,andre.mahoney@customer.net,Germany,2023-05-02,Standard,2967.29
8392,Christopher Le,christopher.le@ecommerce.io,Germany,2022-06-10,Basic,171.44
8393,Brittany Lewis,brittany.lewis@customer.net,Germany,2021-02-01,Standard,4320.30
8394,Manuel Payne,manuel.payne@ecommerce.io,Germany,2024-04-11,Basic,397.44
8395,Michael Lopez,michael.lopez@shopmail.com,Canada,2024-07-31,Basic,499.79
8396,Thomas Smith,thomas.smith@customer.net,UK,2021-02-10,Standard,4810.69
8397,Derrick King,derrick.king@shopmail.com,UK,2024-06-12,Standard,4461.24
8398,Ryan Moore,ryan.moore@shopmail.com,France,2020-08-22,Standard,3464.53
8399,Alexis Dean,alexis.dean@example.com,UK,2021-03-23,Premium,26821.55
8400,Denise Davis,denise.davis@customer.net,UK,2021-08-13,Standard,4947.77
8401,Jessica Davis,jessica.davis@shopmail.com,USA,2023-05-14,Premium,18040.66
8402,Kyle Everett,kyle.everett@example.com,Canada,2022-08-27,Standard,1522.26
8403,Ashley Walton,ashley.walton@customer.net,India,2023-08-06,Standard,3254.69
8404,Russell Potts,russell.potts@example.com,Canada,2021-12-28,Premium,47726.39
8405,Richard Patel,richard.patel@shopmail.com,Germany,2022-02-12,Standard,1064.30
8406,Deborah Sullivan,deborah.sullivan@ecommerce.io,France,2020-08-23,Standard,3425.99
8407,Ashley Mills,ashley.mills@ecommerce.io,Germany,2024-01-15,Premium,15433.06
8408,Jason Martin,jason.martin@shopmail.com,France,2022-06-22,Standard,3582.18
8409,Tracy Webb,tracy.webb@customer.net,India,2021-09-05,Standard,3023.86
8410,Christopher Guzman,christopher.guzman@ecommerce.io,Australia,2024-11-21,Standard,2448.83
8411,Kaylee Anderson,kaylee.anderson@example.com,India,2023-07-17,Premium,32543.33
8412,Denise Leonard,denise.leonard@ecommerce.io,Canada,2024-06-11,Standard,3891.09
8413,Anthony Haley,anthony.haley@example.com,Germany,2021-05-12,Basic,859.83
8414,Heather Maynard,heather.maynard@ecommerce.io,Germany,2021-05-28,Standard,2909.89
8415,Amanda Alvarez,amanda.alvarez@shopmail.com,Germany,2023-08-04,Standard,1631.24
8416,Amy Gomez,amy.gomez@ecommerce.io,France,2022-07-21,Premium,24996.90
8417,Mary Boyle,mary.boyle@example.com,India,2024-10-21,Standard,4669.82
8418,Shelia Cohen,shelia.cohen@customer.net,Canada,2022-02-03,Premium,27174.93
8419,Rachel Wolfe,rachel.wolfe@shopmail.com,UK,2024-02-05,Basic,268.66
8420,Kyle Wilson,kyle.wilson@example.com,USA,2021-10-24,Standard,3356.78
8421,Christopher Carrillo,christopher.carrillo@ecommerce.io,Australia,2020-08-20,Standard,2752.60
8422,Mark Lopez,mark.lopez@ecommerce.io,Canada,2020-03-07,Standard,2290.08
8423,Stephanie Powers,stephanie.powers@shopmail.com,Canada,2021-09-12,Standard,4702.23
8424,Kristen Walsh,kristen.walsh@shopmail.com,India,2023-09-08,Standard,3957.54
8425,Hunter Martinez,hunter.martinez@shopmail.com,UK,2023-06-03,Standard,1937.17
8426,Brandon Martinez,brandon.martinez@example.com,India,2024-04-11,Basic,465.78
8427,Chad Wilkinson,chad.wilkinson@ecommerce.io,India,2021-02-02,Standard,4507.13
8428,Kim Tucker,kim.tucker@customer.net,Canada,2024-08-08,Standard,3341.27
8429,Nicholas Kaiser,nicholas.kaiser@customer.net,India,2020-11-16,Standard,3015.08
8430,Anna Bryant,anna.bryant@example.com,France,2022-04-06,Basic,924.60
8431,Sandra Castillo,sandra.castillo@customer.net,India,2023-07-12,Standard,2300.87
8432,Jennifer Smith,jennifer.smith@shopmail.com,India,2023-12-07,Standard,4147.08
8433,Robert Hoffman,robert.hoffman@customer.net,India,2022-05-20,Basic,322.80
8434,Randall Parker,randall.parker@customer.net,Germany,2021-03-25,Standard,3324.18
8435,Elizabeth Graham,elizabeth.graham@shopmail.com,India,2022-06-14,Basic,860.99
8436,Richard Armstrong,richard.armstrong@customer.net,Australia,2023-03-12,Standard,4983.07
8437,Brittany Mclean,brittany.mclean@ecommerce.io,Canada,2020-01-23,Standard,4163.85
8438,Nicole Davis,nicole.davis@ecommerce.io,Canada,2022-01-15,Basic,695.58
8439,Lisa Cruz,lisa.cruz@shopmail.com,France,2022-03-29,Standard,1628.31
8440,Michael Vazquez,michael.vazquez@example.com,Australia,2020-06-16,Standard,1068.87
8441,Arthur Hodge,arthur.hodge@shopmail.com,Australia,2021-01-07,Standard,3758.94
8442,Antonio Russell,antonio.russell@ecommerce.io,UK,2022-07-07,Premium,28255.72
8443,Michael Hale,michael.hale@customer.net,UK,2020-02-02,Standard,2330.27
8444,Thomas Johnson,thomas.johnson@example.com,Australia,2021-12-20,Standard,2701.42
8445,Jocelyn Proctor,jocelyn.proctor@customer.net,Germany,2021-10-16,Premium,14148.35
8446,Annette Jensen,annette.jensen@customer.net,UK,2021-07-23,Standard,4206.19
8447,Sydney Alexander,sydney.alexander@example.com,Australia,2024-12-05,Standard,3361.24
8448,Daniel Reid,daniel.reid@customer.net,Australia,2020-03-11,Basic,984.00
8449,Debra Taylor,debra.taylor@ecommerce.io,USA,2022-10-10,Standard,2317.32
8450,Heather Walker,heather.walker@shopmail.com,Australia,2023-02-01,Standard,4225.66
8451,Jamie Neal,jamie.neal@customer.net,Canada,2023-06-20,Standard,3506.62
8452,Brittney Ball,brittney.ball@shopmail.com,India,2023-06-22,Premium,47550.04
8453,Harry Bailey,harry.bailey@customer.net,Australia,2023-11-30,Premium,48818.55
8454,Evan Martin,evan.martin@shopmail.com,India,2020-04-03,Standard,2634.98
8455,Robert Clark,robert.clark@shopmail.com,USA,2024-05-15,Standard,1513.97
8456,Kevin Archer,kevin.archer@customer.net,France,2021-05-11,Premium,29875.58
8457,Melissa Mendez,melissa.mendez@shopmail.com,Germany,2024-11-06,Basic,949.91
8458,Sabrina Oliver,sabrina.oliver@shopmail.com,Germany,2023-03-11,Basic,889.68
8459,Anita Hudson,anita.hudson@shopmail.com,USA,2021-08-14,Standard,4914.10
8460,Matthew Long,matthew.long@shopmail.com,Canada,2020-06-21,Basic,300.43
8461,Sandra Gutierrez,sandra.gutierrez@shopmail.com,USA,2024-11-18,Premium,44886.43
8462,Ryan Evans,ryan.evans@example.com,India,2022-12-19,Standard,2487.92
8463,Mark Green,mark.green@customer.net,France,2021-06-18,Standard,3733.87
8464,Rachel Mclean,rachel.mclean@customer.net,India,2024-04-11,Standard,3063.56
8465,Julie Parker,julie.parker@customer.net,UK,2021-02-11,Premium,29107.86
8466,Jonathan Jones,jonathan.jones@customer.net,USA,2022-03-28,Standard,2899.21
8467,Peggy Salazar,peggy.salazar@ecommerce.io,France,2021-12-29,Standard,2795.61
8468,Randall Reilly,randall.reilly@ecommerce.io,Canada,2020-07-24,Standard,4243.54
8469,Brianna Mullins,brianna.mullins@customer.net,Germany,2023-09-11,Standard,1523.35
8470,John Thornton,john.thornton@ecommerce.io,USA,2021-01-01,Basic,395.39
8471,Mia Hill,mia.hill@example.com,USA,2023-07-10,Basic,586.52
8472,Shannon Perez,shannon.perez@ecommerce.io,France,2022-07-05,Standard,1604.99
8473,Nicole Wiley,nicole.wiley@ecommerce.io,India,2022-01-06,Standard,4136.75
8474,Joseph Fox,joseph.fox@example.com,France,2020-02-13,Standard,1611.66
8475,Erica Sandoval,erica.sandoval@example.com,India,2021-08-09,Basic,177.08
8476,Anna Thomas,anna.thomas@customer.net,Australia,2024-04-11,Premium,18633.88
8477,Brandon Murphy,brandon.murphy@customer.net,Germany,2020-01-29,Standard,3091.99
8478,Robert Jacobs,robert.jacobs@example.com,USA,2021-12-04,Premium,33584.54
8479,Thomas Mcconnell,thomas.mcconnell@customer.net,USA,2021-04-18,Standard,3591.61
8480,Vanessa Caldwell,vanessa.caldwell@ecommerce.io,Germany,2023-09-20,Premium,34448.22
8481,Amanda Townsend,amanda.townsend@example.com,India,2024-08-25,Premium,19035.02
8482,Alexandra Hodge,alexandra.hodge@example.com,Australia,2023-02-08,Standard,3348.64
8483,Joseph Wright,joseph.wright@customer.net,USA,2022-04-11,Premium,44336.32
8484,Dale Smith,dale.smith@example.com,Australia,2022-02-26,Standard,2240.68
8485,Patricia Duncan,patricia.duncan@shopmail.com,Canada,2022-06-14,Basic,684.21
8486,David Vazquez,david.vazquez@example.com,Australia,2021-04-06,Basic,809.66
8487,Darius Mendoza,darius.mendoza@shopmail.com,Germany,2021-08-22,Standard,2948.95
8488,Bradley Murphy,bradley.murphy@ecommerce.io,Canada,2021-10-28,Basic,794.09
8489,Rachel Stone,rachel.stone@example.com,Germany,2020-03-19,Basic,571.58
8490,James Mccoy,james.mccoy@ecommerce.io,USA,2024-05-21,Standard,4052.71
8491,Kristen Wood,kristen.wood@shopmail.com,Canada,2021-07-11,Standard,3587.62
8492,Thomas Richards,thomas.richards@customer.net,Germany,2023-12-09,Basic,323.01
8493,Michele Martinez,michele.martinez@example.com,Australia,2020-03-12,Standard,2039.40
8494,John Williams,john.williams@example.com,Canada,2023-12-07,Standard,4891.58
8495,Joshua Reynolds,joshua.reynolds@customer.net,Germany,2023-07-18,Basic,249.15
8496,Kevin Hickman,kevin.hickman@ecommerce.io,USA,2023-11-08,Standard,3301.41
8497,Eddie Carr,eddie.carr@customer.net,USA,2023-03-02,Premium,31079.73
8498,Ashley Morrow,ashley.morrow@shopmail.com,USA,2022-10-16,Basic,842.17
8499,Donald Mclaughlin,donald.mclaughlin@example.com,Germany,2022-04-12,Basic,963.32
8500,Michael Taylor,michael.taylor@example.com,UK,2020-02-06,Basic,306.84
8501,Danny Gross,danny.gross@ecommerce.io,Germany,2023-05-19,Standard,1434.33
8502,Steven Garrison,steven.garrison@example.com,Canada,2020-04-21,Premium,9551.66
8503,Michelle Rice,michelle.rice@ecommerce.io,Germany,2022-02-27,Standard,4981.31
8504,Brooke Lee,brooke.lee@shopmail.com,USA,2020-11-13,Standard,4464.32
8505,Brandi Burton,brandi.burton@example.com,UK,2022-06-22,Standard,2609.74
8506,Mary Maynard,mary.maynard@customer.net,UK,2024-04-26,Standard,4467.72
8507,Angela Jordan,angela.jordan@ecommerce.io,Germany,2024-06-09,Basic,771.05
8508,Linda Livingston,linda.livingston@ecommerce.io,Germany,2021-07-27,Standard,2455.44
8509,Chelsea Blackburn,chelsea.blackburn@customer.net,USA,2022-08-12,Standard,4614.97
8510,Jose Ward,jose.ward@example.com,India,2021-11-20,Standard,4096.03
8511,Kenneth Green,kenneth.green@customer.net,USA,2021-07-22,Premium,12762.03
8512,Mark Hughes,mark.hughes@example.com,Canada,2024-09-04,Basic,917.41
8513,Christopher Walker,christopher.walker@example.com,Germany,2021-11-12,Standard,1147.57
8514,Amber Watson,amber.watson@example.com,Canada,2021-01-14,Standard,2720.56
8515,Nicole Phillips,nicole.phillips@ecommerce.io,Australia,2023-09-12,Standard,3000.90
8516,Isaiah Poole,isaiah.poole@customer.net,Australia,2023-05-05,Standard,2143.23
8517,Eric Lambert,eric.lambert@ecommerce.io,USA,2023-09-13,Basic,705.85
8518,Derek Hodge,derek.hodge@example.com,India,2021-03-24,Standard,4728.11
8519,James Ellis,james.ellis@example.com,Canada,2023-05-03,Basic,555.38
8520,Isaac Russell,isaac.russell@shopmail.com,USA,2023-05-19,Basic,270.42
8521,Diana Smith,diana.smith@shopmail.com,Germany,2021-05-19,Standard,3376.92
8522,Jesse Hayes,jesse.hayes@shopmail.com,Canada,2020-12-21,Basic,835.08
8523,Bethany Gordon,bethany.gordon@example.com,Australia,2024-06-29,Standard,2943.37
8524,Heather Owen,heather.owen@example.com,Canada,2022-06-13,Standard,2046.12
8525,Randy Underwood,randy.underwood@ecommerce.io,USA,2024-06-19,Basic,253.32
8526,Marie Johnson,marie.johnson@shopmail.com,Canada,2021-01-26,Standard,2129.66
8527,Lacey Hinton,lacey.hinton@ecommerce.io,Germany,2020-06-25,Standard,3227.95
8528,Debra Page,debra.page@customer.net,Australia,2020-11-08,Premium,42400.48
8529,Penny Carroll,penny.carroll@ecommerce.io,USA,2024-11-02,Standard,3751.72
8530,Juan Mullins,juan.mullins@example.com,France,2023-09-28,Standard,2406.29
8531,Susan Hernandez,susan.hernandez@ecommerce.io,India,2020-10-16,Basic,879.64
8532,Linda Davis,linda.davis@ecommerce.io,Germany,2023-01-13,Standard,3013.27
8533,Elaine Freeman,elaine.freeman@ecommerce.io,Australia,2024-11-30,Premium,28651.62
8534,Pamela Brown,pamela.brown@example.com,Germany,2020-11-16,Premium,26186.59
8535,Joseph Chaney,joseph.chaney@shopmail.com,UK,2021-09-20,Premium,6467.86
8536,Kevin Skinner,kevin.skinner@shopmail.com,Germany,2022-12-20,Standard,4745.19
8537,Brian Perez,brian.perez@shopmail.com,UK,2022-04-12,Basic,522.88
8538,Laura Davenport,laura.davenport@shopmail.com,UK,2024-12-03,Standard,2637.71
8539,Stacey Martin,stacey.martin@customer.net,Germany,2021-08-19,Standard,2737.67
8540,Lisa Lynch,lisa.lynch@example.com,France,2023-07-23,Standard,4378.09
8541,Juan Myers,juan.myers@customer.net,Australia,2023-12-17,Basic,512.02
8542,Howard Walton,howard.walton@shopmail.com,France,2021-08-15,Standard,2073.95
8543,Jessica Molina,jessica.molina@example.com,UK,2022-05-04,Standard,2955.94
8544,Katherine Gonzalez,katherine.gonzalez@customer.net,UK,2024-11-09,Standard,4317.01
8545,Dennis Mcknight,dennis.mcknight@customer.net,Germany,2022-10-30,Basic,334.57
8546,Cindy Hall,cindy.hall@example.com,Australia,2021-11-07,Basic,306.92
8547,Derek Taylor,derek.taylor@customer.net,Australia,2022-10-23,Standard,1836.95
8548,Richard Frey,richard.frey@shopmail.com,USA,2022-03-23,Premium,10554.91
8549,Jason Rich,jason.rich@shopmail.com,India,2020-08-07,Basic,535.30
8550,Jerry Robinson,jerry.robinson@ecommerce.io,UK,2021-09-11,Standard,1164.92
8551,Jon Mcdonald,jon.mcdonald@shopmail.com,UK,2021-02-12,Standard,1407.24
8552,Carlos Schwartz,carlos.schwartz@example.com,France,2020-02-02,Standard,1421.60
8553,Ellen Patterson,ellen.patterson@example.com,UK,2021-05-26,Standard,2693.50
8554,Stephen Cantu,stephen.cantu@example.com,India,2023-05-07,Standard,1888.33
8555,Alex Chase,alex.chase@ecommerce.io,UK,2020-05-27,Standard,1441.39
8556,Douglas Mendoza,douglas.mendoza@shopmail.com,France,2022-09-18,Standard,3176.71
8557,Chelsea Potter,chelsea.potter@customer.net,UK,2021-06-16,Premium,41410.38
8558,Leslie Roach,leslie.roach@example.com,USA,2023-10-11,Basic,439.82
8559,Brian Ramirez,brian.ramirez@customer.net,India,2021-01-10,Standard,1942.72
8560,Mitchell Brown,mitchell.brown@example.com,Canada,2022-03-24,Standard,1151.49
8561,Shelly Thompson,shelly.thompson@shopmail.com,India,2020-10-20,Premium,18992.27
8562,Jerry Perkins,jerry.perkins@shopmail.com,UK,2021-11-20,Basic,194.29
8563,Kayla Cabrera,kayla.cabrera@shopmail.com,India,2022-05-22,Basic,965.50
8564,George Johnson,george.johnson@shopmail.com,Canada,2020-03-29,Premium,47996.07
8565,Joseph Hardin,joseph.hardin@example.com,France,2021-08-15,Premium,6492.46
8566,Laura Williams,laura.williams@customer.net,India,2023-06-10,Standard,4560.03
8567,Amber Ellis,amber.ellis@example.com,Germany,2020-10-05,Standard,3836.39
8568,Stacey Marsh,stacey.marsh@example.com,USA,2023-03-01,Basic,998.95
8569,Lisa Robles,lisa.robles@ecommerce.io,UK,2024-11-11,Standard,4824.06
8570,Samantha Smith,samantha.smith@customer.net,Canada,2020-04-11,Standard,4922.48
8571,Shawn Martin,shawn.martin@example.com,India,2022-03-12,Standard,3228.61
8572,Frank Robles,frank.robles@shopmail.com,USA,2021-08-18,Basic,137.77
8573,Kelly Ibarra,kelly.ibarra@customer.net,UK,2020-04-20,Basic,572.91
8574,Brian Olsen,brian.olsen@example.com,Canada,2024-03-25,Basic,277.91
8575,Jennifer Hendricks,jennifer.hendricks@example.com,France,2020-11-13,Premium,6177.48
8576,Jonathon Ware,jonathon.ware@customer.net,UK,2022-03-25,Premium,40824.11
8577,Steven Parsons,steven.parsons@shopmail.com,Australia,2021-08-05,Standard,2969.75
8578,Craig Lowery,craig.lowery@ecommerce.io,Australia,2022-07-08,Standard,3494.81
8579,Dawn Vazquez,dawn.vazquez@shopmail.com,USA,2021-04-18,Basic,251.41
8580,Manuel Green,manuel.green@example.com,Canada,2020-12-22,Standard,1610.70
8581,Daniel Buchanan,daniel.buchanan@shopmail.com,UK,2020-10-03,Basic,617.41
8582,Caroline Atkins,caroline.atkins@shopmail.com,India,2021-11-02,Standard,2023.69
8583,Sara Williams,sara.williams@shopmail.com,France,2023-11-01,Premium,47782.63
8584,Michael Weaver,michael.weaver@customer.net,India,2024-12-14,Basic,431.05
8585,Amanda Knapp,amanda.knapp@example.com,France,2023-01-04,Standard,2607.27
8586,Eric Byrd,eric.byrd@ecommerce.io,Germany,2023-01-23,Standard,1208.45
8587,Cristina Morgan,cristina.morgan@shopmail.com,Australia,2021-07-06,Standard,4014.08
8588,Monica Brown,monica.brown@customer.net,France,2024-09-07,Standard,3092.96
8589,Eric George,eric.george@ecommerce.io,Canada,2023-07-31,Standard,3598.27
8590,Leah Richards,leah.richards@ecommerce.io,India,2021-11-19,Standard,3176.62
8591,Hailey Cruz,hailey.cruz@ecommerce.io,USA,2020-01-28,Standard,4498.01
8592,Katherine Campbell,katherine.campbell@customer.net,USA,2023-06-17,Standard,3324.23
8593,Jonathan Hunter,jonathan.hunter@example.com,Germany,2024-06-04,Basic,230.33
8594,Jodi Valentine,jodi.valentine@example.com,India,2021-04-09,Standard,4063.54
8595,Todd Burton,todd.burton@example.com,Canada,2021-01-30,Basic,288.53
8596,Shannon Hammond,shannon.hammond@ecommerce.io,Australia,2022-05-11,Premium,31130.89
8597,Charles Lopez,charles.lopez@example.com,USA,2020-06-19,Standard,2249.53
8598,David Miller,david.miller@shopmail.com,UK,2021-10-31,Premium,13351.67
8599,Brandon Schmidt,brandon.schmidt@customer.net,UK,2020-12-22,Basic,828.51
8600,Tammy Williams,tammy.williams@shopmail.com,USA,2022-03-05,Standard,3972.96
8601,Heidi Haas,heidi.haas@customer.net,Germany,2024-09-11,Premium,47159.51
8602,Angela Aguirre,angela.aguirre@customer.net,USA,2021-08-22,Standard,1209.94
8603,Julia Williams,julia.williams@shopmail.com,UK,2020-08-03,Standard,1031.21
8604,Sabrina Daugherty,sabrina.daugherty@customer.net,USA,2023-05-18,Standard,4175.80
8605,Charles Wyatt,charles.wyatt@customer.net,Australia,2021-05-27,Standard,1184.80
8606,Michelle Washington,michelle.washington@ecommerce.io,USA,2023-02-08,Basic,166.24
8607,Heather Yates,heather.yates@example.com,USA,2024-09-19,Basic,847.04
8608,Sarah George,sarah.george@customer.net,India,2022-06-22,Basic,818.13
8609,Michael Matthews,michael.matthews@ecommerce.io,UK,2024-07-01,Standard,2668.78
8610,Christine King,christine.king@ecommerce.io,USA,2022-08-24,Standard,4199.10
8611,Michael George,michael.george@shopmail.com,Canada,2020-08-12,Standard,1959.23
8612,Jill Merritt,jill.merritt@shopmail.com,Australia,2021-01-15,Basic,825.66
8613,Daniel Garcia,daniel.garcia@customer.net,Germany,2020-07-19,Basic,148.89
8614,Gregory Whitehead,gregory.whitehead@customer.net,USA,2020-12-11,Standard,2179.41
8615,Sierra Goodman,sierra.goodman@shopmail.com,Canada,2024-12-14,Premium,25058.80
8616,John Grant,john.grant@example.com,Australia,2021-09-08,Standard,3319.91
8617,Hunter Smith,hunter.smith@example.com,Germany,2021-11-21,Standard,1766.57
8618,Mercedes Hernandez,mercedes.hernandez@customer.net,India,2023-10-29,Premium,33082.02
8619,Daniel Thompson,daniel.thompson@customer.net,Australia,2024-06-10,Standard,3710.76
8620,Erin Cohen,erin.cohen@customer.net,USA,2021-10-08,Standard,3107.69
8621,Jorge Koch,jorge.koch@example.com,Germany,2024-07-28,Basic,755.83
8622,Patrick Rubio,patrick.rubio@example.com,Germany,2020-08-04,Basic,385.52
8623,Regina Singh,regina.singh@example.com,USA,2021-06-12,Basic,246.23
8624,Aaron Ryan,aaron.ryan@shopmail.com,Canada,2023-12-08,Standard,4223.86
8625,James Cherry,james.cherry@ecommerce.io,Canada,2022-05-02,Standard,2758.40
8626,Kelly Ramos,kelly.ramos@shopmail.com,Germany,2020-06-01,Premium,46539.01
8627,Rebecca Smith,rebecca.smith@ecommerce.io,USA,2023-03-20,Standard,4565.42
8628,Wayne Stone,wayne.stone@customer.net,Germany,2023-05-07,Premium,19452.94
8629,William Carpenter,william.carpenter@ecommerce.io,Australia,2020-04-19,Basic,588.47
8630,Mark Nelson,mark.nelson@example.com,UK,2021-06-04,Standard,1029.76
8631,Andrew Martin,andrew.martin@example.com,Germany,2022-04-05,Premium,44731.98
8632,Michelle Austin,michelle.austin@example.com,Germany,2020-08-01,Premium,14283.34
8633,Nicholas Romero,nicholas.romero@example.com,USA,2023-10-08,Basic,213.15
8634,Michael Salazar,michael.salazar@shopmail.com,India,2020-07-04,Standard,3658.67
8635,Nancy Lopez,nancy.lopez@example.com,Germany,2020-11-28,Standard,1118.45
8636,Evelyn Crawford,evelyn.crawford@ecommerce.io,Germany,2023-04-17,Standard,2522.72
8637,Claire Mckee,claire.mckee@customer.net,Canada,2020-01-26,Basic,127.59
8638,Ray Walters,ray.walters@ecommerce.io,Canada,2024-10-18,Standard,1519.52
8639,Jason Meza,jason.meza@example.com,Australia,2024-11-23,Standard,2750.75
8640,Carla Stewart,carla.stewart@shopmail.com,India,2021-08-18,Basic,167.61
8641,Jesse Lopez,jesse.lopez@ecommerce.io,UK,2021-07-09,Standard,4049.21
8642,Samantha Wells,samantha.wells@example.com,India,2020-09-07,Premium,16406.55
8643,Laura Moore,laura.moore@ecommerce.io,Canada,2023-09-11,Basic,456.18
8644,Michael Hernandez,michael.hernandez@ecommerce.io,India,2022-12-17,Standard,1583.42
8645,Robert Blackwell,robert.blackwell@example.com,Australia,2022-05-21,Standard,4578.22
8646,Michael Miller,michael.miller@shopmail.com,Australia,2020-05-30,Basic,816.94
8647,Lisa Anderson,lisa.anderson@ecommerce.io,Germany,2020-04-22,Standard,1897.26
8648,Destiny Armstrong,destiny.armstrong@ecommerce.io,USA,2023-07-09,Basic,731.52
8649,Sara Hernandez,sara.hernandez@shopmail.com,Canada,2023-11-12,Standard,2690.28
8650,Justin Jones,justin.jones@example.com,India,2024-03-23,Standard,2980.99
8651,Sandra Friedman,sandra.friedman@ecommerce.io,UK,2024-04-08,Standard,4701.73
8652,Kayla Robinson,kayla.robinson@customer.net,India,2024-11-08,Premium,17165.14
8653,Edward Stewart,edward.stewart@example.com,Germany,2020-03-10,Basic,801.22
8654,Katherine Haynes,katherine.haynes@ecommerce.io,USA,2020-07-15,Standard,3764.12
8655,Richard Graham,richard.graham@example.com,UK,2023-08-07,Standard,3697.19
8656,Steven Cortez,steven.cortez@shopmail.com,Australia,2020-08-03,Standard,4027.66
8657,Eric Ortiz,eric.ortiz@customer.net,France,2023-05-10,Premium,43152.34
8658,Margaret Sharp,margaret.sharp@customer.net,France,2022-05-27,Premium,30947.12
8659,Elizabeth Finley,elizabeth.finley@ecommerce.io,Germany,2024-03-11,Standard,2502.96
8660,Brad Bennett,brad.bennett@shopmail.com,USA,2021-07-15,Premium,9791.50
8661,Matthew Green,matthew.green@ecommerce.io,Australia,2021-08-03,Standard,2953.81
8662,Wyatt Lucas,wyatt.lucas@shopmail.com,UK,2021-07-01,Basic,731.92
8663,Andrea Davis,andrea.davis@customer.net,UK,2022-06-03,Standard,4036.23
8664,Jamie Rodriguez,jamie.rodriguez@example.com,Australia,2022-05-23,Standard,3007.85
8665,Diana Wolf,diana.wolf@ecommerce.io,India,2021-05-09,Standard,1306.01
8666,Billy Nelson,billy.nelson@customer.net,India,2024-11-01,Basic,387.79
8667,Amanda Rosales,amanda.rosales@example.com,India,2023-02-28,Standard,1857.07
8668,Janet Moore,janet.moore@example.com,France,2021-11-01,Premium,32962.04
8669,Lori Miller,lori.miller@customer.net,Canada,2023-08-12,Standard,1071.40
8670,Melissa Davis,melissa.davis@shopmail.com,France,2020-02-13,Standard,2310.20
8671,Maria Casey,maria.casey@ecommerce.io,USA,2023-05-11,Basic,415.09
8672,Nathan Phillips,nathan.phillips@shopmail.com,France,2020-05-18,Basic,577.57
8673,Elizabeth Stephenson,elizabeth.stephenson@shopmail.com,Germany,2022-03-26,Standard,3021.31
8674,Jennifer Medina,jennifer.medina@shopmail.com,Australia,2024-12-04,Standard,3425.37
8675,Molly Stephens,molly.stephens@shopmail.com,Canada,2020-06-06,Standard,2704.08
8676,Amanda Esparza,amanda.esparza@example.com,France,2021-12-10,Standard,4447.34
8677,Kenneth Smith,kenneth.smith@customer.net,UK,2024-02-23,Premium,26958.55
8678,Kathryn Rodriguez,kathryn.rodriguez@example.com,France,2022-12-27,Standard,4987.58
8679,Mark Hawkins,mark.hawkins@example.com,Germany,2022-10-25,Basic,819.15
8680,Brian Parker,brian.parker@example.com,UK,2023-09-29,Premium,41975.60
8681,Kevin Anderson,kevin.anderson@ecommerce.io,France,2020-10-12,Standard,4512.79
8682,Mary Smith,mary.smith@shopmail.com,UK,2021-05-09,Premium,48000.69
8683,Laura Thompson,laura.thompson@customer.net,Germany,2022-10-17,Premium,11165.15
8684,Sarah Sexton,sarah.sexton@shopmail.com,France,2024-10-09,Premium,20481.53
8685,Tyler Little,tyler.little@customer.net,USA,2022-05-19,Basic,257.38
8686,Timothy Decker,timothy.decker@example.com,Canada,2020-07-07,Standard,1757.92
8687,Abigail Parsons,abigail.parsons@customer.net,Australia,2023-12-21,Basic,545.11
8688,Susan Little,susan.little@ecommerce.io,Australia,2022-10-04,Premium,15463.54
8689,Juan Berg,juan.berg@ecommerce.io,UK,2024-05-25,Standard,1404.93
8690,Kaitlyn Hampton,kaitlyn.hampton@shopmail.com,USA,2023-06-01,Basic,327.37
8691,David Graham,david.graham@shopmail.com,Germany,2021-06-18,Premium,10037.00
8692,David Phillips,david.phillips@customer.net,USA,2023-06-18,Standard,3835.64
8693,Henry Bishop,henry.bishop@ecommerce.io,USA,2024-10-26,Standard,3650.05
8694,Jennifer Graham,jennifer.graham@shopmail.com,Australia,2024-09-30,Basic,814.23
8695,Duane Jones,duane.jones@example.com,India,2024-04-17,Standard,3298.71
8696,Isaac Torres,isaac.torres@customer.net,Germany,2023-05-29,Standard,4202.91
8697,Caleb Mitchell,caleb.mitchell@shopmail.com,Germany,2021-08-27,Basic,704.27
8698,Cheryl Patel,cheryl.patel@shopmail.com,Germany,2023-04-13,Premium,20670.61
8699,Laura Rodriguez,laura.rodriguez@example.com,Germany,2023-10-26,Premium,40319.39
8700,Jessica Pace,jessica.pace@shopmail.com,USA,2021-05-05,Premium,19427.88
8701,Sally Carroll,sally.carroll@example.com,UK,2023-09-04,Premium,14336.47
8702,Michelle Glenn,michelle.glenn@customer.net,Canada,2021-01-19,Premium,21783.01
8703,Christopher Huffman,christopher.huffman@example.com,UK,2024-11-13,Basic,334.12
8704,Sean Bryan,sean.bryan@ecommerce.io,France,2024-08-31,Basic,798.58
8705,Richard Lynch,richard.lynch@example.com,UK,2021-03-08,Standard,1557.74
8706,Tiffany Ramirez,tiffany.ramirez@shopmail.com,UK,2024-10-19,Basic,253.11
8707,Hannah Davis,hannah.davis@customer.net,India,2021-05-25,Premium,28567.52
8708,Eugene Hale,eugene.hale@customer.net,USA,2024-04-22,Standard,4027.57
8709,Daniel Dunn,daniel.dunn@ecommerce.io,UK,2023-04-12,Basic,847.87
8710,Brian Golden,brian.golden@customer.net,USA,2022-12-14,Premium,48872.53
8711,Robert Smith,robert.smith@customer.net,France,2021-02-24,Standard,2918.90
8712,Haley Jackson,haley.jackson@shopmail.com,USA,2022-05-18,Premium,41709.10
8713,Aaron Smith,aaron.smith@shopmail.com,UK,2022-02-08,Basic,684.55
8714,Sharon Adkins,sharon.adkins@shopmail.com,Germany,2020-05-18,Standard,2489.51
8715,Amber Lee,amber.lee@example.com,Germany,2024-09-21,Standard,3173.83
8716,Randy Salas,randy.salas@shopmail.com,France,2020-01-07,Standard,1789.37
8717,Adam Welch,adam.welch@customer.net,Australia,2024-07-04,Standard,1925.24
8718,Mark White,mark.white@shopmail.com,India,2021-03-03,Premium,25042.43
8719,John Moreno,john.moreno@ecommerce.io,Germany,2020-12-12,Standard,2224.80
8720,Jimmy Mckinney,jimmy.mckinney@ecommerce.io,USA,2022-06-19,Standard,4425.29
8721,Savannah Tran,savannah.tran@example.com,USA,2021-10-19,Basic,922.39
8722,Evan Butler,evan.butler@ecommerce.io,Australia,2022-11-05,Basic,566.91
8723,Lisa Jackson,lisa.jackson@ecommerce.io,France,2024-01-21,Basic,191.01
8724,Kimberly Saunders,kimberly.saunders@example.com,Australia,2023-02-11,Premium,41500.66
8725,Bryan Hayes,bryan.hayes@shopmail.com,France,2021-10-21,Standard,1231.84
8726,Amanda Reynolds,amanda.reynolds@ecommerce.io,Germany,2022-09-12,Basic,632.40
8727,Lynn Avila,lynn.avila@shopmail.com,Canada,2022-11-21,Standard,2945.31
8728,Sarah Hodge,sarah.hodge@customer.net,USA,2022-01-30,Standard,2704.67
8729,Gregory Peters,gregory.peters@ecommerce.io,India,2024-07-10,Standard,4788.86
8730,Pamela Macias,pamela.macias@example.com,Germany,2024-04-29,Standard,1064.55
8731,Walter Orozco,walter.orozco@customer.net,USA,2023-08-13,Standard,4560.67
8732,Emily Andrade,emily.andrade@shopmail.com,India,2021-04-22,Standard,1362.44
8733,James Olsen,james.olsen@example.com,Australia,2022-06-01,Standard,3787.85
8734,Rick Burgess,rick.burgess@ecommerce.io,Canada,2024-03-02,Basic,298.20
8735,William Reid,william.reid@customer.net,UK,2024-01-27,Standard,1456.36
8736,Nicole Richmond,nicole.richmond@example.com,UK,2022-09-25,Premium,27180.25
8737,Robin Brady,robin.brady@customer.net,USA,2024-05-04,Premium,47656.18
8738,Katrina Thompson,katrina.thompson@shopmail.com,USA,2022-04-28,Standard,1390.09
8739,Spencer Wright,spencer.wright@shopmail.com,USA,2020-01-30,Standard,2147.18
8740,Andrea Sanford,andrea.sanford@shopmail.com,USA,2022-09-03,Basic,229.49
8741,Daniel Dudley,daniel.dudley@shopmail.com,India,2021-07-07,Premium,25194.46
8742,James Beck,james.beck@shopmail.com,Canada,2022-06-02,Standard,3235.52
8743,Kylie Harris,kylie.harris@shopmail.com,UK,2022-01-07,Basic,891.17
8744,Jeremiah Lynch,jeremiah.lynch@example.com,India,2022-05-19,Basic,950.52
8745,Cory Fernandez,cory.fernandez@example.com,Canada,2024-01-07,Basic,902.00
8746,William Arellano,william.arellano@customer.net,France,2023-07-25,Standard,1478.59
8747,Michael Lopez,michael.lopez@customer.net,UK,2024-03-11,Premium,37771.59
8748,Jillian Chandler,jillian.chandler@customer.net,France,2024-07-22,Standard,3645.73
8749,Bryan Woods,bryan.woods@shopmail.com,Canada,2023-11-25,Standard,4901.21
8750,Jeanette Duran,jeanette.duran@example.com,France,2023-05-22,Standard,4014.12
8751,Shelley Smith,shelley.smith@customer.net,France,2024-10-26,Basic,820.66
8752,Stephanie Olson,stephanie.olson@ecommerce.io,Canada,2021-10-21,Basic,491.89
8753,Paul Curtis,paul.curtis@customer.net,Australia,2023-11-28,Basic,747.35
8754,Roberto Soto,roberto.soto@customer.net,Canada,2021-08-25,Basic,996.45
8755,Mitchell Perkins,mitchell.perkins@ecommerce.io,Canada,2020-04-23,Premium,46694.62
8756,Adam Nolan,adam.nolan@example.com,Canada,2023-11-15,Standard,3663.93
8757,Amanda Garcia,amanda.garcia@ecommerce.io,USA,2023-03-01,Standard,4148.26
8758,Destiny Adams,destiny.adams@customer.net,Australia,2022-10-17,Premium,40950.16
8759,Kayla Howell,kayla.howell@shopmail.com,USA,2020-02-19,Standard,1286.22
8760,Stuart Wallace,stuart.wallace@example.com,Canada,2024-11-23,Basic,129.94
8761,Robert Murray,robert.murray@example.com,Germany,2023-07-14,Basic,530.88
8762,Wesley Rodriguez,wesley.rodriguez@ecommerce.io,India,2024-05-27,Standard,2087.08
8763,Tara Barnes,tara.barnes@ecommerce.io,France,2021-06-11,Standard,1022.23
8764,Melissa Day,melissa.day@example.com,Canada,2020-03-17,Premium,6012.44
8765,Amber Evans,amber.evans@ecommerce.io,India,2022-01-04,Basic,326.73
8766,Donna Thompson,donna.thompson@shopmail.com,Canada,2024-02-07,Standard,4871.08
8767,Emma Ewing,emma.ewing@ecommerce.io,UK,2022-01-09,Basic,465.66
8768,Lynn Hernandez,lynn.hernandez@shopmail.com,India,2021-07-31,Standard,2585.26
8769,Peter Richardson,peter.richardson@customer.net,Germany,2020-05-03,Premium,8742.00
8770,Stephanie Ross,stephanie.ross@example.com,Australia,2022-08-21,Premium,32109.72
8771,Patrick Jackson,patrick.jackson@example.com,France,2020-08-17,Basic,253.57
8772,Molly Andrews,molly.andrews@customer.net,Canada,2020-12-28,Basic,713.14
8773,Clinton Morris,clinton.morris@example.com,Canada,2023-03-05,Standard,2319.60
8774,James Jensen,james.jensen@shopmail.com,USA,2021-11-23,Premium,47303.75
8775,Brittany Vance,brittany.vance@example.com,India,2022-10-15,Standard,2026.89
8776,Francisco Nguyen,francisco.nguyen@ecommerce.io,Germany,2024-07-04,Standard,2936.77
8777,Carrie Lambert,carrie.lambert@customer.net,UK,2024-08-03,Basic,793.29
8778,Courtney Smith,courtney.smith@example.com,Australia,2021-04-13,Basic,799.20
8779,Sean Evans,sean.evans@shopmail.com,USA,2023-04-10,Premium,25635.50
8780,Derek Hensley,derek.hensley@shopmail.com,Canada,2021-09-21,Standard,4853.64
8781,Andrew Adams,andrew.adams@ecommerce.io,Canada,2021-07-23,Premium,22087.60
8782,Thomas Hubbard,thomas.hubbard@ecommerce.io,India,2023-08-11,Standard,3020.31
8783,Robert Garza,robert.garza@shopmail.com,Canada,2023-10-31,Basic,377.48
8784,Wendy Brown,wendy.brown@shopmail.com,UK,2022-11-07,Basic,905.26
8785,Samuel Montgomery,samuel.montgomery@example.com,India,2024-06-24,Premium,40782.27
8786,Todd Hart,todd.hart@shopmail.com,Canada,2024-03-07,Basic,714.56
8787,Angela Larson,angela.larson@customer.net,Australia,2023-05-04,Standard,4268.08
8788,Kurt Frazier,kurt.frazier@customer.net,Australia,2024-01-08,Premium,19607.67
8789,Jonathan Bell,jonathan.bell@ecommerce.io,India,2021-09-05,Standard,4885.64
8790,Christine Duncan,christine.duncan@ecommerce.io,USA,2024-12-25,Basic,104.47
8791,Richard Jones,richard.jones@customer.net,Canada,2024-10-08,Standard,4042.96
8792,William Lang,william.lang@customer.net,UK,2024-12-11,Standard,4881.95
8793,Laurie Boone,laurie.boone@ecommerce.io,France,2024-02-27,Standard,4372.00
8794,Daniel Murray,daniel.murray@example.com,Australia,2022-09-03,Standard,4007.78
8795,Keith Ellis,keith.ellis@customer.net,Germany,2024-07-02,Standard,2018.57
8796,Sherry Cooper,sherry.cooper@shopmail.com,Germany,2022-12-23,Standard,1181.15
8797,Raymond Perkins,raymond.perkins@shopmail.com,Canada,2020-08-16,Standard,3251.61
8798,Lindsey Rodriguez,lindsey.rodriguez@customer.net,USA,2022-05-17,Basic,214.12
8799,Oscar Frank,oscar.frank@customer.net,Canada,2022-06-23,Standard,2740.87
8800,Amanda Baker,amanda.baker@customer.net,Australia,2022-03-30,Standard,4014.20
8801,Leslie Sparks,leslie.sparks@example.com,France,2020-09-03,Standard,3405.55
8802,Garrett Bowman,garrett.bowman@shopmail.com,Germany,2024-09-13,Basic,327.81
8803,Linda Liu,linda.liu@shopmail.com,USA,2022-07-07,Standard,2740.91
8804,Mark Jackson,mark.jackson@example.com,France,2024-06-13,Standard,2420.15
8805,Mary Downs,mary.downs@customer.net,Canada,2023-03-23,Basic,205.10
8806,Frank Taylor,frank.taylor@customer.net,Australia,2024-05-29,Standard,1850.23
8807,Stephen Sanders,stephen.sanders@customer.net,Germany,2020-04-05,Basic,695.42
8808,Kelly Guzman,kelly.guzman@customer.net,Germany,2022-09-12,Basic,925.03
8809,Bruce Larsen,bruce.larsen@ecommerce.io,USA,2021-12-28,Basic,824.46
8810,Harold Nichols,harold.nichols@customer.net,USA,2020-10-03,Basic,972.34
8811,Johnny Meyer,johnny.meyer@example.com,Australia,2020-06-24,Basic,423.98
8812,Kayla Smith,kayla.smith@ecommerce.io,France,2021-07-31,Basic,132.20
8813,Natalie Berry,natalie.berry@ecommerce.io,Germany,2024-07-21,Basic,391.39
8814,James Wade,james.wade@shopmail.com,Germany,2021-06-13,Standard,4799.11
8815,Blake Olson,blake.olson@ecommerce.io,Canada,2021-11-20,Standard,3930.25
8816,Elizabeth Fernandez,elizabeth.fernandez@customer.net,Germany,2024-09-02,Basic,945.57
8817,Joel Larson,joel.larson@shopmail.com,UK,2024-08-22,Standard,2353.06
8818,Thomas Whitaker,thomas.whitaker@shopmail.com,USA,2023-12-22,Standard,4618.73
8819,Julia Rodriguez,julia.rodriguez@ecommerce.io,UK,2024-05-17,Standard,1039.46
8820,Michael Joyce,michael.joyce@customer.net,Australia,2022-08-20,Standard,1522.96
8821,Joel Hernandez,joel.hernandez@shopmail.com,Germany,2022-03-07,Standard,3287.14
8822,Susan Kramer,susan.kramer@customer.net,USA,2024-01-09,Standard,3221.29
8823,Rose Williams,rose.williams@shopmail.com,Australia,2024-12-10,Basic,680.60
8824,Jason Frazier,jason.frazier@customer.net,USA,2021-04-25,Standard,2638.99
8825,Jennifer Wolf,jennifer.wolf@example.com,India,2023-07-26,Standard,1749.60
8826,Richard Vargas,richard.vargas@ecommerce.io,Canada,2023-01-12,Standard,1689.92
8827,Molly Carlson,molly.carlson@ecommerce.io,UK,2023-11-18,Basic,424.32
8828,Deanna Smith,deanna.smith@customer.net,France,2024-08-28,Premium,22914.65
8829,Tammy Howard,tammy.howard@ecommerce.io,UK,2022-09-06,Premium,27307.87
8830,Kelly Grant,kelly.grant@ecommerce.io,UK,2021-07-23,Basic,541.88
8831,Katrina Lee,katrina.lee@ecommerce.io,France,2020-05-12,Standard,3345.68
8832,Samuel Weaver,samuel.weaver@customer.net,France,2021-11-14,Standard,1086.83
8833,Megan Mooney,megan.mooney@customer.net,India,2020-12-21,Basic,408.80
8834,Ryan Hudson,ryan.hudson@example.com,USA,2022-03-06,Premium,32289.71
8835,Wayne Castillo,wayne.castillo@customer.net,France,2020-05-06,Standard,2921.43
8836,Jennifer Smith,jennifer.smith@shopmail.com,USA,2022-09-06,Standard,3679.56
8837,David Kennedy,david.kennedy@example.com,UK,2021-03-17,Premium,38939.65
8838,Robert Day,robert.day@example.com,UK,2021-03-03,Basic,952.25
8839,Austin Rodriguez,austin.rodriguez@shopmail.com,UK,2024-08-29,Standard,4948.90
8840,Karen Patterson,karen.patterson@shopmail.com,India,2024-05-16,Standard,2114.83
8841,Pamela Martinez,pamela.martinez@example.com,USA,2023-11-27,Standard,2517.34
8842,Jerry Ellison,jerry.ellison@ecommerce.io,France,2023-06-09,Standard,1471.29
8843,Kevin Novak,kevin.novak@shopmail.com,France,2024-09-30,Standard,2202.11
8844,David Larson,david.larson@example.com,UK,2020-05-19,Basic,991.83
8845,Bradley Webb,bradley.webb@customer.net,France,2020-07-12,Standard,2052.67
8846,Elizabeth Blevins,,USA,2020-06-17,Basic,688.17
8847,Angelica Hickman,angelica.hickman@shopmail.com,India,2021-04-17,Premium,30329.71
8848,Lori Brooks,lori.brooks@example.com,Canada,2023-05-19,Basic,956.85
8849,Kevin Johnson,kevin.johnson@customer.net,Australia,2023-04-02,Basic,328.43
8850,Donald Strickland,donald.strickland@ecommerce.io,India,2021-01-21,Standard,3230.50
8851,Darryl Kent,darryl.kent@customer.net,Canada,2024-12-08,Standard,4447.11
8852,Cheryl Graham,cheryl.graham@ecommerce.io,UK,2022-12-21,Basic,550.82
8853,Tim Stewart,tim.stewart@customer.net,Australia,2022-09-08,Standard,1965.29
8854,Ronald Thompson,ronald.thompson@ecommerce.io,USA,2024-02-14,Standard,1974.56
8855,Sheila White,sheila.white@shopmail.com,India,2022-07-07,Basic,527.41
8856,Chelsea Rivera,chelsea.rivera@example.com,Germany,2023-03-24,Premium,14195.69
8857,Jason Reid,jason.reid@shopmail.com,Canada,2020-04-05,Premium,47695.54
8858,Donna Gonzales,donna.gonzales@shopmail.com,UK,2022-05-19,Standard,2774.06
8859,Anthony Porter,anthony.porter@ecommerce.io,India,2024-09-20,Standard,3618.53
8860,Timothy Price,timothy.price@shopmail.com,Australia,2022-08-12,Standard,1574.33
8861,Amber Cohen,amber.cohen@customer.net,India,2023-12-19,Basic,538.67
8862,Mark Harper,mark.harper@ecommerce.io,India,2023-05-02,Basic,171.33
8863,Carolyn Nguyen,carolyn.nguyen@customer.net,Germany,2020-12-05,Premium,27789.15
8864,Cole Holloway,cole.holloway@customer.net,India,2023-01-07,Standard,2534.20
8865,Jesse Perez,jesse.perez@example.com,Canada,2020-02-06,Standard,2772.45
8866,Adam Rivas,adam.rivas@shopmail.com,France,2022-02-11,Basic,879.58
8867,Tara Roberts,tara.roberts@customer.net,Canada,2021-01-09,Basic,851.37
8868,Jessica Robinson,jessica.robinson@ecommerce.io,Germany,2021-03-27,Standard,1297.23
8869,Gabriel Poole,gabriel.poole@shopmail.com,USA,2021-08-08,Standard,1080.75
8870,Rachel Brown,rachel.brown@example.com,Germany,2024-07-08,Premium,9602.80
8871,Joyce Foster,joyce.foster@ecommerce.io,UK,2024-05-30,Premium,35981.44
8872,Dominique Potts,dominique.potts@shopmail.com,Germany,2022-01-16,Standard,2751.21
8873,Sarah Jones,sarah.jones@ecommerce.io,France,2022-03-21,Basic,299.82
8874,Jennifer Kennedy,jennifer.kennedy@example.com,USA,2023-04-07,Standard,1838.05
8875,Sandra Bowman,sandra.bowman@example.com,Australia,2020-06-11,Standard,1121.40
8876,Cynthia Ford,cynthia.ford@ecommerce.io,France,2021-09-10,Premium,21622.03
8877,Eric Barton,eric.barton@shopmail.com,USA,2024-07-22,Standard,1875.60
8878,Amanda Gardner,amanda.gardner@example.com,Australia,2023-11-29,Premium,37212.24
8879,John Reed,john.reed@customer.net,Canada,2023-03-07,Basic,271.50
8880,Manuel Leonard,manuel.leonard@customer.net,Canada,2022-04-29,Basic,956.42
8881,Angela Jackson,angela.jackson@shopmail.com,USA,2021-01-13,Basic,949.35
8882,Breanna Torres,breanna.torres@customer.net,UK,2022-07-17,Basic,291.77
8883,Erin Reed,erin.reed@customer.net,India,2023-07-21,Basic,693.07
8884,Jennifer Edwards,jennifer.edwards@example.com,USA,2023-09-14,Premium,44651.08
8885,Richard Madden,richard.madden@shopmail.com,Germany,2020-11-16,Standard,1307.00
8886,Mark Richardson,mark.richardson@shopmail.com,India,2020-11-22,Basic,954.37
8887,Christopher Jones,christopher.jones@ecommerce.io,USA,2020-01-01,Standard,2663.71
8888,Matthew Williams,matthew.williams@customer.net,Canada,2021-07-06,Standard,4385.90
8889,Melissa Williams,melissa.williams@customer.net,USA,2020-12-16,Standard,4662.20
8890,Kyle Davis,kyle.davis@example.com,Canada,2021-05-26,Standard,2365.57
8891,Shane Parker,shane.parker@ecommerce.io,India,2022-08-22,Basic,175.11
8892,Thomas Duran,thomas.duran@example.com,India,2020-03-07,Basic,961.17
8893,Danielle Kelly,danielle.kelly@example.com,Canada,2024-03-08,Standard,1969.69
8894,Donald Gonzales,donald.gonzales@example.com,France,2021-11-02,Premium,32506.12
8895,Allison Paul,allison.paul@customer.net,USA,2024-08-27,Basic,967.71
8896,Jessica Rodriguez,jessica.rodriguez@shopmail.com,India,2024-12-25,Standard,3811.13
8897,Kristine Murray,kristine.murray@customer.net,Germany,2023-05-28,Standard,2748.09
8898,Michael Evans,michael.evans@ecommerce.io,Canada,2022-10-25,Premium,42920.58
8899,Linda Duncan,linda.duncan@shopmail.com,Canada,2022-08-25,Standard,2399.75
8900,James Roberts,james.roberts@shopmail.com,UK,2021-09-26,Basic,460.64
8901,Rachel Harris,rachel.harris@example.com,Germany,2023-04-24,Standard,4506.91
8902,Mathew Freeman,mathew.freeman@customer.net,India,2020-08-12,Standard,4121.44
8903,Amanda Walker,amanda.walker@ecommerce.io,India,2021-06-12,Basic,891.83
8904,David Robinson,david.robinson@shopmail.com,Germany,2024-05-10,Basic,549.10
8905,Christopher Cobb,christopher.cobb@ecommerce.io,France,2023-02-16,Basic,844.60
8906,Haley Allen,haley.allen@example.com,Canada,2023-02-13,Premium,5947.76
8907,Dawn Sellers,dawn.sellers@customer.net,Australia,2024-05-28,Premium,43826.42
8908,Tina Simmons,tina.simmons@customer.net,USA,2023-02-14,Standard,1681.62
8909,Benjamin Wells,benjamin.wells@customer.net,India,2021-10-29,Standard,4550.34
8910,Amanda Thompson,amanda.thompson@ecommerce.io,USA,2021-09-04,Standard,4624.55
8911,Robin Jones,robin.jones@shopmail.com,France,2021-06-17,Standard,4063.01
8912,Laura Castillo,laura.castillo@customer.net,India,2023-07-12,Basic,116.90
8913,Thomas Smith,thomas.smith@ecommerce.io,India,2020-03-30,Standard,1259.19
8914,Margaret Graham,margaret.graham@shopmail.com,Germany,2023-10-02,Basic,560.62
8915,Leslie Brown,leslie.brown@shopmail.com,Germany,2022-11-10,Standard,2008.27
8916,Hunter Wallace,hunter.wallace@customer.net,USA,2021-08-23,Standard,1571.92
8917,Kevin Murphy,kevin.murphy@example.com,Canada,2020-11-02,Premium,44334.39
8918,Donna House,donna.house@customer.net,Germany,2023-09-12,Basic,585.08
8919,Jessica Webb,jessica.webb@example.com,USA,2022-05-28,Standard,3139.50
8920,Linda Hunt,linda.hunt@shopmail.com,Germany,2022-01-07,Basic,619.10
8921,Craig Cunningham,craig.cunningham@shopmail.com,France,2024-03-12,Premium,34275.07
8922,Daniel Coleman,daniel.coleman@customer.net,Australia,2020-08-02,Standard,3732.68
8923,Timothy Carter,timothy.carter@example.com,India,2022-07-29,Standard,4133.71
8924,Molly Crawford,molly.crawford@example.com,India,2022-10-09,Standard,2729.68
8925,Jill Ramos,jill.ramos@customer.net,Canada,2024-03-31,Premium,48269.18
8926,Nicholas Martin,nicholas.martin@example.com,USA,2022-07-08,Basic,921.33
8927,Lisa Chapman,lisa.chapman@shopmail.com,France,2021-08-04,Standard,4895.67
8928,Cameron Collins,cameron.collins@customer.net,USA,2022-12-20,Standard,3500.53
8929,Jason Foster,jason.foster@customer.net,India,2020-04-03,Basic,490.12
8930,Briana Johnston,briana.johnston@example.com,France,2024-01-27,Standard,1637.29
8931,Pamela Soto,pamela.soto@shopmail.com,Canada,2023-04-15,Basic,877.72
8932,Russell Bonilla,russell.bonilla@example.com,Australia,2023-04-27,Standard,4182.20
8933,Matthew Lynch,matthew.lynch@shopmail.com,Germany,2020-12-27,Premium,38539.49
8934,Barbara Tyler,barbara.tyler@shopmail.com,UK,2022-05-15,Standard,4814.94
8935,Hannah Rodriguez,hannah.rodriguez@ecommerce.io,India,2023-11-10,Standard,1217.54
8936,Amanda Spencer,amanda.spencer@example.com,UK,2023-11-07,Standard,4081.44
8937,Timothy Ray,timothy.ray@ecommerce.io,India,2021-08-09,Standard,3752.30
8938,Amanda Young,amanda.young@customer.net,France,2024-02-13,Standard,4389.47
8939,Sarah Fletcher,sarah.fletcher@example.com,USA,2020-12-27,Basic,704.06
8940,Frank Padilla,frank.padilla@customer.net,India,2020-09-21,Premium,7737.27
8941,Amber Ortiz,amber.ortiz@example.com,Australia,2020-01-30,Standard,4438.79
8942,Alexa Conway,alexa.conway@shopmail.com,Canada,2022-10-02,Standard,4295.21
8943,George Phillips,george.phillips@example.com,India,2022-04-06,Premium,44374.76
8944,Joshua Pace,joshua.pace@example.com,Australia,2023-08-31,Premium,22919.77
8945,Kimberly Evans,kimberly.evans@example.com,UK,2022-01-31,Standard,4708.31
8946,Karen Santana,karen.santana@example.com,Canada,2020-09-09,Standard,2565.70
8947,Elizabeth Ramsey,elizabeth.ramsey@example.com,Germany,2023-12-15,Basic,472.02
8948,Brandi Kim,brandi.kim@customer.net,India,2021-12-12,Basic,587.52
8949,Ann Mcdowell,ann.mcdowell@shopmail.com,Germany,2024-10-18,Standard,4947.50
8950,Madison Wu,madison.wu@ecommerce.io,UK,2024-10-30,Premium,21907.25
8951,Mark Mckinney,mark.mckinney@shopmail.com,India,2020-05-04,Standard,3475.32
8952,Michael Meyer,michael.meyer@ecommerce.io,Canada,2020-04-04,Premium,41228.25
8953,Sonia Harmon,sonia.harmon@example.com,Germany,2023-06-12,Basic,341.41
8954,Megan Williams,megan.williams@customer.net,India,2021-02-22,Standard,4289.43
8955,Douglas Alexander,douglas.alexander@customer.net,USA,2024-07-31,Basic,856.13
8956,Brandy Simon,brandy.simon@ecommerce.io,USA,2024-03-25,Basic,150.33
8957,Chelsea Prince,chelsea.prince@example.com,Germany,2022-03-08,Premium,19517.60
8958,Megan Roberson,megan.roberson@ecommerce.io,UK,2024-10-10,Standard,3846.01
8959,Lori Evans,lori.evans@shopmail.com,USA,2024-03-29,Basic,105.23
8960,Amber Fowler,amber.fowler@shopmail.com,Australia,2024-07-20,Standard,2252.72
8961,Rebecca Hayes,rebecca.hayes@customer.net,USA,2023-12-22,Standard,3134.73
8962,Christopher Smith,christopher.smith@customer.net,USA,2022-02-25,Standard,2103.68
8963,Mark Carpenter,mark.carpenter@shopmail.com,Germany,2022-02-02,Basic,661.44
8964,Kevin Sheppard,kevin.sheppard@ecommerce.io,Germany,2024-12-14,Premium,32477.05
8965,Sara Cochran,sara.cochran@ecommerce.io,Australia,2023-02-09,Premium,41964.59
8966,Kristy Norton,kristy.norton@customer.net,USA,2020-09-16,Premium,26985.80
8967,Jamie Crawford,jamie.crawford@example.com,UK,2024-10-04,Standard,2821.78
8968,Morgan Mills,morgan.mills@example.com,UK,2020-01-09,Standard,3742.52
8969,Peter Mills,peter.mills@ecommerce.io,Australia,2024-06-16,Basic,144.94
8970,Christopher Barber,christopher.barber@ecommerce.io,Germany,2021-11-03,Basic,368.90
8971,Danielle Clark,danielle.clark@example.com,France,2021-08-02,Standard,1719.80
8972,Wesley Walton,wesley.walton@customer.net,UK,2022-11-11,Standard,1658.44
8973,Melinda Wilson,melinda.wilson@example.com,Germany,2020-12-01,Standard,2377.90
8974,Christopher Sanchez,christopher.sanchez@example.com,Canada,2023-11-21,Standard,1560.14
8975,Valerie Vasquez,valerie.vasquez@example.com,Canada,2024-09-20,Standard,2479.18
8976,Amber Hill,amber.hill@shopmail.com,Canada,2020-11-17,Premium,16380.14
8977,Sabrina Ray,sabrina.ray@customer.net,France,2022-11-10,Premium,26329.25
8978,Paige Johnson,paige.johnson@ecommerce.io,USA,2024-01-13,Basic,425.30
8979,Laura Douglas,laura.douglas@example.com,France,2023-07-24,Standard,2068.93
8980,Michelle Anthony,michelle.anthony@ecommerce.io,Australia,2020-07-08,Standard,4286.87
8981,Ashley Singleton,ashley.singleton@example.com,Australia,2024-08-16,Premium,5145.86
8982,Martha Griffin,martha.griffin@example.com,Canada,2024-02-14,Standard,4909.66
8983,Barbara Wood,barbara.wood@customer.net,France,2023-05-21,Premium,46138.98
8984,Dylan Hensley,dylan.hensley@shopmail.com,Germany,2022-04-13,Standard,3800.63
8985,Sandy Richards,sandy.richards@customer.net,France,2023-03-16,Premium,45198.03
8986,Jeffrey Mccormick,jeffrey.mccormick@customer.net,UK,2022-11-12,Standard,2861.87
8987,Christopher Calderon,christopher.calderon@example.com,France,2020-11-04,Standard,3697.54
8988,Lawrence Wagner,lawrence.wagner@shopmail.com,France,2020-04-09,Premium,21896.32
8989,Karen Webster,karen.webster@customer.net,UK,2022-04-22,Premium,41503.93
8990,Steven Curry,steven.curry@shopmail.com,Canada,2024-08-25,Standard,4252.07
10000,Kayla Caldwell,kayla.caldwell@customer.net,UK,2023-06-02,Premium,43039.32
8992,James Nunez,james.nunez@shopmail.com,Australia,2021-10-02,Standard,3140.81
8993,Andrew Garner,andrew.garner@shopmail.com,Germany,2022-03-08,Basic,620.74
8994,David Allen,david.allen@customer.net,Canada,2021-03-01,Basic,971.13
8995,Breanna Smith,breanna.smith@shopmail.com,USA,2023-09-09,Standard,2224.93
8996,Susan Patel,susan.patel@ecommerce.io,Australia,2023-05-05,Basic,977.46
8997,Melissa Rollins,melissa.rollins@customer.net,France,2024-04-06,Standard,1469.36
8998,Kyle Lucas,kyle.lucas@ecommerce.io,USA,2021-08-24,Premium,22166.34
8999,Leslie Martinez,leslie.martinez@example.com,France,2022-07-05,Standard,3469.48
9000,Jennifer Williams,jennifer.williams@customer.net,India,2021-04-12,Standard,1959.41
9001,Brian Schmidt,brian.schmidt@example.com,UK,2021-02-10,Standard,1031.34
9002,Margaret Salinas,margaret.salinas@shopmail.com,UK,2024-07-22,Premium,14990.83
9003,Melissa Love,melissa.love@shopmail.com,USA,2023-09-16,Standard,3279.99
9004,Brad Murphy,brad.murphy@shopmail.com,Canada,2020-02-25,Premium,32476.21
9005,Natasha Evans,natasha.evans@shopmail.com,Germany,2020-02-03,Basic,332.66
9006,Jennifer Clark,jennifer.clark@ecommerce.io,UK,2024-05-05,Premium,42576.88
9007,Chad Cooper,chad.cooper@customer.net,Germany,2022-11-20,Basic,372.89
9008,Heidi Buchanan,heidi.buchanan@customer.net,Australia,2020-11-08,Premium,22491.42
9009,Tyler Gray,tyler.gray@customer.net,Canada,2022-09-03,Basic,760.32
9010,Richard Herman,richard.herman@customer.net,UK,2022-04-26,Standard,3013.86
9011,Christian Vaughn,christian.vaughn@customer.net,UK,2022-12-21,Standard,1231.54
9012,William Greene,william.greene@shopmail.com,UK,2021-01-23,Standard,4531.71
9013,Ashley Clark,ashley.clark@customer.net,USA,2020-07-10,Premium,32391.76
9014,John Montgomery,john.montgomery@shopmail.com,Canada,2022-08-08,Basic,549.99
9015,Janet Sims,janet.sims@customer.net,Canada,2020-07-22,Standard,3094.55
9016,Amy Cantrell,amy.cantrell@shopmail.com,USA,2020-01-07,Basic,607.10
9017,Tiffany Skinner,tiffany.skinner@customer.net,India,2021-01-20,Standard,2615.06
9018,Russell Richardson,russell.richardson@shopmail.com,France,2023-08-21,Standard,3600.68
9019,Stephanie Cole,stephanie.cole@customer.net,USA,2020-01-29,Basic,440.56
9020,John Curtis,john.curtis@customer.net,India,2024-06-11,Basic,553.78
9021,Michelle Hoover,michelle.hoover@example.com,UK,2022-09-23,Basic,629.19
9022,John Freeman,john.freeman@shopmail.com,Canada,2020-12-17,Standard,3177.19
9023,Jacob Reed,jacob.reed@ecommerce.io,France,2020-02-17,Standard,2689.16
9024,Natalie Garcia,natalie.garcia@customer.net,France,2020-10-01,Basic,241.10
9025,Kelly Long,kelly.long@customer.net,France,2022-06-25,Standard,1033.55
9026,Erika Williams,erika.williams@example.com,France,2021-03-10,Premium,16898.17
9027,Dennis Romero,dennis.romero@ecommerce.io,Australia,2021-06-13,Basic,331.67
9028,John Tucker,john.tucker@customer.net,France,2023-03-20,Standard,1178.10
9029,Stephen Wyatt,stephen.wyatt@ecommerce.io,France,2021-05-20,Basic,273.16
9030,Amy Fisher,amy.fisher@ecommerce.io,France,2022-02-11,Standard,4671.75
9031,Katie Gray,katie.gray@shopmail.com,Germany,2020-05-02,Standard,1731.19
9032,Adam Sloan,adam.sloan@example.com,Germany,2023-12-11,Standard,2689.99
9033,Kenneth Boyd,kenneth.boyd@ecommerce.io,USA,2021-10-17,Basic,929.71
9034,Nicholas Scott,nicholas.scott@customer.net,Australia,2023-11-01,Standard,2214.77
9035,Casey Bush,casey.bush@customer.net,Australia,2023-02-12,Standard,1034.46
9036,Robert Johnson,robert.johnson@customer.net,France,2020-12-20,Basic,930.11
9037,Daniel Kidd,daniel.kidd@ecommerce.io,Australia,2024-09-18,Standard,1964.84
9038,Steven Rush,steven.rush@customer.net,Australia,2024-11-30,Premium,44352.15
9039,Cynthia Harris,cynthia.harris@example.com,Canada,2020-06-13,Standard,2334.54
9040,Amanda Meyers,amanda.meyers@customer.net,France,2023-07-27,Basic,188.59
9041,Samantha Ortiz,samantha.ortiz@customer.net,UK,2024-01-03,Standard,1311.31
9042,Joseph Hester,joseph.hester@example.com,India,2022-09-05,Basic,701.79
9043,Tabitha Johnson,tabitha.johnson@shopmail.com,Canada,2022-09-11,Standard,3376.80
9044,Elizabeth Payne,elizabeth.payne@ecommerce.io,UK,2021-02-06,Standard,4340.27
9045,Derek Baird,derek.baird@shopmail.com,Germany,2021-04-07,Standard,3889.65
9046,Alan Thomas,alan.thomas@customer.net,Germany,2022-06-09,Premium,11068.81
9047,Robert Henderson,robert.henderson@example.com,Germany,2022-12-02,Standard,2096.97
9048,Sarah Hicks,sarah.hicks@ecommerce.io,USA,2024-04-13,Basic,203.44
9049,Curtis Schultz,curtis.schultz@ecommerce.io,Germany,2022-03-01,Standard,1555.66
9050,Erica Chavez,erica.chavez@customer.net,France,2023-09-18,Standard,2266.45
9051,Allison Riley,allison.riley@shopmail.com,Canada,2021-12-04,Standard,3655.95
9052,Brittany Bauer,brittany.bauer@ecommerce.io,Canada,2023-02-25,Standard,4152.99
9053,Sara Johnston,sara.johnston@shopmail.com,France,2020-12-31,Standard,3290.22
9054,Barbara Williams,barbara.williams@customer.net,UK,2020-10-04,Premium,49220.43
9055,Tyler Green,tyler.green@ecommerce.io,USA,2022-06-06,Standard,3664.83
9056,Katelyn Lowery,katelyn.lowery@ecommerce.io,USA,2021-04-11,Premium,28254.38
9057,Michelle Sims,michelle.sims@shopmail.com,France,2022-04-13,Standard,3683.68
9058,Heather Smith,heather.smith@shopmail.com,France,2020-10-03,Standard,4213.94
9059,Glenn Wagner,glenn.wagner@customer.net,UK,2020-11-13,Basic,422.34
9060,Kathryn Ramirez,kathryn.ramirez@customer.net,Australia,2022-10-23,Basic,765.68
9061,Christina Gibson,christina.gibson@customer.net,Germany,2020-06-26,Premium,7717.80
9062,Joseph Flores,joseph.flores@ecommerce.io,Germany,2021-07-04,Standard,3565.70
9063,Susan Rodriguez,susan.rodriguez@ecommerce.io,UK,2022-10-01,Premium,34332.04
9064,Jasmine Guerra,jasmine.guerra@ecommerce.io,India,2024-04-30,Premium,31083.01
9065,Katie Medina,katie.medina@customer.net,UK,2023-07-07,Standard,2462.53
9066,Patricia Taylor,patricia.taylor@example.com,USA,2024-02-03,Standard,1308.60
9067,Travis Chavez,travis.chavez@customer.net,India,2021-08-07,Basic,869.82
9068,Pamela Smith,pamela.smith@example.com,France,2024-06-25,Standard,2735.76
9069,Tammy Shaffer,tammy.shaffer@example.com,France,2024-10-21,Standard,1334.35
9070,Susan Galloway,susan.galloway@example.com,Germany,2022-03-14,Premium,21002.81
9071,Kristina Todd,kristina.todd@ecommerce.io,Canada,2021-11-26,Standard,4771.07
9072,Mary Hoover,mary.hoover@shopmail.com,USA,2020-04-21,Basic,186.48
9073,Kimberly Cannon,kimberly.cannon@ecommerce.io,India,2022-03-30,Basic,217.26
9074,Austin Torres,austin.torres@customer.net,Australia,2021-09-02,Basic,875.98
9075,Jared Gordon,jared.gordon@shopmail.com,India,2024-08-10,Standard,1016.99
9076,Alexandra Brown,alexandra.brown@shopmail.com,India,2024-01-02,Standard,1522.13
9077,Trevor Kelley,trevor.kelley@customer.net,Australia,2024-08-15,Standard,1790.02
9078,Scott Burgess,scott.burgess@shopmail.com,UK,2020-08-11,Standard,2646.67
9079,Suzanne Walker,suzanne.walker@customer.net,France,2024-12-20,Standard,1423.95
9080,Jim Sullivan,jim.sullivan@example.com,Australia,2022-12-25,Basic,710.88
9081,Kathleen Cole,kathleen.cole@example.com,India,2020-08-29,Standard,4255.06
9082,Maria Davis,maria.davis@ecommerce.io,USA,2023-08-02,Premium,11607.05
9083,Jennifer Jacobs,jennifer.jacobs@example.com,Germany,2021-07-06,Premium,12926.47
9084,Cindy Rodriguez,cindy.rodriguez@customer.net,India,2021-06-10,Basic,320.68
9085,Stephanie Lee,stephanie.lee@ecommerce.io,India,2023-10-07,Basic,472.51
9086,Margaret Marks,margaret.marks@customer.net,Australia,2023-11-05,Premium,46154.31
9087,Tara Lopez,tara.lopez@ecommerce.io,UK,2021-08-05,Premium,27458.93
9088,David Anderson,david.anderson@ecommerce.io,USA,2020-06-16,Standard,4983.87
9089,Joseph Jackson,joseph.jackson@ecommerce.io,Australia,2023-03-19,Premium,44474.75
9090,Benjamin Green,benjamin.green@customer.net,Canada,2022-01-05,Premium,31977.75
9091,Diana Jackson,diana.jackson@customer.net,Canada,2023-02-28,Basic,938.79
9092,Molly Kline,molly.kline@ecommerce.io,Australia,2020-05-22,Premium,35289.76
9093,Cheryl Ramsey,cheryl.ramsey@shopmail.com,India,2022-12-20,Basic,763.98
9094,Michael Murray,michael.murray@shopmail.com,India,2021-04-12,Basic,144.76
9095,Adrian Chang,adrian.chang@customer.net,Canada,2024-02-01,Basic,307.89
9096,Carl Brown,carl.brown@shopmail.com,Australia,2020-10-01,Basic,642.79
9097,Hannah Norris,hannah.norris@ecommerce.io,Canada,2023-08-10,Standard,4098.15
9098,Mary Nelson,mary.nelson@shopmail.com,France,2023-12-09,Standard,2236.33
9099,Annette Moore,annette.moore@customer.net,Germany,2023-11-20,Standard,3574.21
9100,Nathan Norman,nathan.norman@example.com,Canada,2024-10-20,Standard,4592.18
9101,Mary Day,mary.day@shopmail.com,Canada,2023-07-27,Basic,672.81
9102,Brian Webb,brian.webb@ecommerce.io,France,2022-09-11,Standard,1601.36
9103,Christina Garcia,christina.garcia@shopmail.com,Australia,2024-05-03,Basic,366.24
9104,Cynthia Thomas,cynthia.thomas@example.com,Germany,2022-07-11,Standard,3511.28
9105,Karen Stephens,karen.stephens@example.com,USA,2020-03-06,Basic,636.79
9106,Steven Matthews,steven.matthews@ecommerce.io,Canada,2020-12-21,Standard,3454.43
9107,Jill Wells,jill.wells@shopmail.com,USA,2022-02-15,Premium,33622.46
9108,Julie Bird,julie.bird@shopmail.com,France,2020-09-16,Premium,24065.20
9109,Michelle Andrews,michelle.andrews@customer.net,India,2020-04-13,Standard,4870.05
9110,Jamie Thompson,jamie.thompson@shopmail.com,Canada,2022-11-22,Basic,632.93
9111,Christian Crawford,christian.crawford@ecommerce.io,Germany,2023-02-28,Premium,30783.93
9112,Kenneth Thomas,kenneth.thomas@ecommerce.io,UK,2021-06-25,Premium,35534.60
9113,Keith Baker,keith.baker@customer.net,Canada,2020-08-27,Standard,3602.62
9114,Pamela Brewer,pamela.brewer@shopmail.com,Canada,2021-02-22,Basic,927.21
9115,Jason Barnes,jason.barnes@customer.net,Australia,2020-02-24,Standard,3056.45
9116,Daniel Poole,daniel.poole@shopmail.com,USA,2024-02-11,Premium,15770.31
9117,Brett Lee,brett.lee@ecommerce.io,UK,2021-10-22,Standard,4731.83
9118,Patrick Reynolds,patrick.reynolds@ecommerce.io,India,2021-10-29,Standard,3477.51
9119,Grace Lewis,grace.lewis@shopmail.com,Australia,2024-01-31,Basic,849.47
9120,Thomas Hernandez,thomas.hernandez@shopmail.com,USA,2023-07-28,Premium,9533.94
9121,Reginald Benson,reginald.benson@customer.net,Canada,2023-07-29,Premium,11848.49
9122,Geoffrey Villa,geoffrey.villa@example.com,Canada,2021-06-08,Basic,336.32
9123,Edward Johnson,edward.johnson@shopmail.com,India,2022-08-09,Standard,3542.59
9124,Brooke Chan,brooke.chan@customer.net,USA,2022-01-27,Standard,4422.94
9125,Joel Barry,joel.barry@ecommerce.io,Australia,2024-01-17,Standard,1079.84
9126,Robert Taylor,robert.taylor@shopmail.com,Germany,2023-10-01,Standard,1869.25
9127,Ashley Gonzalez,ashley.gonzalez@shopmail.com,Canada,2024-01-01,Standard,3627.09
9128,Susan Silva,susan.silva@shopmail.com,UK,2022-05-25,Basic,401.24
9129,Alejandro Marshall,alejandro.marshall@customer.net,France,2022-12-11,Premium,7365.95
9130,Cassidy Johnson,cassidy.johnson@example.com,Germany,2022-11-17,Basic,659.36
9131,Cody Sanchez,cody.sanchez@shopmail.com,Germany,2023-05-22,Basic,932.15
9132,Matthew Yates,matthew.yates@ecommerce.io,UK,2023-12-05,Standard,4882.09
9133,Tammy Johnson,tammy.johnson@customer.net,India,2024-09-04,Premium,13782.40
9134,Steven Gilbert,steven.gilbert@example.com,India,2022-11-29,Standard,2202.17
9135,Christopher Goodwin,christopher.goodwin@example.com,India,2023-10-22,Standard,4226.00
9136,Austin Hayes,austin.hayes@shopmail.com,France,2022-01-12,Standard,2809.50
9137,Ethan Rodriguez,ethan.rodriguez@shopmail.com,France,2020-12-05,Basic,459.79
9138,Amber James,amber.james@example.com,USA,2022-05-08,Premium,41147.25
9139,Blake Hicks,blake.hicks@ecommerce.io,France,2024-01-21,Standard,3309.16
9140,Nicole Rios,nicole.rios@ecommerce.io,Germany,2024-10-11,Premium,41043.06
9141,Tyler Lopez,tyler.lopez@customer.net,USA,2022-01-09,Basic,678.50
9142,Angel Colon,angel.colon@shopmail.com,UK,2020-05-24,Basic,978.42
9143,Leslie Weeks,leslie.weeks@shopmail.com,USA,2024-06-12,Standard,3660.57
9144,Kiara Paul,kiara.paul@customer.net,Canada,2022-02-23,Standard,4519.44
9145,Laura Lutz,laura.lutz@customer.net,Australia,2020-07-13,Standard,4437.48
9146,Daniel Jackson,daniel.jackson@example.com,UK,2020-08-18,Standard,4210.51
9147,Lindsey Brandt,lindsey.brandt@example.com,UK,2022-10-18,Basic,575.51
9148,Thomas Smith,thomas.smith@ecommerce.io,India,2024-08-09,Standard,3087.22
9149,Jonathan Sanchez,jonathan.sanchez@customer.net,USA,2024-04-22,Basic,104.50
9150,Brian Good,brian.good@shopmail.com,Canada,2021-04-10,Premium,28073.12
9151,Mandy Malone,mandy.malone@customer.net,UK,2020-07-14,Standard,3456.27
9152,Kelly Buchanan,kelly.buchanan@shopmail.com,Germany,2024-09-05,Premium,45382.16
9153,Rachel White,rachel.white@shopmail.com,UK,2024-02-04,Basic,600.66
9154,Douglas Wong,douglas.wong@shopmail.com,Australia,2024-11-18,Standard,4702.09
9155,Alexis Peterson,alexis.peterson@customer.net,India,2021-01-18,Standard,1715.94
9156,Jason Matthews,jason.matthews@customer.net,Canada,2021-02-02,Basic,179.96
9157,Karina Thomas,karina.thomas@ecommerce.io,UK,2023-09-30,Basic,334.13
9158,Jessica Zuniga,jessica.zuniga@customer.net,UK,2024-10-25,Basic,690.70
9159,Jessica Aguilar,jessica.aguilar@customer.net,France,2021-01-29,Standard,3931.61
9160,Kevin Morrow,kevin.morrow@ecommerce.io,Canada,2023-09-01,Standard,3434.83
9161,Lauren Wells,lauren.wells@example.com,France,2023-12-17,Basic,608.04
9162,Henry Jensen,henry.jensen@ecommerce.io,Australia,2023-03-22,Standard,4884.79
9163,Jared White,jared.white@customer.net,UK,2023-07-20,Basic,336.43
9164,Darlene Gomez,darlene.gomez@ecommerce.io,USA,2023-03-22,Standard,4791.42
9165,Cody Leblanc,cody.leblanc@shopmail.com,India,2022-10-06,Basic,502.08
9166,Thomas Miller,thomas.miller@ecommerce.io,Germany,2024-10-14,Standard,4693.82
9167,Steven Cardenas,steven.cardenas@customer.net,France,2021-11-09,Standard,1022.16
9168,Jennifer Johnson,jennifer.johnson@ecommerce.io,Australia,2020-08-12,Standard,4582.80
9169,Tara Anderson,tara.anderson@example.com,Australia,2020-08-30,Premium,40563.84
9170,Stacy Wilcox,stacy.wilcox@example.com,Australia,2022-12-24,Basic,491.11
9171,Michael Fernandez,michael.fernandez@example.com,Germany,2021-12-28,Premium,31057.34
9172,Daniel Johnson,daniel.johnson@ecommerce.io,Germany,2022-05-29,Standard,4805.06
9173,Daniel Andrews,daniel.andrews@customer.net,India,2022-04-04,Premium,37768.91
9174,Daniel Friedman,daniel.friedman@example.com,USA,2024-01-14,Standard,2331.58
9175,Amanda Nielsen,amanda.nielsen@shopmail.com,Canada,2020-01-04,Basic,791.83
9176,Christopher Trujillo,christopher.trujillo@shopmail.com,Germany,2023-09-01,Premium,21741.77
9177,Amber Sullivan,amber.sullivan@ecommerce.io,Germany,2022-01-28,Standard,2677.01
9178,Katherine Mitchell,katherine.mitchell@customer.net,Canada,2024-03-07,Standard,2831.93
9179,Catherine Herrera,catherine.herrera@shopmail.com,France,2023-08-09,Premium,26447.33
9180,Robert Mendoza,robert.mendoza@example.com,India,2020-04-30,Basic,403.81
9181,Ronnie Koch,ronnie.koch@ecommerce.io,France,2020-02-13,Standard,4169.09
9182,Tina Craig,tina.craig@shopmail.com,UK,2021-05-14,Basic,149.06
9183,David Ford,david.ford@customer.net,India,2023-12-10,Basic,267.24
9184,Yvette Velez,yvette.velez@customer.net,Australia,2020-02-17,Standard,4455.26
9185,Vincent Adams,vincent.adams@customer.net,India,2021-11-15,Basic,298.27
9186,Stephen Johnson,stephen.johnson@customer.net,UK,2024-09-08,Basic,851.81
9187,Kara Gonzales,kara.gonzales@shopmail.com,India,2024-11-27,Premium,44318.56
9188,Diane Bray,diane.bray@example.com,Germany,2023-12-23,Premium,28768.34
9189,Tiffany Rodriguez,tiffany.rodriguez@customer.net,UK,2023-03-31,Standard,1809.57
9190,Antonio Carter,antonio.carter@customer.net,USA,2021-12-21,Basic,880.89
9191,Meghan Anderson,meghan.anderson@example.com,Germany,2022-03-26,Standard,1487.03
9192,Samuel Williams,samuel.williams@shopmail.com,Germany,2024-10-01,Standard,4480.25
9193,Richard Mclaughlin,richard.mclaughlin@example.com,Canada,2020-08-30,Premium,10383.12
9194,Kathryn Mahoney,kathryn.mahoney@customer.net,Germany,2023-05-31,Standard,2722.97
9195,Kayla Dunlap,kayla.dunlap@ecommerce.io,Germany,2022-06-26,Standard,1129.12
9196,James Franklin,james.franklin@customer.net,Australia,2020-04-09,Basic,594.55
9197,Jessica Anderson,jessica.anderson@customer.net,India,2020-05-21,Standard,4451.99
9198,James Nguyen,james.nguyen@shopmail.com,USA,2022-11-16,Premium,35128.92
9199,Jerry Fernandez,jerry.fernandez@ecommerce.io,Australia,2022-08-18,Standard,2809.27
9200,William Nelson,william.nelson@shopmail.com,Canada,2024-05-11,Standard,1867.18
9201,Shirley Williams,shirley.williams@customer.net,France,2024-02-26,Standard,2566.83
9202,Eric Walker,eric.walker@shopmail.com,Germany,2021-06-03,Standard,4682.39
9203,Tammy Ortiz,tammy.ortiz@shopmail.com,USA,2024-11-22,Premium,40070.48
9204,Joshua Lopez,joshua.lopez@customer.net,USA,2021-10-26,Premium,16580.46
9205,Jennifer Smith,jennifer.smith@ecommerce.io,USA,2020-08-24,Basic,831.17
9206,Cameron Jackson,cameron.jackson@shopmail.com,Germany,2022-07-15,Premium,43605.29
9207,Julia Vasquez,julia.vasquez@example.com,USA,2024-09-06,Basic,394.78
9208,Sheila Hernandez,sheila.hernandez@example.com,Canada,2020-02-06,Standard,3142.81
9209,Alexis Orr,alexis.orr@shopmail.com,Canada,2024-03-20,Basic,849.04
9210,Aaron Clark,aaron.clark@example.com,Australia,2021-05-06,Standard,2797.52
9211,Jeffery Brown,jeffery.brown@ecommerce.io,USA,2023-03-09,Standard,2114.22
9212,Andrew Stone,andrew.stone@shopmail.com,Australia,2020-08-04,Standard,2494.80
9213,John Carter,john.carter@shopmail.com,Germany,2023-01-08,Standard,1343.17
9214,Jennifer Powell,jennifer.powell@example.com,Canada,2020-08-05,Standard,3050.63
9215,John Rodriguez,john.rodriguez@shopmail.com,Germany,2024-07-11,Premium,31109.66
9216,Adam Black,adam.black@ecommerce.io,Germany,2023-05-01,Premium,7167.15
9217,Ashley Osborne,ashley.osborne@ecommerce.io,Canada,2023-05-10,Standard,2046.88
9218,Yvette Martinez,yvette.martinez@example.com,Canada,2020-07-20,Basic,644.36
9219,David Yates,david.yates@ecommerce.io,UK,2022-10-09,Standard,3238.90
9220,Andrew Friedman,andrew.friedman@example.com,France,2023-11-05,Basic,244.48
9221,Melissa Cruz,melissa.cruz@example.com,USA,2023-07-01,Basic,550.48
9222,Karen Burton,karen.burton@example.com,Australia,2022-05-15,Basic,844.18
9223,Lori Taylor,lori.taylor@ecommerce.io,Canada,2024-10-27,Standard,1322.88
9224,Troy Peck,troy.peck@customer.net,India,2024-01-19,Basic,449.87
9225,Judy Perkins,judy.perkins@customer.net,Australia,2020-11-07,Premium,42586.68
9226,Amanda Ayala,amanda.ayala@example.com,Germany,2024-12-24,Standard,4461.72
9227,Jessica Singh,jessica.singh@example.com,Canada,2024-02-25,Premium,28349.53
9228,Christine Price,christine.price@shopmail.com,Canada,2023-10-21,Basic,110.48
9229,Amber Quinn,amber.quinn@customer.net,Germany,2023-12-28,Standard,3736.66
9230,Kevin Zhang,kevin.zhang@ecommerce.io,Australia,2022-09-18,Basic,258.98
9231,Stephanie Bender,stephanie.bender@example.com,UK,2020-04-30,Basic,277.57
9232,Michelle Kelley,michelle.kelley@customer.net,USA,2022-07-05,Standard,2390.20
9233,Timothy Scott,timothy.scott@customer.net,UK,2024-05-02,Standard,1609.32
9234,John Williams,john.williams@ecommerce.io,Australia,2022-08-16,Standard,2677.38
9235,Sandra Cabrera,sandra.cabrera@example.com,France,2021-07-07,Standard,3359.18
9236,Teresa Robertson,teresa.robertson@shopmail.com,UK,2022-01-13,Basic,167.75
9237,Gabrielle Wright,gabrielle.wright@example.com,USA,2020-10-06,Standard,4443.52
9238,David Davis,david.davis@shopmail.com,UK,2021-06-21,Basic,939.04
9239,Mary Benton,mary.benton@shopmail.com,Germany,2024-03-19,Basic,537.69
9240,Christopher Davis,christopher.davis@example.com,France,2021-11-01,Basic,619.53
9241,Nicole Flores,nicole.flores@shopmail.com,Germany,2022-11-02,Basic,255.07
9242,Eileen Peters,eileen.peters@ecommerce.io,Australia,2022-01-29,Standard,2055.68
9243,Mike Green,mike.green@ecommerce.io,France,2024-06-01,Standard,1727.34
9244,Walter Malone,walter.malone@example.com,USA,2020-09-04,Standard,2253.40
9245,Sydney Parker,sydney.parker@customer.net,Germany,2023-05-17,Basic,348.82
9246,Teresa Lopez,teresa.lopez@ecommerce.io,India,2020-07-29,Premium,14482.45
9247,Jordan Abbott,jordan.abbott@ecommerce.io,Canada,2024-07-08,Standard,4905.15
9248,Alexander Cox,alexander.cox@shopmail.com,Germany,2022-01-10,Premium,5626.61
9249,Mario Allen,mario.allen@customer.net,UK,2020-08-28,Basic,516.56
9250,Robert Johnson,robert.johnson@ecommerce.io,UK,2023-10-27,Basic,982.58
9251,Marc Harding,marc.harding@ecommerce.io,UK,2021-05-29,Standard,3794.68
9252,Catherine Wright,catherine.wright@shopmail.com,France,2021-12-16,Premium,40895.63
9253,Brandi Padilla,brandi.padilla@customer.net,Canada,2022-06-14,Standard,1663.12
9254,Michelle Reynolds,michelle.reynolds@shopmail.com,UK,2022-02-04,Premium,5855.23
9255,Eddie Brown,eddie.brown@ecommerce.io,India,2023-11-15,Standard,2302.78
9256,Brian Taylor,brian.taylor@example.com,Canada,2024-05-20,Standard,3074.10
9257,Nicole Le,nicole.le@ecommerce.io,USA,2022-09-01,Standard,4431.68
9258,Lisa Mccarthy,lisa.mccarthy@customer.net,UK,2022-01-18,Standard,3938.68
9259,Amber Davis,amber.davis@shopmail.com,France,2021-01-22,Standard,4469.16
9260,William Knapp,william.knapp@example.com,India,2022-05-26,Basic,888.98
9261,Denise Palmer,denise.palmer@ecommerce.io,India,2022-11-03,Premium,47828.57
9262,Candace Wang,candace.wang@customer.net,USA,2022-12-08,Basic,154.44
9263,Tammy Hernandez,tammy.hernandez@shopmail.com,India,2023-10-17,Standard,1543.53
9264,Pamela Taylor,pamela.taylor@shopmail.com,Australia,2023-09-22,Premium,8721.27
9265,Alyssa Mason,alyssa.mason@customer.net,Canada,2024-10-05,Standard,1080.35
9266,Chad Baker,chad.baker@shopmail.com,India,2020-10-04,Premium,33615.98
9267,Mark Taylor,mark.taylor@example.com,India,2021-03-16,Standard,4342.18
9268,Jeremy Durham,jeremy.durham@ecommerce.io,Germany,2022-09-03,Basic,932.39
9269,Dana Lee,dana.lee@customer.net,UK,2024-02-16,Basic,538.80
9270,Larry Tapia,larry.tapia@customer.net,France,2023-04-18,Standard,3148.51
9271,Jeffrey Forbes,jeffrey.forbes@example.com,India,2024-07-14,Premium,36063.27
9272,Andre Phillips,andre.phillips@shopmail.com,France,2021-01-12,Basic,585.66
9273,Erik Davis,erik.davis@example.com,India,2020-12-26,Standard,3817.82
9274,Kelsey Clements,kelsey.clements@shopmail.com,Australia,2024-11-14,Standard,3446.97
9275,Andrea Rivera,andrea.rivera@ecommerce.io,Germany,2023-11-09,Basic,772.98
9276,Ana Parks,ana.parks@customer.net,India,2024-04-04,Basic,450.03
9277,Shawna Fuller,shawna.fuller@ecommerce.io,USA,2020-11-20,Basic,663.64
9278,Kristie Villegas,kristie.villegas@shopmail.com,UK,2020-11-09,Basic,110.82
9279,Michael Smith,michael.smith@shopmail.com,India,2021-07-28,Basic,794.45
9280,Elizabeth Mcclain,elizabeth.mcclain@ecommerce.io,India,2020-09-26,Basic,629.28
9281,Danny Johnson,danny.johnson@customer.net,USA,2021-03-05,Standard,3071.23
9282,Steven Thompson,steven.thompson@customer.net,USA,2024-02-01,Standard,2730.09
9283,Brian Simmons,brian.simmons@shopmail.com,France,2023-05-11,Standard,2051.97
9284,Andrew Miller,andrew.miller@customer.net,Australia,2024-10-04,Premium,28817.63
9285,Anna Boyd,anna.boyd@shopmail.com,France,2020-10-15,Standard,1282.41
9286,Stephen Johnson,stephen.johnson@customer.net,USA,2021-09-18,Premium,36230.74
9287,Jennifer Reese,,Australia,2022-10-11,Standard,4179.97
9288,Gregory Terrell,gregory.terrell@example.com,UK,2022-05-13,Premium,34291.78
9289,David Moss,david.moss@ecommerce.io,Germany,2023-05-10,Standard,2332.22
9290,Sara Simmons,sara.simmons@customer.net,UK,2021-10-09,Basic,663.89
9291,Michael Martinez,michael.martinez@customer.net,France,2021-09-06,Standard,1293.27
9292,Diana Baker,diana.baker@shopmail.com,France,2022-12-18,Standard,3185.19
9293,Amanda Brooks,amanda.brooks@example.com,Australia,2023-01-28,Standard,4558.33
9294,Tyler Jordan,tyler.jordan@customer.net,India,2020-03-04,Basic,572.76
9295,Karen Walker,karen.walker@example.com,Germany,2020-07-22,Premium,17705.48
9296,Lisa Vance,lisa.vance@shopmail.com,Australia,2022-03-30,Basic,123.10
9297,Robin Molina,robin.molina@customer.net,France,2020-03-01,Basic,556.83
9298,Larry Swanson,larry.swanson@ecommerce.io,Canada,2024-05-20,Standard,4079.49
9299,Tara Torres,tara.torres@customer.net,UK,2024-05-15,Standard,1451.72
9300,Gregory Thomas,gregory.thomas@customer.net,India,2024-06-06,Premium,37128.06
9301,Scott Huerta,scott.huerta@customer.net,India,2022-05-03,Standard,1849.66
9302,Melissa Evans,melissa.evans@shopmail.com,India,2020-05-28,Standard,3860.41
9303,Mandy Johnson,mandy.johnson@example.com,India,2021-09-15,Premium,15482.08
9304,Christy Cook,christy.cook@shopmail.com,USA,2024-04-28,Basic,632.15
9305,Adam Porter,adam.porter@customer.net,Canada,2024-04-28,Standard,2503.20
9306,Julia Garrett,julia.garrett@ecommerce.io,UK,2020-08-28,Basic,599.79
9307,Jamie Dennis,jamie.dennis@example.com,USA,2024-07-18,Standard,3102.44
9308,Travis Hernandez,travis.hernandez@ecommerce.io,Germany,2020-12-06,Basic,638.55
9309,Jimmy Grant,jimmy.grant@shopmail.com,USA,2020-09-08,Basic,243.54
9310,Robert Henry,robert.henry@customer.net,Canada,2022-03-04,Standard,1029.48
9311,Robert Jackson,robert.jackson@shopmail.com,USA,2020-09-29,Premium,8247.49
9312,Shelby Sherman,shelby.sherman@customer.net,India,2024-03-18,Standard,1067.85
9313,Kara Martinez,kara.martinez@shopmail.com,India,2020-10-14,Premium,27226.85
9314,Stephen Cisneros,stephen.cisneros@example.com,India,2020-06-11,Standard,3132.25
9315,Phillip Hatfield,phillip.hatfield@shopmail.com,USA,2022-04-28,Standard,1874.58
9316,William Boone,william.boone@example.com,Germany,2021-12-05,Basic,217.26
9317,Jane Hughes,jane.hughes@customer.net,USA,2023-02-07,Standard,4552.77
9318,Michael Hale,michael.hale@ecommerce.io,UK,2020-07-17,Premium,47038.37
9319,Ricardo Hernandez,ricardo.hernandez@example.com,Germany,2023-05-17,Premium,34646.51
9320,David Terrell,david.terrell@ecommerce.io,USA,2021-04-06,Premium,22863.08
9321,Stephanie Howell,stephanie.howell@shopmail.com,UK,2023-01-17,Standard,3609.37
9322,Scott Cuevas,scott.cuevas@customer.net,USA,2020-12-27,Premium,6345.46
9323,Melissa Ramos,melissa.ramos@example.com,India,2023-05-07,Standard,2246.94
9324,Melissa Adams,melissa.adams@ecommerce.io,Germany,2023-06-15,Premium,22438.21
9325,Cindy Kennedy,cindy.kennedy@shopmail.com,India,2022-04-05,Basic,132.27
9326,Maria Bates,maria.bates@shopmail.com,Germany,2020-11-16,Standard,1145.31
9327,Belinda Fowler,belinda.fowler@ecommerce.io,USA,2023-11-26,Basic,741.70
9328,Michael Johnson,michael.johnson@example.com,Germany,2024-02-15,Basic,858.24
9329,Theresa Rodriguez,theresa.rodriguez@ecommerce.io,UK,2021-05-08,Standard,4842.36
9330,William Mason,william.mason@example.com,Germany,2023-12-25,Standard,1749.97
9331,Timothy Turner,timothy.turner@example.com,USA,2021-10-01,Premium,42938.73
9332,Dustin Young,dustin.young@customer.net,USA,2022-09-20,Standard,1977.01
9333,Michelle Cain,michelle.cain@ecommerce.io,Australia,2020-06-01,Basic,829.12
9334,Kyle Parker,kyle.parker@example.com,UK,2021-03-29,Basic,691.77
9335,Robert Stevenson,robert.stevenson@customer.net,Germany,2021-02-19,Premium,7479.96
9336,Nicholas Hernandez,nicholas.hernandez@shopmail.com,Canada,2020-01-01,Basic,529.98
9337,Daniel Miller,daniel.miller@shopmail.com,Canada,2023-03-07,Premium,33429.48
9338,Krystal Reynolds,krystal.reynolds@ecommerce.io,UK,2021-04-29,Standard,3253.86
9339,Johnny Rodgers,johnny.rodgers@customer.net,UK,2023-09-15,Standard,4921.20
9340,Michael Kelly,michael.kelly@ecommerce.io,Germany,2021-07-23,Basic,280.55
9341,Bailey Jackson,bailey.jackson@ecommerce.io,India,2022-10-29,Standard,1077.73
9342,Tara Keller,tara.keller@ecommerce.io,USA,2022-03-13,Premium,11372.58
9343,Joshua Campbell,joshua.campbell@ecommerce.io,USA,2020-07-08,Standard,3853.47
9344,Loretta Miranda,loretta.miranda@shopmail.com,Australia,2020-09-05,Standard,2071.96
9345,Craig Page,craig.page@example.com,UK,2023-03-28,Standard,2022.70
9346,Trevor Gonzalez,trevor.gonzalez@ecommerce.io,India,2024-09-20,Standard,2443.02
9347,Andrea Schmidt,andrea.schmidt@ecommerce.io,Germany,2024-10-27,Basic,768.60
9348,Steven Smith,steven.smith@example.com,USA,2022-10-25,Standard,1422.20
9349,Elizabeth Hall,elizabeth.hall@example.com,UK,2021-03-13,Standard,1676.73
9350,Jeremiah Byrd,jeremiah.byrd@ecommerce.io,USA,2023-05-13,Premium,28503.58
9351,Kristina Mason,kristina.mason@example.com,Germany,2024-03-03,Basic,114.24
9352,Michelle Drake,michelle.drake@customer.net,India,2021-12-15,Standard,1129.37
9353,Jennifer Rice,jennifer.rice@example.com,Australia,2023-03-30,Basic,932.49
9354,Joshua Solis,joshua.solis@customer.net,Germany,2023-07-22,Standard,2417.28
9355,Amanda Kaiser,amanda.kaiser@customer.net,USA,2024-12-18,Premium,22615.36
9356,Richard Cline,richard.cline@shopmail.com,Australia,2023-07-29,Premium,45836.46
9357,Andrew Bradford,andrew.bradford@ecommerce.io,UK,2024-02-10,Standard,3416.38
9358,Lisa Kaiser,lisa.kaiser@customer.net,France,2024-12-06,Standard,3973.89
9359,Hunter Martin,hunter.martin@customer.net,India,2020-12-03,Standard,1040.63
9360,Natalie Collins,natalie.collins@ecommerce.io,India,2023-02-12,Basic,981.17
9361,Diana Ramirez,diana.ramirez@example.com,India,2021-04-10,Premium,22255.41
9362,Leah Lopez,leah.lopez@shopmail.com,Canada,2022-09-26,Standard,2506.38
9363,Michelle Wilson,michelle.wilson@ecommerce.io,Canada,2024-05-27,Standard,1570.62
9364,Richard Collins,richard.collins@customer.net,USA,2023-11-06,Basic,916.19
9365,Julie Rice,julie.rice@ecommerce.io,Canada,2021-03-22,Basic,157.98
9366,Adam Bautista,adam.bautista@ecommerce.io,Canada,2020-02-01,Standard,4828.77
9367,Tyler Garcia,tyler.garcia@example.com,UK,2023-07-10,Basic,655.49
9368,Jessica Brennan,jessica.brennan@customer.net,Australia,2023-04-08,Premium,20754.14
9369,Paul Archer,paul.archer@ecommerce.io,Germany,2021-06-04,Standard,1540.92
9370,James Brown,james.brown@shopmail.com,France,2021-06-04,Standard,1812.51
9371,Holly Garcia,holly.garcia@example.com,India,2023-06-03,Standard,1099.22
9372,Sean Clayton,sean.clayton@shopmail.com,Canada,2021-10-24,Standard,1226.75
9373,Cindy Gaines,cindy.gaines@ecommerce.io,Australia,2022-05-31,Standard,3660.06
9374,Brandon Davis,brandon.davis@shopmail.com,India,2021-02-09,Standard,2673.37
9375,Joshua Mays,joshua.mays@example.com,Germany,2020-05-01,Standard,4137.41
9376,Jason Ellison,jason.ellison@shopmail.com,Canada,2020-12-13,Premium,20103.18
9377,Thomas Wilson,thomas.wilson@shopmail.com,Australia,2023-09-10,Basic,172.24
9378,Daniel Vaughn,daniel.vaughn@example.com,Germany,2022-05-12,Standard,1745.90
9379,Julie Lawrence,julie.lawrence@example.com,France,2021-12-10,Premium,18462.59
9380,Steven Pearson,steven.pearson@ecommerce.io,Canada,2023-10-22,Premium,6421.11
9381,Robert Norman,robert.norman@customer.net,France,2020-03-15,Standard,2403.98
9382,Daniel Mccoy,daniel.mccoy@shopmail.com,France,2020-08-20,Standard,2782.45
9383,Paul Ho,paul.ho@shopmail.com,India,2024-10-02,Standard,3443.92
9384,Kathleen Case,kathleen.case@example.com,USA,2024-04-07,Standard,4668.62
9385,Gabriela Jensen,gabriela.jensen@shopmail.com,India,2023-04-13,Basic,480.96
9386,Karen Williams,karen.williams@ecommerce.io,Germany,2020-08-11,Standard,1546.47
9387,William Garcia,william.garcia@customer.net,Canada,2022-03-02,Premium,17499.94
9388,Deborah Bruce,deborah.bruce@customer.net,Germany,2021-06-15,Standard,2854.15
9389,Daisy Underwood,daisy.underwood@customer.net,UK,2021-11-08,Basic,909.06
9390,Mark Diaz,mark.diaz@ecommerce.io,USA,2024-03-05,Standard,3722.00
9391,Albert Martinez,albert.martinez@ecommerce.io,UK,2024-06-14,Standard,4936.80
9392,Jamie Kim,jamie.kim@shopmail.com,Canada,2022-08-17,Basic,894.51
9393,Jeffrey Moreno,jeffrey.moreno@shopmail.com,France,2022-06-03,Basic,207.83
9394,Jasmin Johnson,jasmin.johnson@ecommerce.io,Australia,2021-11-16,Premium,39411.95
9395,Sandra Grant,sandra.grant@shopmail.com,France,2023-10-16,Premium,43624.48
9396,Erica Hood,erica.hood@ecommerce.io,UK,2020-01-23,Standard,1984.46
9397,Alexandra Smith,alexandra.smith@customer.net,Canada,2024-09-01,Basic,607.98
9398,Devin Mcdonald,devin.mcdonald@example.com,India,2024-09-14,Standard,3251.19
9399,Kathleen Espinoza,kathleen.espinoza@example.com,India,2021-12-15,Basic,267.11
9400,Taylor Dougherty,taylor.dougherty@example.com,India,2024-10-29,Basic,404.98
9401,Daniel Johnson,daniel.johnson@customer.net,Germany,2021-03-25,Premium,45030.18
9402,Hannah Rodriguez,hannah.rodriguez@shopmail.com,India,2020-04-18,Basic,304.30
9403,Christina Daugherty,christina.daugherty@ecommerce.io,USA,2020-08-02,Basic,763.86
9404,Eric English,eric.english@customer.net,India,2022-04-02,Standard,3369.88
9405,Erica Koch,erica.koch@example.com,France,2024-11-06,Standard,3586.76
9406,Brianna Travis,brianna.travis@ecommerce.io,USA,2024-09-25,Basic,540.65
9407,John Henry,john.henry@customer.net,USA,2023-05-17,Premium,20929.80
9408,David Gonzalez,david.gonzalez@ecommerce.io,Canada,2023-12-18,Standard,2109.39
9409,Matthew Perez,matthew.perez@example.com,Canada,2021-05-21,Basic,558.85
9410,Seth Barnes,seth.barnes@customer.net,UK,2023-02-05,Basic,679.16
9411,Michelle Yoder,michelle.yoder@ecommerce.io,Australia,2024-06-28,Standard,2490.63
9412,Adam Yates,adam.yates@ecommerce.io,France,2022-08-03,Standard,3499.73
9413,Amy Nunez,amy.nunez@shopmail.com,Australia,2022-04-17,Standard,1906.32
9414,Jennifer Diaz,jennifer.diaz@shopmail.com,UK,2021-06-25,Basic,952.99
9415,Michael Camacho,michael.camacho@example.com,UK,2023-10-17,Standard,4446.89
9416,Vincent Smith,vincent.smith@example.com,Canada,2022-04-17,Standard,2622.00
9417,Denise Caldwell,denise.caldwell@example.com,Canada,2020-05-08,Standard,3740.91
9418,Kelly Lindsey,kelly.lindsey@example.com,Germany,2022-03-24,Standard,3073.45
9419,Dennis Walter,dennis.walter@shopmail.com,France,2024-05-16,Basic,556.31
9420,Tamara Martin,tamara.martin@example.com,Australia,2023-07-20,Standard,3994.15
9421,Madison Myers,madison.myers@ecommerce.io,India,2024-01-16,Premium,33227.03
9422,Benjamin Holder,benjamin.holder@customer.net,India,2020-01-16,Standard,1640.57
9423,Carrie Hines,carrie.hines@shopmail.com,Germany,2024-03-14,Standard,1961.26
9424,Andrea Bradford,andrea.bradford@shopmail.com,Germany,2021-05-25,Standard,3136.45
9425,Jordan Estrada,jordan.estrada@example.com,France,2021-06-22,Premium,13675.02
9426,Andrew Owen,andrew.owen@ecommerce.io,India,2023-10-12,Premium,26669.59
9427,Evelyn Kelly,evelyn.kelly@customer.net,Australia,2023-02-24,Premium,11430.00
9428,Samuel Vaughn,samuel.vaughn@example.com,Australia,2021-08-10,Premium,25756.99
9429,John Atkinson,john.atkinson@shopmail.com,USA,2022-06-30,Basic,284.48
9430,Robin Diaz,robin.diaz@customer.net,India,2024-03-16,Standard,1915.82
9431,Kaitlyn Rich,kaitlyn.rich@example.com,Canada,2024-08-16,Standard,4856.68
9432,Douglas Morris,douglas.morris@customer.net,India,2021-09-17,Basic,506.86
9433,Jill Roberson,jill.roberson@shopmail.com,USA,2023-08-28,Basic,187.94
9434,Patricia Colon,patricia.colon@ecommerce.io,France,2020-12-26,Standard,2618.10
9435,Paul Smith,paul.smith@example.com,USA,2023-01-22,Standard,4472.71
9436,Sarah Robinson,sarah.robinson@ecommerce.io,UK,2023-01-28,Standard,1777.38
9437,Michael Krause,michael.krause@ecommerce.io,Germany,2022-11-04,Premium,38111.01
9438,Stephanie Banks,stephanie.banks@customer.net,Canada,2022-06-06,Basic,108.80
9439,Katie Orozco,katie.orozco@example.com,Australia,2024-06-10,Standard,4776.00
9440,Eric Allison,eric.allison@example.com,India,2023-10-06,Basic,216.87
9441,Jacqueline Neal,jacqueline.neal@customer.net,India,2024-01-05,Standard,1738.33
9442,Christine Glenn,christine.glenn@shopmail.com,Germany,2020-05-14,Standard,2869.15
9443,Becky Roberts,becky.roberts@customer.net,USA,2024-07-20,Standard,3180.43
9444,Melissa Gordon,melissa.gordon@customer.net,India,2021-02-16,Standard,1312.77
9445,Jeffrey Smith,jeffrey.smith@example.com,France,2020-06-23,Standard,1759.94
9446,Roberta Rodgers,roberta.rodgers@shopmail.com,France,2024-02-20,Basic,281.28
9447,Caroline Pacheco,caroline.pacheco@example.com,Canada,2021-11-26,Basic,106.08
9448,Lisa Stewart,lisa.stewart@shopmail.com,Canada,2023-03-08,Standard,1447.78
9449,Jeremy Hernandez,jeremy.hernandez@ecommerce.io,Germany,2022-04-24,Premium,16478.23
9450,Micheal Jones,micheal.jones@customer.net,UK,2023-02-22,Premium,36069.69
9451,Thomas Diaz,thomas.diaz@example.com,UK,2024-12-02,Standard,1935.46
9452,Lindsey Pierce,lindsey.pierce@shopmail.com,Australia,2020-11-26,Basic,672.08
9453,Paul Carter,paul.carter@example.com,France,2020-06-02,Basic,427.40
9454,Jennifer Sanchez,jennifer.sanchez@shopmail.com,Canada,2023-11-10,Basic,553.47
9455,Elizabeth Walls,elizabeth.walls@shopmail.com,USA,2021-02-13,Standard,2590.10
9456,Michelle Hall,michelle.hall@example.com,Australia,2021-05-03,Premium,15995.80
9457,Andrea Davis,andrea.davis@customer.net,India,2022-12-03,Standard,2820.31
9458,Mark Wilkins,mark.wilkins@customer.net,Canada,2023-05-09,Premium,49734.42
9459,Nicole Hill,nicole.hill@customer.net,Australia,2023-11-05,Standard,2003.50
9460,Victor Green,victor.green@example.com,Canada,2023-11-24,Standard,1121.13
9461,Victoria Henry,victoria.henry@customer.net,Germany,2023-01-04,Standard,1298.15
9462,Lori Richards,lori.richards@shopmail.com,Germany,2023-06-02,Standard,3534.81
9463,Roger Haley,roger.haley@ecommerce.io,Australia,2023-03-07,Standard,1893.17
9464,Luke Wright,luke.wright@example.com,India,2023-02-13,Basic,903.48
9465,Matthew Garner,matthew.garner@shopmail.com,India,2022-07-06,Basic,681.62
9466,Robin Rodriguez,robin.rodriguez@ecommerce.io,Germany,2023-03-17,Standard,2393.49
9467,Amy Jones,amy.jones@shopmail.com,India,2024-05-04,Standard,2686.98
9468,Shane Vasquez,shane.vasquez@shopmail.com,UK,2024-05-08,Standard,1697.34
9469,Lindsay Anderson,lindsay.anderson@ecommerce.io,India,2022-11-13,Standard,2657.30
9470,Brittany Hubbard,brittany.hubbard@example.com,Canada,2022-06-03,Basic,819.79
9471,Tyler Garcia,tyler.garcia@shopmail.com,UK,2020-04-16,Standard,4270.39
9472,Michael Moore,michael.moore@example.com,USA,2023-10-22,Standard,3304.01
9473,Melissa Fowler,melissa.fowler@example.com,USA,2021-07-21,Standard,3815.02
9474,Kathryn Burnett,kathryn.burnett@shopmail.com,France,2024-12-22,Premium,49789.79
9475,Steven Perez,steven.perez@customer.net,USA,2024-12-21,Standard,4455.89
9476,Patrick Hernandez,patrick.hernandez@shopmail.com,India,2022-05-09,Premium,10767.22
9477,Kristin Graham,kristin.graham@ecommerce.io,France,2021-11-06,Standard,2610.78
9478,Joanna Ewing,joanna.ewing@customer.net,France,2023-08-17,Standard,4900.64
9479,Kelsey Henderson,kelsey.henderson@example.com,Germany,2021-03-29,Standard,4211.94
9480,Steven Thomas,steven.thomas@customer.net,Germany,2022-04-14,Premium,6140.02
9481,Michael Alexander,michael.alexander@shopmail.com,France,2024-11-29,Standard,3600.64
9482,Anthony Harris,anthony.harris@example.com,Australia,2021-05-06,Standard,2630.56
9483,Margaret Marshall,margaret.marshall@example.com,Germany,2022-01-06,Standard,4090.42
9484,Michael Trujillo,michael.trujillo@customer.net,France,2023-01-28,Standard,2004.03
9485,Karen Castillo,karen.castillo@customer.net,Germany,2023-12-21,Standard,1974.73
9486,Wanda Goodwin,wanda.goodwin@ecommerce.io,Germany,2024-05-18,Standard,1342.49
9487,Timothy Sharp,timothy.sharp@ecommerce.io,Canada,2021-03-29,Basic,408.39
9488,Jay Tucker,jay.tucker@customer.net,France,2022-01-11,Standard,3251.43
9489,Kurt Perez,kurt.perez@ecommerce.io,Canada,2022-10-31,Standard,1934.85
9490,Allen Lopez,allen.lopez@shopmail.com,Germany,2021-08-20,Premium,19042.46
9491,Scott Nicholson,scott.nicholson@shopmail.com,UK,2024-04-02,Basic,657.52
9492,Mary Gordon,mary.gordon@example.com,Canada,2020-09-24,Basic,341.81
9493,Mark Stevens,mark.stevens@shopmail.com,Canada,2024-09-01,Standard,4388.94
9494,Herbert Williams,herbert.williams@example.com,UK,2020-09-03,Standard,4944.38
9495,Anna Cook,anna.cook@shopmail.com,France,2021-11-12,Basic,810.53
9496,Kaylee Foster,kaylee.foster@example.com,Germany,2024-04-03,Standard,1433.71
9497,Allison Zavala,allison.zavala@shopmail.com,Germany,2024-01-16,Premium,23496.57
9498,Patricia Lopez,patricia.lopez@ecommerce.io,USA,2021-04-01,Basic,850.63
9499,Zachary Evans,zachary.evans@example.com,Canada,2021-03-14,Standard,2963.39
9500,Brandon Butler,brandon.butler@shopmail.com,Germany,2023-06-05,Premium,45137.04
9501,John Smith,john.smith@example.com,France,2024-02-06,Standard,2501.29
9502,Denise Bennett,denise.bennett@example.com,USA,2022-12-09,Standard,2652.81
9503,Jamie Mendoza,jamie.mendoza@customer.net,USA,2024-11-09,Basic,546.42
9504,Carlos Davenport,carlos.davenport@shopmail.com,France,2024-06-07,Basic,285.96
9505,Jamie Morgan,jamie.morgan@shopmail.com,France,2021-09-14,Premium,6452.54
9506,Jessica Rasmussen,jessica.rasmussen@ecommerce.io,France,2021-08-18,Standard,1726.44
9507,Richard Butler,richard.butler@example.com,Germany,2022-02-03,Basic,503.48
9508,Devon Munoz,devon.munoz@customer.net,Canada,2022-12-03,Standard,2512.11
9509,Jeffery Rice,jeffery.rice@example.com,USA,2023-11-04,Standard,4626.35
9510,Jennifer Huff,jennifer.huff@example.com,India,2021-11-29,Standard,2577.18
9511,Catherine Russell,catherine.russell@ecommerce.io,Canada,2022-09-07,Basic,289.16
9512,Emily Johnson,emily.johnson@ecommerce.io,USA,2020-04-14,Basic,615.02
9513,Jose Sellers,jose.sellers@example.com,Australia,2022-06-02,Premium,46764.86
9514,Alexandra Long,alexandra.long@customer.net,India,2023-10-12,Basic,875.34
9515,Erin Thompson,erin.thompson@shopmail.com,USA,2022-06-21,Standard,2513.87
9516,Heather Deleon,heather.deleon@shopmail.com,Canada,2021-08-20,Premium,36212.86
9517,Kimberly Green,kimberly.green@customer.net,Australia,2023-04-23,Standard,1365.61
9518,Michael Johnson,michael.johnson@shopmail.com,UK,2024-04-03,Premium,36071.31
9519,Alicia Flowers,alicia.flowers@customer.net,India,2023-06-23,Basic,977.60
9520,Kelsey Wells,kelsey.wells@ecommerce.io,India,2024-06-10,Standard,2447.76
9521,Becky Harmon,becky.harmon@example.com,Germany,2023-02-13,Standard,1762.15
9522,Susan Murphy,susan.murphy@shopmail.com,Germany,2020-02-13,Basic,435.45
9523,Melissa Patterson,melissa.patterson@shopmail.com,India,2023-07-13,Standard,2241.18
9524,Jonathan Smith,jonathan.smith@customer.net,France,2022-03-30,Basic,439.45
9525,James Douglas,james.douglas@example.com,France,2022-08-12,Premium,39100.93
9526,Marc Cole,marc.cole@example.com,Canada,2020-08-09,Standard,2156.50
9527,Jillian Porter,jillian.porter@customer.net,UK,2021-09-18,Premium,28689.92
9528,Nicole Porter,nicole.porter@example.com,UK,2024-06-30,Standard,3972.53
9529,Matthew Scott,matthew.scott@shopmail.com,India,2022-07-10,Premium,32560.94
9530,Samuel Jones,samuel.jones@shopmail.com,Australia,2024-02-29,Basic,904.46
9531,Janet Johnson,janet.johnson@example.com,France,2023-08-17,Standard,3751.39
9532,Marie Rose,marie.rose@example.com,Australia,2020-11-30,Standard,1339.07
9533,Dylan White,dylan.white@ecommerce.io,Canada,2024-08-29,Premium,24778.68
9534,Jason Powell,jason.powell@example.com,USA,2022-08-31,Standard,1742.16
9535,Mary Gibson,mary.gibson@customer.net,UK,2021-05-26,Standard,1229.60
9536,Jamie Brown,jamie.brown@customer.net,Canada,2022-07-03,Standard,4454.07
9537,Gregory Acevedo,gregory.acevedo@customer.net,Australia,2020-05-30,Basic,682.62
9538,Dylan Garcia,dylan.garcia@example.com,Canada,2020-07-21,Standard,1944.57
9539,Kathleen Huff,kathleen.huff@customer.net,Germany,2022-09-23,Standard,3424.82
9540,Maria Curtis,maria.curtis@shopmail.com,Australia,2020-09-20,Basic,747.56
9541,Tracy Lawson,tracy.lawson@customer.net,Germany,2021-03-22,Premium,26056.15
9542,Tanya Rodriguez,tanya.rodriguez@customer.net,Canada,2021-11-03,Standard,4117.86
9543,Frank Chan,frank.chan@example.com,India,2020-09-27,Standard,1120.43
9544,Eric Ware,eric.ware@ecommerce.io,Canada,2023-10-04,Standard,1095.65
9545,Nathan Roberts,nathan.roberts@ecommerce.io,Canada,2021-02-20,Premium,30191.80
9546,Mary Powell,mary.powell@shopmail.com,Germany,2024-09-17,Basic,629.20
9547,Angela Johnson,angela.johnson@ecommerce.io,USA,2021-04-27,Standard,3700.36
9548,Gregory Garcia,gregory.garcia@ecommerce.io,India,2023-01-23,Standard,3083.63
9549,Roger Lane,roger.lane@customer.net,France,2024-11-20,Basic,107.34
9550,Jared Gates,jared.gates@customer.net,UK,2023-03-02,Basic,921.62
9551,Harold Johnson,harold.johnson@ecommerce.io,USA,2023-01-09,Basic,723.43
9552,Henry Gutierrez,henry.gutierrez@example.com,Australia,2024-01-24,Standard,4596.64
9553,Susan Carroll,susan.carroll@example.com,Australia,2021-07-30,Standard,4159.81
9554,Andrea Davis,andrea.davis@ecommerce.io,UK,2022-07-27,Standard,1213.18
9555,Tiffany Adams,tiffany.adams@ecommerce.io,Canada,2021-12-04,Premium,37685.41
9556,Erika Adams,erika.adams@customer.net,USA,2020-05-04,Standard,3406.28
9557,Maria Brown,maria.brown@shopmail.com,France,2022-08-31,Standard,2109.06
9558,Amy Oneill,amy.oneill@ecommerce.io,USA,2024-11-21,Premium,32613.95
9559,Shannon Stephenson,shannon.stephenson@ecommerce.io,Germany,2024-06-21,Standard,1029.16
9560,Katherine Dorsey,katherine.dorsey@shopmail.com,France,2024-12-11,Standard,1123.96
9561,Linda Miller,linda.miller@example.com,Australia,2020-02-08,Standard,3239.32
9562,Sandra Griffin,sandra.griffin@customer.net,Germany,2022-07-29,Standard,1001.70
9563,Kimberly Beasley,kimberly.beasley@ecommerce.io,USA,2020-08-05,Basic,272.25
9564,Gina Pugh,gina.pugh@shopmail.com,India,2024-07-01,Standard,3402.52
9565,Kelly Gonzalez,kelly.gonzalez@ecommerce.io,Germany,2022-07-14,Premium,42688.57
9566,Jack Conley,jack.conley@customer.net,Australia,2024-04-29,Basic,374.03
9567,Isaiah Rangel,isaiah.rangel@customer.net,India,2021-05-16,Standard,1367.96
9568,Nicholas Walker,nicholas.walker@customer.net,USA,2022-11-28,Basic,462.93
9569,Daniel Stokes,daniel.stokes@customer.net,Australia,2024-04-16,Standard,4403.39
9570,Ernest Ramirez,ernest.ramirez@customer.net,UK,2024-06-17,Standard,1905.85
9571,Scott Werner,scott.werner@shopmail.com,India,2022-12-29,Standard,1477.52
9572,Ruth Smith,ruth.smith@shopmail.com,UK,2024-03-04,Premium,40971.76
9573,Jeffrey Hart,jeffrey.hart@customer.net,Canada,2020-02-25,Premium,32451.88
9574,Judith Avila,judith.avila@ecommerce.io,India,2024-08-16,Standard,2107.22
9575,Mark Brown,mark.brown@example.com,India,2021-10-02,Standard,1899.99
9576,Nicole Gilbert,nicole.gilbert@shopmail.com,India,2021-06-09,Standard,4863.23
9577,Cheyenne Hatfield,cheyenne.hatfield@ecommerce.io,USA,2020-09-27,Standard,1435.75
9578,Mark Hale,mark.hale@shopmail.com,USA,2023-01-12,Standard,3608.60
9579,Jeffery Jacobs,jeffery.jacobs@shopmail.com,India,2022-12-23,Basic,654.17
9580,David Haynes,david.haynes@shopmail.com,France,2020-01-19,Basic,925.41
9581,Vickie Snyder,vickie.snyder@shopmail.com,India,2020-02-08,Basic,419.82
9582,Amber Miller,amber.miller@ecommerce.io,USA,2021-08-14,Basic,669.69
9583,Patricia Wilson,patricia.wilson@customer.net,France,2022-05-07,Standard,3394.67
9584,Paul Bailey,paul.bailey@example.com,France,2020-12-12,Premium,44444.96
9585,Brandon Proctor,brandon.proctor@ecommerce.io,UK,2024-07-08,Premium,18521.00
9586,Anna Patterson,anna.patterson@example.com,Canada,2023-07-29,Basic,510.55
9587,David Jordan,david.jordan@ecommerce.io,Australia,2024-06-29,Standard,1581.57
9588,Robert Foster,robert.foster@customer.net,India,2020-07-09,Standard,3606.62
9589,Mark Jackson,mark.jackson@customer.net,India,2024-01-31,Premium,47968.22
9590,Michelle Tran,michelle.tran@shopmail.com,India,2021-05-09,Standard,1904.80
9591,Kevin Rowland,kevin.rowland@customer.net,India,2023-06-14,Basic,379.64
9592,Brianna Baker,brianna.baker@example.com,France,2021-07-02,Premium,16542.39
9593,Kaitlyn Willis,kaitlyn.willis@customer.net,Germany,2020-06-20,Standard,2656.68
9594,Andrew Sharp,andrew.sharp@shopmail.com,France,2024-09-18,Basic,848.23
9595,William Payne,william.payne@ecommerce.io,USA,2024-02-06,Basic,472.98
9596,Kevin Smith,kevin.smith@shopmail.com,USA,2022-12-30,Premium,18811.42
9597,Kaitlin Chaney,kaitlin.chaney@customer.net,UK,2023-09-30,Standard,1722.39
9598,Karen Mathis,karen.mathis@shopmail.com,UK,2021-06-07,Standard,3538.15
9599,Andrew Williams,andrew.williams@ecommerce.io,Canada,2022-05-29,Standard,3991.07
9600,Alejandro Espinoza,alejandro.espinoza@example.com,UK,2024-04-07,Premium,39168.92
9601,Dakota Moyer,dakota.moyer@customer.net,Germany,2023-10-15,Standard,1694.10
9602,Megan Larson,megan.larson@example.com,USA,2024-11-22,Standard,3407.97
9603,Gabriel Ingram,gabriel.ingram@shopmail.com,Australia,2022-11-10,Basic,908.37
9604,Rebecca Frank,rebecca.frank@ecommerce.io,Australia,2021-03-06,Premium,42230.96
9605,Shirley Macias,shirley.macias@ecommerce.io,India,2023-08-04,Basic,335.93
9606,John Johnson,john.johnson@customer.net,UK,2024-08-25,Premium,49345.00
9607,Jonathon Armstrong,jonathon.armstrong@customer.net,India,2024-03-11,Standard,3586.08
9608,Austin Perez,austin.perez@example.com,India,2024-04-02,Standard,1992.24
9609,Rachel Bailey,rachel.bailey@ecommerce.io,Australia,2022-07-20,Basic,815.58
9610,James Clark,james.clark@shopmail.com,Australia,2024-04-15,Basic,331.58
9611,Adam Jackson,adam.jackson@ecommerce.io,France,2020-06-29,Premium,27634.58
9612,Michael Williams,michael.williams@example.com,Canada,2023-12-02,Basic,889.24
9613,Lisa Bullock,lisa.bullock@shopmail.com,Australia,2021-06-17,Basic,146.61
9614,Linda Cooper,linda.cooper@ecommerce.io,India,2021-07-05,Standard,2670.67
9615,Teresa Wilson,teresa.wilson@shopmail.com,USA,2022-04-02,Standard,3467.29
9616,Nicole Perez,nicole.perez@customer.net,USA,2020-07-15,Standard,3496.94
9617,Matthew Murphy,matthew.murphy@ecommerce.io,India,2023-04-27,Basic,508.90
9618,Jennifer Merritt,jennifer.merritt@shopmail.com,Canada,2021-05-03,Standard,4162.69
9619,Jeremy Sullivan,jeremy.sullivan@ecommerce.io,France,2021-07-12,Standard,2514.34
9620,William Spencer,william.spencer@ecommerce.io,Canada,2024-12-31,Standard,4335.70
9621,Ann Neal,ann.neal@example.com,Australia,2021-10-18,Premium,16437.89
9622,Jared Lee,jared.lee@shopmail.com,India,2024-02-06,Premium,38938.53
9623,Kimberly Lee,kimberly.lee@ecommerce.io,USA,2022-08-25,Premium,30209.04
9624,Francis Horn,francis.horn@ecommerce.io,Australia,2021-01-21,Standard,3327.32
9625,Phillip Martin,phillip.martin@shopmail.com,India,2021-07-10,Basic,670.62
9626,Ronald Smith,ronald.smith@shopmail.com,UK,2024-03-07,Basic,660.48
9627,Amanda Reed,amanda.reed@shopmail.com,USA,2021-11-08,Basic,713.22
9628,Julie Ryan,julie.ryan@ecommerce.io,Australia,2021-12-10,Basic,945.41
9629,Deanna Martinez,deanna.martinez@customer.net,India,2020-10-29,Basic,899.30
9630,Marie Kramer,marie.kramer@customer.net,Canada,2022-02-26,Standard,4186.63
9631,Karen Davis,karen.davis@customer.net,France,2023-11-17,Basic,297.68
9632,Nichole Brown,nichole.brown@shopmail.com,France,2021-05-12,Basic,642.13
9633,Kimberly Potter,kimberly.potter@shopmail.com,USA,2020-03-01,Basic,620.52
9634,Philip Velez,philip.velez@ecommerce.io,India,2022-06-30,Standard,3187.78
9635,Cheryl Mendez,cheryl.mendez@shopmail.com,India,2024-12-08,Standard,3117.39
9636,Stephanie Wilson,stephanie.wilson@ecommerce.io,Germany,2021-01-03,Basic,753.44
9637,John Crawford,john.crawford@shopmail.com,France,2022-07-01,Basic,566.59
9638,James Castillo,james.castillo@example.com,France,2023-05-18,Premium,30310.45
9639,Kyle Watson,kyle.watson@ecommerce.io,Germany,2024-03-28,Basic,814.12
9640,Ernest Escobar,ernest.escobar@example.com,India,2022-07-12,Standard,4014.74
9641,Patrick Larson,patrick.larson@customer.net,UK,2023-10-02,Standard,2277.53
9642,Michelle Davidson,michelle.davidson@customer.net,USA,2021-03-04,Basic,920.98
9643,Ashley Winters,ashley.winters@customer.net,Canada,2022-12-01,Standard,2808.00
9644,Matthew Odom,matthew.odom@example.com,Australia,2020-09-27,Standard,1138.23
9645,Connor Anderson,connor.anderson@shopmail.com,USA,2021-05-31,Standard,2601.56
9646,Randall Jones,randall.jones@example.com,Germany,2021-08-11,Basic,287.34
9647,Jeremy Olson,jeremy.olson@customer.net,India,2021-06-15,Premium,46381.74
9648,Jesse Morales,jesse.morales@customer.net,UK,2023-06-11,Standard,1670.99
9649,Sherry Wyatt,sherry.wyatt@ecommerce.io,India,2024-05-14,Premium,17101.22
9650,Joshua Flores,joshua.flores@shopmail.com,Australia,2020-07-26,Standard,3296.63
9651,Elizabeth Romero,elizabeth.romero@example.com,USA,2020-05-18,Premium,13139.34
9652,Samantha King,samantha.king@customer.net,Germany,2021-01-03,Basic,649.38
9653,Curtis Bullock,curtis.bullock@example.com,Australia,2022-03-19,Basic,656.55
9654,Jacqueline Zamora,jacqueline.zamora@shopmail.com,Germany,2020-06-18,Standard,4915.19
9655,Ronald West,ronald.west@customer.net,Germany,2023-09-18,Basic,478.27
9656,Katie Johnson,katie.johnson@example.com,Germany,2023-11-23,Standard,3292.56
9657,Ashley Moore,ashley.moore@customer.net,Canada,2022-05-10,Standard,2466.68
9658,Judy Patel,judy.patel@example.com,France,2021-05-22,Basic,195.76
9659,Joseph Baxter,joseph.baxter@shopmail.com,USA,2023-08-27,Standard,1020.66
9660,Joseph Lee,joseph.lee@example.com,Australia,2024-11-08,Basic,572.40
9661,Janet Brown,janet.brown@ecommerce.io,UK,2023-03-10,Premium,47070.33
9662,Hayley Dalton,hayley.dalton@customer.net,Canada,2020-05-22,Premium,41330.23
9663,Michael Stewart,michael.stewart@customer.net,Australia,2023-11-25,Standard,2071.17
9664,Joseph Cortez,joseph.cortez@customer.net,USA,2024-07-02,Basic,367.09
9665,Donald Perkins,donald.perkins@shopmail.com,USA,2022-03-25,Standard,2962.94
9666,Daniel Young,daniel.young@ecommerce.io,Germany,2024-09-09,Standard,3957.94
9667,Maureen Holmes,maureen.holmes@customer.net,USA,2020-03-19,Basic,442.70
9668,Scott Lowery,scott.lowery@example.com,Germany,2022-07-19,Basic,963.45
9669,Steven Taylor,steven.taylor@customer.net,France,2022-12-24,Standard,4542.18
9670,Steven Dickson,steven.dickson@ecommerce.io,USA,2023-01-17,Premium,10304.52
9671,Nicholas Figueroa,nicholas.figueroa@shopmail.com,India,2023-05-30,Premium,6144.11
9672,Michelle Hernandez,michelle.hernandez@customer.net,France,2024-07-16,Standard,4776.08
9673,Clarence Gardner,clarence.gardner@example.com,Australia,2020-08-02,Standard,3621.21
9674,Jean King,jean.king@ecommerce.io,India,2022-03-11,Standard,2085.70
9675,Lauren Morris,lauren.morris@customer.net,Australia,2021-11-08,Standard,3157.41
9676,Sarah Moody,sarah.moody@ecommerce.io,Germany,2023-04-28,Standard,1085.15
9677,Brittany Fitzgerald,brittany.fitzgerald@shopmail.com,Germany,2023-07-11,Standard,2844.67
9678,Tanya Turner,tanya.turner@ecommerce.io,India,2022-09-28,Basic,938.50
9679,Amy Vasquez,amy.vasquez@example.com,India,2023-04-09,Basic,784.86
9680,Ryan Walters,ryan.walters@shopmail.com,Australia,2024-08-15,Basic,947.41
9681,Maria Gonzalez,maria.gonzalez@customer.net,Canada,2020-11-28,Standard,1868.85
9682,Jason Young,jason.young@example.com,Canada,2021-10-08,Premium,42773.41
9683,George Lawrence,george.lawrence@shopmail.com,USA,2021-06-24,Premium,32534.13
9684,Angela Gomez,angela.gomez@example.com,India,2022-08-06,Standard,4394.63
9685,Michael Williamson,michael.williamson@shopmail.com,Germany,2024-04-24,Premium,26087.53
9686,Brian Peterson,brian.peterson@customer.net,Canada,2021-02-18,Standard,4249.76
9687,Jennifer Wade,jennifer.wade@customer.net,India,2021-08-18,Basic,810.91
9688,Susan Hill,susan.hill@customer.net,UK,2022-12-19,Premium,11277.58
9689,Nicole Cook,nicole.cook@customer.net,India,2024-08-03,Premium,11347.87
9690,Wesley Mueller,wesley.mueller@shopmail.com,USA,2021-01-29,Basic,858.42
9691,Jill Moreno,jill.moreno@shopmail.com,USA,2022-08-30,Standard,4206.03
9692,Maria Weaver,maria.weaver@customer.net,UK,2023-11-04,Premium,16168.84
9693,Teresa Flores,teresa.flores@example.com,India,2024-03-13,Premium,46311.11
9694,Samuel Leon,samuel.leon@example.com,France,2024-12-25,Standard,3765.50
9695,Derek Kramer,derek.kramer@example.com,USA,2020-12-06,Basic,794.60
9696,Andrew Romero,andrew.romero@ecommerce.io,Canada,2023-12-08,Standard,4518.97
9697,Raymond Martinez,raymond.martinez@ecommerce.io,Australia,2024-08-24,Premium,40047.92
9698,Breanna Jackson,breanna.jackson@shopmail.com,USA,2020-07-23,Basic,220.18
9699,Kevin Robinson,kevin.robinson@customer.net,France,2020-08-04,Premium,5035.59
9700,Kimberly Golden,kimberly.golden@example.com,India,2023-09-12,Standard,4488.31
9701,Jillian Miller,jillian.miller@customer.net,UK,2022-01-22,Basic,215.83
9702,Brenda Jackson,brenda.jackson@customer.net,Germany,2021-02-17,Standard,4312.49
9703,Erik White,erik.white@example.com,USA,2022-07-14,Standard,4059.32
9704,Michael Fischer,michael.fischer@customer.net,France,2023-08-13,Basic,489.83
9705,Amanda Gomez,amanda.gomez@ecommerce.io,USA,2021-08-18,Standard,2890.64
9706,Laura Peck,laura.peck@ecommerce.io,Germany,2023-01-29,Standard,3277.09
9707,Richard Sherman,richard.sherman@customer.net,Canada,2021-01-15,Premium,20425.65
9708,Vanessa West,vanessa.west@customer.net,Germany,2023-01-07,Standard,3331.77
9709,Andrea Lopez,andrea.lopez@customer.net,Australia,2022-09-14,Standard,4244.97
9710,Kathleen Gilmore,kathleen.gilmore@ecommerce.io,USA,2022-03-05,Standard,3505.95
9711,Debbie Davis,debbie.davis@shopmail.com,Australia,2020-11-25,Standard,4896.66
9712,Sonya Mcguire,sonya.mcguire@customer.net,Australia,2024-08-24,Standard,1120.53
9713,John Hill,john.hill@example.com,France,2021-12-23,Standard,3849.93
9714,Karl Berry,karl.berry@customer.net,India,2023-08-16,Basic,829.65
9715,Brooke French,brooke.french@example.com,France,2023-06-03,Standard,4783.93
9716,Catherine Rios,catherine.rios@shopmail.com,UK,2021-04-02,Basic,152.16
9717,Preston Decker,preston.decker@customer.net,UK,2021-11-20,Standard,3870.93
9718,Scott Taylor,scott.taylor@example.com,Canada,2023-07-31,Standard,4858.00
9719,Raymond Baker,raymond.baker@ecommerce.io,Australia,2023-11-03,Standard,3515.77
9720,Mariah Cooper,mariah.cooper@ecommerce.io,USA,2022-03-16,Standard,1502.82
9721,Mary Mccarty,mary.mccarty@example.com,Germany,2021-01-14,Basic,592.79
9722,Michael Lee,michael.lee@example.com,Canada,2024-01-13,Basic,726.03
9723,Carl Huff,carl.huff@example.com,Australia,2024-08-23,Standard,4166.28
9724,Deborah Smith,deborah.smith@example.com,Canada,2020-06-20,Premium,33750.70
9725,Jesse Jones,jesse.jones@shopmail.com,Canada,2024-07-28,Standard,3269.71
9726,Jo Miller,jo.miller@ecommerce.io,Germany,2022-12-16,Standard,1244.95
9727,Jeffrey Wood,jeffrey.wood@customer.net,Germany,2023-06-14,Basic,666.10
9728,James Harvey,james.harvey@shopmail.com,Canada,2022-09-24,Basic,230.48
9729,Dennis Evans,dennis.evans@ecommerce.io,USA,2023-12-12,Basic,481.96
9730,Steven Miller,steven.miller@example.com,India,2023-01-04,Standard,2963.09
9731,Brittany Reyes,brittany.reyes@example.com,France,2022-04-13,Standard,2144.20
9732,Adam Williams,adam.williams@shopmail.com,UK,2022-03-11,Standard,3113.07
9733,Tammy Huynh,tammy.huynh@customer.net,USA,2023-05-22,Basic,747.31
9734,Douglas Tucker,douglas.tucker@ecommerce.io,USA,2022-05-11,Standard,3688.07
9735,Benjamin Ross,benjamin.ross@example.com,France,2021-10-01,Standard,2393.80
9736,Ricardo Mclean,ricardo.mclean@shopmail.com,Germany,2020-10-13,Standard,2752.31
9737,Kaitlin Guerra,kaitlin.guerra@shopmail.com,USA,2024-10-30,Basic,932.20
9738,Brian Cantrell,brian.cantrell@example.com,UK,2023-10-04,Standard,4074.19
9739,Monica Myers,monica.myers@customer.net,Germany,2022-04-04,Basic,300.65
9740,Jeffery Fox,jeffery.fox@example.com,France,2022-06-24,Premium,48862.84
9741,Sheila Smith,sheila.smith@ecommerce.io,Germany,2022-05-21,Basic,406.97
9742,Ashley Perez,ashley.perez@shopmail.com,Canada,2022-04-01,Premium,43016.16
9743,Glenn Nelson,glenn.nelson@ecommerce.io,India,2020-08-23,Standard,2648.89
9744,Christopher Mckenzie,christopher.mckenzie@customer.net,Canada,2020-05-27,Premium,25761.87
9745,Donna Mathews,donna.mathews@shopmail.com,Australia,2023-02-07,Standard,2188.29
9746,Emily Harris,emily.harris@customer.net,USA,2023-12-28,Standard,3504.72
9747,Michelle Gonzalez,michelle.gonzalez@example.com,Canada,2024-07-07,Standard,4538.45
9748,Robert Smith,robert.smith@ecommerce.io,Australia,2022-12-14,Standard,4819.99
9749,Sharon Williamson,sharon.williamson@customer.net,Canada,2022-12-31,Standard,2838.51
9750,Justin Davis,justin.davis@shopmail.com,France,2023-09-26,Standard,1998.90
9751,Ryan Taylor,ryan.taylor@customer.net,USA,2022-10-11,Premium,29109.87
9752,James Garcia,james.garcia@ecommerce.io,France,2021-08-09,Standard,3162.63
9753,Michael Yoder,michael.yoder@shopmail.com,Canada,2022-01-12,Standard,1507.19
9754,Keith Sexton,keith.sexton@example.com,Germany,2024-11-22,Basic,113.92
9755,James White,james.white@ecommerce.io,India,2021-05-23,Premium,18914.74
9756,Terry Jacobson,terry.jacobson@ecommerce.io,Canada,2022-04-14,Standard,1426.53
9757,Alexandra Woods,alexandra.woods@example.com,Australia,2024-04-17,Standard,3314.80
9758,Robert Sellers,robert.sellers@example.com,Canada,2023-10-11,Premium,39914.41
9759,Anthony Trevino,anthony.trevino@example.com,Australia,2020-12-12,Basic,845.48
9760,Jared King,jared.king@shopmail.com,India,2021-10-03,Standard,3079.11
9761,Kelly Hanson,kelly.hanson@example.com,Australia,2020-07-21,Standard,1538.67
9762,Brady Ramirez,brady.ramirez@shopmail.com,Germany,2022-09-30,Standard,3789.23
9763,Roy Jones,roy.jones@customer.net,Australia,2022-10-24,Basic,996.04
9764,Mark Peterson,mark.peterson@example.com,India,2023-04-24,Premium,9325.01
9765,William Alexander,william.alexander@ecommerce.io,Germany,2023-03-13,Standard,4640.21
9766,Whitney Huff,whitney.huff@example.com,Australia,2021-01-28,Standard,1115.18
9767,Troy Gilbert,troy.gilbert@shopmail.com,UK,2023-03-05,Basic,671.69
9768,Jacob Evans,jacob.evans@ecommerce.io,India,2020-07-17,Basic,644.52
9769,Ian Khan,ian.khan@ecommerce.io,France,2024-03-13,Basic,365.87
9770,Justin Robinson,justin.robinson@shopmail.com,Germany,2022-05-11,Premium,16332.35
9771,Kyle Ingram,kyle.ingram@customer.net,Australia,2021-10-15,Premium,29979.38
9772,Christian Crawford,christian.crawford@example.com,UK,2021-05-02,Basic,595.12
9773,Jeffery Reed,jeffery.reed@customer.net,UK,2022-04-27,Standard,1174.99
9774,Kimberly Flynn,kimberly.flynn@example.com,Canada,2023-04-02,Premium,29468.74
9775,Walter Price,walter.price@example.com,India,2022-12-12,Standard,4073.62
9776,Jonathan Hudson,jonathan.hudson@example.com,Australia,2021-05-21,Standard,1000.20
9777,Wendy Martin,wendy.martin@shopmail.com,Germany,2023-01-06,Standard,1615.11
9778,Morgan Mejia,morgan.mejia@customer.net,Australia,2020-11-24,Basic,807.38
9779,Mike Perez,mike.perez@shopmail.com,USA,2024-03-27,Standard,4994.26
9780,Megan Taylor,megan.taylor@example.com,USA,2024-10-24,Premium,29407.70
9781,Anita Williams,anita.williams@customer.net,France,2024-02-20,Basic,253.05
9782,Haley Thompson,haley.thompson@customer.net,Germany,2023-08-19,Premium,22621.45
9783,Zachary Gross,zachary.gross@ecommerce.io,USA,2021-12-14,Premium,43304.92
9784,Joseph Delgado,joseph.delgado@example.com,Germany,2020-01-06,Standard,4353.56
9785,Tiffany Smith,tiffany.smith@shopmail.com,Germany,2024-02-11,Standard,1536.36
9786,Matthew Mason,matthew.mason@ecommerce.io,India,2024-08-09,Standard,4728.66
9787,Matthew Blackwell,matthew.blackwell@customer.net,UK,2021-11-11,Standard,3151.75
9788,Timothy Acevedo,timothy.acevedo@ecommerce.io,France,2020-12-09,Basic,733.14
9789,Greg Myers,greg.myers@customer.net,Australia,2023-09-03,Standard,2077.32
9790,Joshua Morris,joshua.morris@example.com,USA,2023-06-02,Standard,1563.18
9791,Brittany Smith,brittany.smith@shopmail.com,UK,2022-01-06,Basic,426.92
9792,Lauren Perkins,lauren.perkins@ecommerce.io,Germany,2024-09-27,Standard,4865.45
9793,Jeffrey Ferguson,jeffrey.ferguson@shopmail.com,Canada,2022-03-30,Basic,689.32
9794,Jose Simmons,jose.simmons@example.com,Germany,2020-06-16,Standard,3650.45
9795,Kevin Mathis,kevin.mathis@ecommerce.io,France,2022-09-26,Premium,21455.53
9796,Cynthia Mclaughlin,cynthia.mclaughlin@shopmail.com,France,2022-04-18,Premium,8883.17
9797,Kelly Bryant,kelly.bryant@example.com,India,2024-11-27,Basic,708.86
9798,Stephanie Mills,stephanie.mills@ecommerce.io,USA,2022-05-27,Basic,521.21
9799,Joshua Bryant,joshua.bryant@shopmail.com,Australia,2020-03-27,Standard,1748.41
9800,Randy Brooks,randy.brooks@example.com,Canada,2021-11-03,Standard,4403.24
9801,Amy Hayes,amy.hayes@example.com,India,2020-05-25,Basic,606.18
9802,Denise Chase,denise.chase@example.com,Germany,2023-07-06,Standard,1646.95
9803,Natalie Scott,natalie.scott@ecommerce.io,France,2024-02-21,Standard,2934.58
9804,Robert Mcdonald,robert.mcdonald@example.com,India,2020-03-31,Standard,3305.27
9805,Erin Hughes,erin.hughes@shopmail.com,France,2024-05-16,Premium,28254.21
9806,Jesus Tran,jesus.tran@example.com,Germany,2023-09-07,Standard,1741.60
9807,Lisa Oconnell,lisa.oconnell@example.com,France,2023-07-30,Premium,34790.14
9808,Carlos Hopkins,carlos.hopkins@example.com,USA,2023-03-13,Standard,4613.77
9809,Nicole Miller,nicole.miller@shopmail.com,India,2023-09-08,Standard,3657.54
9810,Nathan Holmes,nathan.holmes@ecommerce.io,Australia,2020-10-27,Standard,3630.38
9811,Chelsea Johnson,chelsea.johnson@ecommerce.io,Canada,2024-08-04,Standard,4618.56
9812,Brian Chavez,brian.chavez@customer.net,France,2020-02-20,Basic,731.98
9813,Sandra Jackson,sandra.jackson@customer.net,India,2023-05-13,Standard,3915.68
9814,Megan Smith,megan.smith@ecommerce.io,Australia,2023-08-30,Premium,30295.67
9815,Zachary Cook,zachary.cook@shopmail.com,Germany,2024-10-21,Premium,11855.54
9816,Heidi Santos,heidi.santos@ecommerce.io,France,2023-08-15,Basic,983.10
9817,Mary Cruz,mary.cruz@customer.net,Australia,2020-03-17,Standard,1018.68
9818,Kelly Young,kelly.young@ecommerce.io,USA,2023-03-17,Basic,723.36
9819,Robert Khan,robert.khan@customer.net,UK,2021-09-23,Standard,3777.64
9820,Arthur Lam,arthur.lam@example.com,France,2022-01-06,Basic,827.94
9821,Jeremy Wright,jeremy.wright@customer.net,UK,2024-09-11,Standard,2149.06
9822,Joseph Coleman,joseph.coleman@ecommerce.io,Germany,2022-03-02,Standard,1971.26
9823,William Lewis,william.lewis@example.com,Australia,2022-12-24,Basic,291.36
9824,Randy Newman,randy.newman@example.com,France,2020-07-12,Standard,4434.62
9825,Elizabeth Johnson,elizabeth.johnson@example.com,Australia,2023-11-15,Standard,4318.09
9826,Richard Haynes,richard.haynes@customer.net,Canada,2023-07-09,Standard,4081.29
9827,Pam Martinez,pam.martinez@example.com,India,2021-06-24,Premium,45021.96
9828,Sarah White,sarah.white@shopmail.com,UK,2021-02-02,Premium,5693.45
9829,Isaac Jenkins,isaac.jenkins@customer.net,Canada,2022-07-24,Basic,324.27
9830,Mia Pruitt,mia.pruitt@customer.net,France,2024-05-05,Basic,687.23
9831,Dawn Parsons,dawn.parsons@customer.net,Germany,2021-12-05,Premium,48089.74
9832,Christina Wise,christina.wise@ecommerce.io,Canada,2020-10-11,Standard,2327.45
9833,Shannon Holland,shannon.holland@ecommerce.io,Germany,2024-11-30,Standard,3162.43
9834,Ryan Robinson,ryan.robinson@customer.net,India,2022-02-26,Premium,17031.80
9835,Kathleen Lowe,kathleen.lowe@customer.net,France,2020-12-09,Basic,692.06
9836,Lindsey Williams,lindsey.williams@customer.net,USA,2021-04-04,Standard,1179.85
9837,Thomas Harris,thomas.harris@ecommerce.io,Canada,2021-06-18,Premium,23234.43
9838,Robert Torres,robert.torres@shopmail.com,UK,2021-08-08,Standard,2778.90
9839,Lisa Horton,lisa.horton@shopmail.com,France,2021-06-27,Standard,3541.74
9840,Heather Oneill,heather.oneill@ecommerce.io,Canada,2022-07-21,Basic,105.45
9841,William Olson,william.olson@ecommerce.io,Canada,2020-03-13,Basic,396.05
9842,Ricardo Harmon,ricardo.harmon@shopmail.com,India,2021-02-05,Basic,534.14
9843,Leslie Gamble,leslie.gamble@ecommerce.io,Australia,2020-08-04,Standard,4411.00
9844,Marcus Johnson,marcus.johnson@customer.net,Australia,2020-09-04,Standard,1791.29
9845,Emily Turner,emily.turner@ecommerce.io,Australia,2023-06-17,Standard,2393.02
9846,Devin Poole,devin.poole@shopmail.com,UK,2023-03-23,Standard,3097.96
9847,Heather Brown,heather.brown@shopmail.com,UK,2024-12-16,Premium,46897.15
9848,Deborah Hoffman,deborah.hoffman@example.com,France,2023-09-29,Premium,32654.50
9849,Kathy Hubbard,kathy.hubbard@customer.net,Australia,2020-06-27,Basic,172.88
9850,Amy Morales,amy.morales@example.com,Australia,2023-11-21,Premium,21984.27
9851,Jennifer Johnson,jennifer.johnson@customer.net,Canada,2024-08-02,Standard,1774.71
9852,Peter Lopez,peter.lopez@ecommerce.io,France,2023-07-01,Premium,48744.13
9853,Bruce Jones,bruce.jones@ecommerce.io,France,2020-11-13,Basic,494.64
9854,Kathryn Lane,kathryn.lane@shopmail.com,Australia,2022-05-01,Basic,616.10
9855,Suzanne Kemp,suzanne.kemp@ecommerce.io,France,2021-02-24,Standard,4877.15
9856,Alexis Lee,alexis.lee@customer.net,Germany,2023-11-28,Standard,4793.98
9857,Lisa Perkins,lisa.perkins@shopmail.com,Australia,2022-11-01,Standard,2671.65
9858,Katie Hicks,katie.hicks@example.com,Australia,2022-12-14,Standard,3661.21
9859,Christina Chambers,christina.chambers@customer.net,Canada,2024-01-29,Basic,384.75
9860,Ashley Herrera,ashley.herrera@ecommerce.io,UK,2020-06-15,Standard,4157.66
9861,Ernest Wilson,ernest.wilson@ecommerce.io,UK,2024-01-26,Standard,1269.38
9862,Eric Park,eric.park@example.com,Australia,2024-06-02,Standard,1110.79
9863,Tammy Hammond,tammy.hammond@example.com,UK,2022-05-09,Standard,1079.35
9864,Kendra Hall,kendra.hall@customer.net,Canada,2020-05-07,Standard,1559.77
9865,Christopher Mclaughlin,christopher.mclaughlin@ecommerce.io,Canada,2023-06-26,Standard,2469.41
9866,Sandra Ferguson,sandra.ferguson@customer.net,Germany,2023-03-19,Basic,388.90
9867,Lynn Parker,lynn.parker@example.com,Australia,2020-12-15,Standard,2663.04
9868,Jose Sullivan,jose.sullivan@example.com,Germany,2022-11-27,Premium,15879.72
9869,Kelly Johnson,kelly.johnson@example.com,India,2022-12-01,Basic,725.43
9870,Jennifer Garza,jennifer.garza@ecommerce.io,USA,2020-12-16,Standard,3946.31
9871,Gloria Ortega,gloria.ortega@ecommerce.io,Canada,2023-04-08,Basic,745.12
9872,Teresa Miller,teresa.miller@ecommerce.io,Australia,2022-11-23,Standard,1223.18
9873,Kellie Rosario,kellie.rosario@ecommerce.io,Canada,2021-10-15,Basic,853.03
9874,Kevin Mayo,kevin.mayo@example.com,India,2022-02-23,Premium,49721.76
9875,Carolyn Smith,carolyn.smith@customer.net,Canada,2024-04-28,Basic,286.90
9876,Justin Hampton,justin.hampton@ecommerce.io,France,2020-09-14,Premium,28144.59
9877,Cheryl Barnes,cheryl.barnes@shopmail.com,Germany,2023-12-06,Standard,1218.84
9878,Anthony James,anthony.james@customer.net,Canada,2023-07-22,Standard,4611.10
9879,Hayden Jensen,hayden.jensen@example.com,USA,2022-02-17,Premium,5129.53
9880,Lori Gonzales,lori.gonzales@customer.net,Germany,2021-04-20,Standard,4321.66
9881,Aaron Green,aaron.green@shopmail.com,Canada,2023-10-24,Standard,2660.47
9882,Catherine Martin,catherine.martin@customer.net,UK,2021-05-18,Premium,37605.25
9883,Yvonne Hall,yvonne.hall@example.com,Australia,2022-04-06,Standard,3553.27
9884,Rita Newton,rita.newton@customer.net,USA,2024-07-20,Standard,1684.22
9885,Joshua Hartman,joshua.hartman@ecommerce.io,Australia,2024-01-18,Premium,44413.37
9886,Lisa Terry,lisa.terry@shopmail.com,Canada,2024-10-15,Standard,4489.95
9887,Kirsten Benson,kirsten.benson@shopmail.com,Australia,2022-02-19,Standard,4691.95
9888,Lynn Jones,lynn.jones@ecommerce.io,Australia,2024-03-04,Standard,4177.14
9889,Jenny Rodriguez,jenny.rodriguez@ecommerce.io,UK,2022-03-06,Standard,1205.17
9890,Thomas Dalton,thomas.dalton@shopmail.com,India,2024-01-19,Basic,992.52
9891,Adam Walters,adam.walters@customer.net,UK,2024-12-01,Standard,1673.83
9892,Stephanie Nelson,stephanie.nelson@ecommerce.io,Australia,2022-01-07,Premium,41124.49
9893,Jeffrey Wilson,jeffrey.wilson@example.com,India,2022-04-10,Basic,905.38
9894,Nicole Rose,nicole.rose@shopmail.com,France,2020-02-04,Basic,103.84
9895,Michelle Blake,michelle.blake@shopmail.com,Germany,2022-01-15,Standard,4382.57
9896,Samantha Garcia,samantha.garcia@ecommerce.io,USA,2022-11-03,Premium,27131.66
9897,Debra King,debra.king@customer.net,France,2024-06-15,Basic,912.32
9898,Kelsey Mccall,kelsey.mccall@shopmail.com,UK,2021-11-15,Basic,429.38
9899,Dominique Valenzuela,dominique.valenzuela@shopmail.com,France,2022-01-29,Standard,3360.26
9900,Destiny Davis,destiny.davis@shopmail.com,France,2021-06-17,Premium,44733.20
9901,Aaron Ayers,aaron.ayers@customer.net,Canada,2022-12-21,Standard,4160.83
9902,Kim Wilson,kim.wilson@example.com,USA,2024-11-25,Standard,2380.94
9903,Brian George,brian.george@shopmail.com,India,2024-11-03,Standard,4363.64
9904,Eric Mccoy,eric.mccoy@example.com,Germany,2023-07-01,Basic,976.23
9905,Brad Hobbs,brad.hobbs@customer.net,Australia,2022-03-06,Basic,100.87
9906,James Palmer,james.palmer@example.com,Canada,2021-05-30,Standard,2823.81
9907,Amber Holmes,amber.holmes@example.com,USA,2022-07-20,Basic,826.57
9908,Rachel Woodward,rachel.woodward@customer.net,Australia,2024-09-13,Premium,22625.53
9909,Cameron Moore,cameron.moore@example.com,Australia,2022-03-25,Basic,390.77
9910,Edward Martin,edward.martin@customer.net,India,2024-06-04,Basic,773.85
9911,Sonya Pierce,sonya.pierce@shopmail.com,UK,2020-12-12,Basic,360.53
9912,Denise Townsend,denise.townsend@shopmail.com,USA,2020-05-05,Premium,22968.34
9913,Marissa Kirby,marissa.kirby@example.com,India,2020-03-17,Standard,4306.46
9914,Mark Potts,mark.potts@customer.net,India,2024-09-28,Basic,190.66
9915,Donna Smith,donna.smith@customer.net,India,2021-05-10,Basic,405.89
9916,Dylan Romero,dylan.romero@example.com,India,2021-09-08,Premium,49192.01
9917,Bethany Morgan,bethany.morgan@example.com,India,2020-11-11,Premium,29641.42
9918,Annette May,annette.may@shopmail.com,UK,2020-11-19,Premium,29919.77
9919,Steven Hill,steven.hill@example.com,Canada,2020-01-05,Standard,3863.09
9920,Charles Fernandez,charles.fernandez@ecommerce.io,Canada,2021-09-02,Premium,11136.41
9921,Rodney Vargas,rodney.vargas@shopmail.com,UK,2021-08-11,Standard,1959.43
9922,Daniel Greene,daniel.greene@shopmail.com,India,2023-12-09,Premium,7507.66
9923,Patricia Garrison,patricia.garrison@shopmail.com,UK,2022-07-05,Premium,28689.19
9924,George Kennedy,george.kennedy@shopmail.com,Canada,2023-09-18,Standard,1943.18
9925,Philip Smith,philip.smith@customer.net,France,2020-07-15,Premium,37136.59
9926,Antonio Anderson,antonio.anderson@shopmail.com,India,2020-11-27,Standard,3416.66
9927,Alvin Weber,alvin.weber@example.com,Australia,2022-09-19,Basic,997.68
9928,Stephen Reid,stephen.reid@ecommerce.io,Australia,2023-11-27,Premium,28375.05
9929,Linda Gamble,linda.gamble@customer.net,India,2022-02-08,Standard,2143.51
9930,Robert Chambers,robert.chambers@customer.net,Germany,2023-04-02,Basic,940.55
9931,Nicole Ramirez,nicole.ramirez@example.com,Canada,2020-01-08,Standard,3207.31
9932,Jeffery Pratt,jeffery.pratt@customer.net,USA,2023-05-08,Premium,7418.92
9933,Patrick Curtis,patrick.curtis@shopmail.com,Germany,2020-04-22,Standard,1515.44
9934,Dawn Cook,dawn.cook@example.com,Australia,2021-11-15,Basic,480.76
9935,Alejandra Nicholson,alejandra.nicholson@shopmail.com,Germany,2020-05-21,Basic,540.89
9936,Todd Smith,todd.smith@shopmail.com,Germany,2021-01-18,Basic,628.93
9937,Gregory Fitzgerald,gregory.fitzgerald@customer.net,Australia,2022-07-11,Standard,4459.83
9938,Kenneth Stanley,kenneth.stanley@shopmail.com,Australia,2021-09-07,Premium,13741.02
9939,Diane Evans,diane.evans@example.com,Canada,2022-06-04,Standard,1664.71
9940,Diane Brooks,diane.brooks@shopmail.com,UK,2022-12-21,Premium,43436.50
9941,Ricky Smith,ricky.smith@example.com,UK,2022-10-21,Premium,47246.48
9942,Christopher Howe,christopher.howe@shopmail.com,UK,2021-11-22,Standard,3405.55
9943,Summer Ellis,summer.ellis@shopmail.com,Germany,2023-10-27,Premium,6233.29
9944,John White,john.white@ecommerce.io,India,2024-10-09,Standard,1169.47
9945,Regina Hudson,regina.hudson@example.com,Canada,2021-09-04,Basic,166.97
9946,Richard Velasquez,richard.velasquez@shopmail.com,UK,2023-04-23,Standard,4949.39
9947,Janet Wright,janet.wright@ecommerce.io,Germany,2022-06-25,Standard,3701.40
9948,Nicholas Juarez,nicholas.juarez@shopmail.com,France,2023-12-17,Standard,1906.78
9949,Aaron Hull,aaron.hull@ecommerce.io,USA,2021-07-26,Basic,473.48
9950,Kelly Bennett,kelly.bennett@shopmail.com,UK,2023-08-09,Premium,47950.49
9951,Dean Hubbard,dean.hubbard@ecommerce.io,UK,2024-10-25,Standard,2368.02
9952,Hannah Williams,hannah.williams@shopmail.com,UK,2024-01-05,Basic,570.06
9953,Michael Hale,michael.hale@ecommerce.io,India,2023-07-02,Standard,1318.75
9954,Roger Mason,roger.mason@example.com,Canada,2021-05-11,Basic,786.20
9955,Christian Patel,christian.patel@ecommerce.io,Canada,2023-02-23,Standard,2928.87
9956,Scott Richardson,scott.richardson@example.com,France,2023-12-03,Standard,4965.20
9957,Shelly Frazier,shelly.frazier@customer.net,UK,2021-04-05,Standard,1727.62
9958,Tara Russo,tara.russo@shopmail.com,USA,2020-01-12,Standard,2928.22
9959,Margaret Nelson,margaret.nelson@example.com,France,2022-06-11,Standard,3412.02
9960,Natalie Hicks,natalie.hicks@ecommerce.io,Germany,2023-10-27,Standard,2825.52
9961,Dylan Bell,dylan.bell@ecommerce.io,UK,2024-03-01,Standard,3479.09
9962,Jennifer Hayes,jennifer.hayes@shopmail.com,Australia,2022-01-21,Standard,4816.56
9963,Tyrone Holmes,tyrone.holmes@ecommerce.io,USA,2023-02-12,Standard,3552.10
9964,Joshua Joseph,joshua.joseph@shopmail.com,Australia,2024-09-13,Standard,1557.60
9965,Robert Duarte,robert.duarte@example.com,Australia,2020-12-19,Basic,399.65
9966,Susan Hall,susan.hall@ecommerce.io,India,2024-06-30,Premium,33581.30
9967,Benjamin Powell,benjamin.powell@example.com,India,2020-08-14,Basic,771.40
9968,Steven Rowe,steven.rowe@ecommerce.io,Canada,2024-02-22,Premium,23471.59
9969,Tara Russell,tara.russell@example.com,UK,2022-05-15,Standard,3638.85
9970,Brenda Anderson,brenda.anderson@example.com,India,2023-08-18,Standard,4734.38
9971,Bonnie Bradley,bonnie.bradley@example.com,Australia,2021-10-03,Basic,611.58
9972,Todd Pruitt,todd.pruitt@example.com,UK,2021-02-14,Standard,2697.18
9973,Paige Stein,paige.stein@ecommerce.io,India,2024-04-17,Standard,2299.64
9974,Dennis Williams,dennis.williams@shopmail.com,USA,2022-05-30,Premium,19407.54
9975,Jonathan Jacobs,jonathan.jacobs@shopmail.com,UK,2022-04-15,Basic,670.53
9976,Paul Martin,paul.martin@shopmail.com,Canada,2024-11-13,Standard,1234.63
9977,Robert Harvey,robert.harvey@shopmail.com,Germany,2020-05-25,Standard,2380.92
9978,Alex Butler,alex.butler@ecommerce.io,UK,2024-06-15,Basic,207.79
9979,Charles Chavez,charles.chavez@ecommerce.io,Australia,2024-09-23,Standard,4743.52
9980,Sarah Silva,sarah.silva@example.com,France,2024-02-18,Standard,2460.63
9981,Gregory Stafford,gregory.stafford@example.com,Australia,2021-01-16,Basic,247.18
9982,Nicholas Galloway,nicholas.galloway@customer.net,Canada,2023-04-16,Standard,2776.86
9983,Regina Gould,regina.gould@customer.net,USA,2022-06-09,Standard,2753.27
9984,Diane Moore,diane.moore@customer.net,Canada,2021-07-31,Standard,1653.30
9985,Robin Morrison,robin.morrison@shopmail.com,USA,2022-08-13,Standard,4930.66
9986,Stephanie Kelley,stephanie.kelley@customer.net,France,2020-06-11,Basic,761.09
9987,Jason Walton,jason.walton@example.com,USA,2020-10-03,Basic,364.89
9988,Jessica Grimes,jessica.grimes@ecommerce.io,France,2024-04-28,Basic,108.34
9989,Ricardo Robertson,ricardo.robertson@ecommerce.io,UK,2020-08-02,Standard,1449.88
9990,Jennifer Hayes,jennifer.hayes@ecommerce.io,Australia,2023-04-15,Standard,3611.65
9991,Jacob Hendricks,jacob.hendricks@ecommerce.io,France,2020-05-22,Premium,42198.17
9992,Ryan Turner,ryan.turner@example.com,Germany,2020-12-13,Standard,3794.53
9993,John Fox,john.fox@ecommerce.io,France,2020-12-20,Standard,4996.77
9994,Brandon Meza,brandon.meza@shopmail.com,USA,2023-12-31,Standard,4830.47
9995,Lindsey Woodard,lindsey.woodard@ecommerce.io,USA,2020-09-23,Standard,1293.54
9996,Lisa Davis,lisa.davis@ecommerce.io,Australia,2021-02-27,Standard,1300.16
9997,James Rice,james.rice@ecommerce.io,India,2020-01-20,Basic,295.32
9998,Jake Duran,jake.duran@customer.net,France,2021-10-10,Standard,1155.59
9999,Christopher Ritter,christopher.ritter@customer.net,Germany,2024-07-16,Standard,2430.89
10000,Richard Johnson,richard.johnson@example.com,Canada,2022-12-05,Premium,15257.49
